Shipment ID,Load ID,Date,Month,Year,Carrier Name,Mode of Transport,Product Type,Origin Country,Origin Region,Origin State,Origin City,Origin Zipcode,Origin Area,Destination Country,Destination Region,Destination State,Destination City,Destination Zipcode,Destination Area,Distance_km,Total_Weight_in_Shipment_kg,Transit Time (Days),Operational Status,Shipment Cost (USD),Shipment Planned,Equipment,Equipment Weight Capacity (KG),Equipment_VolumeCapacity_m3,Total Volume in Shipment_m3,Tendered Status,Estimated Delivery Date,Actual_Delivery_Date,Delays,On-Time / Delayed / In-Transit,Shipment Order Type
SHP-00001,LD-00001,2024-11-10,November,2024,Blue Dart,Road,Food & Beverages,India,East,West Bengal,Kolkata,000000,Kolkata,India,South,Karnataka,Bangalore,560001,Bangalore,1847,267.0,2,Delivered,5594.38,2024-11-10,20ft Container,18000,28.0,0.2882,Accepted,2024-11-12,2024-11-12,0,On-Time,Inbound
SHP-00002,LD-00002,2024-12-17,December,2024,Ekart Logistics,Road,Personal Care,India,West,Maharashtra,Pune,000000,Pune,India,South,Karnataka,Bangalore,560001,Bangalore,978,527.0,3,Delivered,1869.1,2024-12-17,MCV,8000,18.0,0.6122,Accepted,2024-12-20,2024-12-20,0,On-Time,Inbound
SHP-00003,LD-00003,2024-12-07,December,2024,Blue Dart,Road,Food & Beverages,India,East,West Bengal,Kolkata,000000,Kolkata,India,West,Maharashtra,Mumbai,400001,Mumbai,2040,743.7,2,Delivered,6595.94,2024-12-07,MCV,8000,18.0,0.9551,Accepted,2024-12-09,2024-12-09,0,On-Time,Inbound
SHP-00004,LD-00004,2024-10-20,October,2024,Ekart Logistics,Road,Household,India,West,Maharashtra,Mumbai,000000,Mumbai,India,South,Karnataka,Bangalore,560001,Bangalore,947,2618.2,2,Delivered,1848.59,2024-10-20,32ft Container,25000,38.0,3.0745,Accepted,2024-10-22,2024-10-22,0,On-Time,Inbound
SHP-00005,LD-00005,2024-11-30,November,2024,DTDC,Road,Personal Care,India,North,Delhi,Delhi,000000,Delhi,India,West,Maharashtra,Mumbai,400001,Mumbai,1424,435.2,2,Delivered,3057.27,2024-11-30,32ft Container,25000,38.0,0.6137,Accepted,2024-12-02,2024-12-02,0,On-Time,Inbound
SHP-00006,LD-00006,2024-09-15,September,2024,DTDC,Road,Personal Care,India,West,Maharashtra,Pune,000000,Pune,India,South,Karnataka,Bangalore,560001,Bangalore,1026,349.1,4,Delivered,2173.54,2024-09-15,Reefer 20ft,15000,26.0,0.3966,Accepted,2024-09-19,2024-09-19,0,On-Time,Inbound
SHP-00007,LD-00007,2024-11-07,November,2024,Delhivery,Road,Personal Care,India,West,Maharashtra,Mumbai,000000,Mumbai,India,West,Maharashtra,Mumbai,400001,Mumbai,45,276.2,2,Delivered,116.85,2024-11-07,32ft Container,25000,38.0,0.2712,Accepted,2024-11-09,2024-11-09,0,On-Time,Inbound
SHP-00008,LD-00008,2024-12-18,December,2024,Delhivery,Road,Personal Care,India,North,Delhi,Delhi,000000,Delhi,India,North,Delhi,Delhi,110001,Delhi,67,348.4,1,Delivered,181.89,2024-12-18,20ft Container,18000,28.0,0.485,Accepted,2024-12-19,2024-12-19,0,On-Time,Inbound
SHP-00009,LD-00009,2024-09-29,September,2024,DTDC,Road,Food & Beverages,India,North,Uttar Pradesh,Ghaziabad,000000,Ghaziabad,India,South,Karnataka,Bangalore,560001,Bangalore,2113,503.0,2,Delivered,4993.08,2024-09-29,Reefer 20ft,15000,26.0,0.6067,Accepted,2024-10-01,2024-10-01,0,On-Time,Inbound
SHP-00010,LD-00010,2024-12-05,December,2024,Delhivery,Road,Household,India,West,Maharashtra,Pune,000000,Pune,India,South,Karnataka,Bangalore,560001,Bangalore,937,4689.4,2,Delivered,2247.09,2024-12-05,MCV,8000,18.0,5.4546,Accepted,2024-12-07,2024-12-07,0,On-Time,Inbound
SHP-00011,LD-00011,2024-11-01,November,2024,Blue Dart,Road,Personal Care,India,West,Maharashtra,Pune,000000,Pune,India,West,Maharashtra,Mumbai,400001,Mumbai,50,264.4,2,Delivered,149.28,2024-11-01,MCV,8000,18.0,0.3382,Accepted,2024-11-03,2024-11-03,0,On-Time,Inbound
SHP-00012,LD-00012,2025-01-17,January,2025,Delhivery,Road,Personal Care,India,East,West Bengal,Kolkata,000000,Kolkata,India,South,Karnataka,Bangalore,560001,Bangalore,1876,373.3,2,Delivered,5267.43,2025-01-17,LCV,3500,9.0,0.5114,Accepted,2025-01-19,2025-01-19,0,On-Time,Inbound
SHP-00013,LD-00013,2024-11-26,November,2024,Blue Dart,Road,Personal Care,India,West,Maharashtra,Pune,000000,Pune,India,North,Delhi,Delhi,110001,Delhi,1407,641.8,1,Delivered,4115.97,2024-11-26,20ft Container,18000,28.0,0.8565,Accepted,2024-11-27,2024-11-27,0,On-Time,Inbound
SHP-00014,LD-00014,2025-01-17,January,2025,Delhivery,Road,Household,India,West,Maharashtra,Mumbai,000000,Mumbai,India,South,Karnataka,Bangalore,560001,Bangalore,947,2701.7,2,Delivered,2540.49,2025-01-17,20ft Container,18000,28.0,3.2206,Accepted,2025-01-19,2025-01-23,4,Delayed,Inbound
SHP-00015,LD-00015,2025-02-15,February,2025,Blue Dart,Road,Food & Beverages,India,West,Maharashtra,Mumbai,000000,Mumbai,India,West,Maharashtra,Mumbai,400001,Mumbai,34,687.1,2,Delivered,101.91,2025-02-15,32ft Container,25000,38.0,0.8539,Accepted,2025-02-17,2025-02-17,0,On-Time,Inbound
SHP-00016,LD-00016,2024-09-26,September,2024,Ekart Logistics,Road,Personal Care,India,West,Maharashtra,Mumbai,000000,Mumbai,India,North,Delhi,Delhi,110001,Delhi,1426,270.6,3,Delivered,2688.72,2024-09-26,MCV,8000,18.0,0.337,Accepted,2024-09-29,2024-09-30,1,Delayed,Inbound
SHP-00017,LD-00017,2024-09-01,September,2024,Gati Kinetic,Road,Personal Care,India,North,Delhi,Delhi,000000,Delhi,India,North,Delhi,Delhi,110001,Delhi,-1,801.0,3,Delivered,-2.25,2024-09-01,MCV,8000,18.0,1.0233,Accepted,2024-09-04,2024-09-04,0,On-Time,Inbound
SHP-00018,LD-00018,2024-09-15,September,2024,DTDC,Road,Food & Beverages,India,West,Maharashtra,Mumbai,000000,Mumbai,India,North,Delhi,Delhi,110001,Delhi,1375,4880.1,2,Delivered,3237.56,2024-09-15,Reefer 20ft,15000,26.0,5.5793,Rejected,2024-09-17,2024-09-17,0,On-Time,Inbound
SHP-00019,LD-00019,2024-10-01,October,2024,Gati Kinetic,Road,Personal Care,India,West,Maharashtra,Pune,000000,Pune,India,North,Delhi,Delhi,110001,Delhi,1391,311.8,2,Delivered,3451.72,2024-10-01,LCV,3500,9.0,0.3099,Accepted,2024-10-03,2024-10-03,0,On-Time,Inbound
SHP-00020,LD-00020,2025-02-13,February,2025,Delhivery,Road,Household,India,East,West Bengal,Kolkata,000000,Kolkata,India,West,Maharashtra,Mumbai,400001,Mumbai,2042,1158.2,3,Delivered,4856.07,2025-02-13,Reefer 20ft,15000,26.0,1.4793,Accepted,2025-02-16,2025-02-16,0,On-Time,Inbound
SHP-00021,LD-00021,2024-09-18,September,2024,DTDC,Road,Personal Care,India,North,Delhi,Delhi,000000,Delhi,India,West,Maharashtra,Mumbai,400001,Mumbai,1366,372.7,2,Delivered,3106.09,2024-09-18,Reefer 20ft,15000,26.0,0.5153,Accepted,2024-09-20,2024-09-20,0,On-Time,Inbound
SHP-00022,LD-00022,2024-11-07,November,2024,Delhivery,Road,Food & Beverages,India,East,West Bengal,Kolkata,000000,Kolkata,India,South,Karnataka,Bangalore,560001,Bangalore,1846,354.3,2,Delivered,4979.58,2024-11-07,LCV,3500,9.0,0.4187,Accepted,2024-11-09,2024-11-09,0,On-Time,Inbound
SHP-00023,LD-00023,2024-09-14,September,2024,DTDC,Road,Household,India,West,Maharashtra,Mumbai,000000,Mumbai,India,South,Karnataka,Bangalore,560001,Bangalore,1005,1656.9,2,Delivered,2301.95,2024-09-14,MCV,8000,18.0,1.9147,Accepted,2024-09-16,2024-09-16,0,On-Time,Inbound
SHP-00024,LD-00024,2025-01-18,January,2025,Delhivery,Road,Food & Beverages,India,East,West Bengal,Kolkata,000000,Kolkata,India,North,Delhi,Delhi,110001,Delhi,1485,349.6,2,Delivered,4169.05,2025-01-18,LCV,3500,9.0,0.384,Accepted,2025-01-20,2025-01-20,0,On-Time,Inbound
SHP-00025,LD-00025,2025-01-22,January,2025,DTDC,Road,Food & Beverages,India,East,West Bengal,Kolkata,000000,Kolkata,India,North,Delhi,Delhi,110001,Delhi,1532,1772.3,2,Delivered,3050.07,2025-01-22,32ft Container,25000,38.0,2.1497,Accepted,2025-01-24,2025-01-24,0,On-Time,Inbound
SHP-00026,LD-00026,2024-11-08,November,2024,Delhivery,Road,Household,India,East,West Bengal,Kolkata,000000,Kolkata,India,West,Maharashtra,Mumbai,400001,Mumbai,2088,2273.3,2,Delivered,5265.57,2024-11-08,32ft Container,25000,38.0,2.7723,Accepted,2024-11-10,2024-11-10,0,On-Time,Inbound
SHP-00027,LD-00027,2025-02-16,February,2025,Blue Dart,Road,Food & Beverages,India,West,Maharashtra,Pune,000000,Pune,India,North,Delhi,Delhi,110001,Delhi,1407,1363.0,1,Delivered,4897.92,2025-02-16,Reefer 20ft,15000,26.0,1.6942,Accepted,2025-02-17,2025-02-20,3,Delayed,Inbound
SHP-00028,LD-00028,2024-11-07,November,2024,Ekart Logistics,Road,Food & Beverages,India,North,Delhi,Delhi,000000,Delhi,India,West,Maharashtra,Mumbai,400001,Mumbai,1379,1566.4,4,Delivered,2694.67,2024-11-07,Reefer 20ft,15000,26.0,1.8494,Accepted,2024-11-11,2024-11-11,0,On-Time,Inbound
SHP-00029,LD-00029,2024-09-01,September,2024,Gati Kinetic,Road,Food & Beverages,India,West,Maharashtra,Mumbai,000000,Mumbai,India,West,Maharashtra,Mumbai,400001,Mumbai,59,932.8,3,Delivered,136.33,2024-09-01,LCV,3500,9.0,1.2109,Accepted,2024-09-04,2024-09-06,2,Delayed,Inbound
SHP-00030,LD-00030,2024-11-19,November,2024,Ekart Logistics,Road,Personal Care,India,North,Uttar Pradesh,Ghaziabad,000000,Ghaziabad,India,South,Karnataka,Bangalore,560001,Bangalore,2186,364.2,2,Delivered,4588.97,2024-11-19,MCV,8000,18.0,0.4681,Accepted,2024-11-21,2024-11-21,0,On-Time,Inbound
SHP-00031,LD-00031,2025-01-19,January,2025,Gati Kinetic,Road,Personal Care,India,North,Uttar Pradesh,Ghaziabad,000000,Ghaziabad,India,South,Karnataka,Bangalore,560001,Bangalore,2165,453.8,2,Delivered,5168.14,2025-01-19,32ft Container,25000,38.0,0.6124,Accepted,2025-01-21,2025-01-21,0,On-Time,Inbound
SHP-00032,LD-00032,2024-11-12,November,2024,Blue Dart,Road,Personal Care,India,North,Delhi,Delhi,000000,Delhi,India,South,Karnataka,Bangalore,560001,Bangalore,2128,141.2,2,Delivered,7227.11,2024-11-12,LCV,3500,9.0,0.1603,Accepted,2024-11-14,2024-11-14,0,On-Time,Inbound
SHP-00033,LD-00033,2025-02-04,February,2025,Gati Kinetic,Road,Food & Beverages,India,West,Maharashtra,Pune,000000,Pune,India,North,Delhi,Delhi,110001,Delhi,1383,1363.0,3,Delivered,3422.8,2025-02-04,32ft Container,25000,38.0,1.5031,Rejected,2025-02-07,2025-02-07,0,On-Time,Inbound
SHP-00034,LD-00034,2024-10-16,October,2024,Delhivery,Road,Personal Care,India,East,West Bengal,Kolkata,000000,Kolkata,India,North,Delhi,Delhi,110001,Delhi,1497,522.9,2,Delivered,4126.83,2024-10-16,MCV,8000,18.0,0.6939,Accepted,2024-10-18,2024-10-18,0,On-Time,Inbound
SHP-00035,LD-00035,2025-02-04,February,2025,Gati Kinetic,Road,Personal Care,India,West,Maharashtra,Mumbai,000000,Mumbai,India,South,Karnataka,Bangalore,560001,Bangalore,1031,322.7,3,Delivered,2349.31,2025-02-04,LCV,3500,9.0,0.3666,Accepted,2025-02-07,2025-02-11,4,Delayed,Inbound
SHP-00036,LD-00036,2024-11-10,November,2024,Delhivery,Road,Household,India,West,Maharashtra,Mumbai,000000,Mumbai,India,South,Karnataka,Bangalore,560001,Bangalore,952,1115.4,2,Delivered,2302.35,2024-11-10,20ft Container,18000,28.0,1.4143,Accepted,2024-11-12,2024-11-12,0,On-Time,Inbound
SHP-00037,LD-00037,2024-12-16,December,2024,Blue Dart,Road,Personal Care,India,West,Maharashtra,Pune,000000,Pune,India,North,Delhi,Delhi,110001,Delhi,1462,207.5,1,Delivered,4749.22,2024-12-16,20ft Container,18000,28.0,0.2011,Accepted,2024-12-17,2024-12-17,0,On-Time,Inbound
SHP-00038,LD-00038,2024-12-17,December,2024,Gati Kinetic,Road,Personal Care,India,North,Uttar Pradesh,Ghaziabad,000000,Ghaziabad,India,West,Maharashtra,Mumbai,400001,Mumbai,1420,417.8,2,Delivered,3398.21,2024-12-17,LCV,3500,9.0,0.43,Accepted,2024-12-19,2024-12-19,0,On-Time,Inbound
SHP-00039,LD-00039,2024-12-29,December,2024,Delhivery,Road,Household,India,East,West Bengal,Kolkata,000000,Kolkata,India,South,Karnataka,Bangalore,560001,Bangalore,1837,2478.8,3,Delivered,5126.63,2024-12-29,MCV,8000,18.0,2.857,Accepted,2025-01-01,2025-01-01,0,On-Time,Inbound
SHP-00040,LD-00040,2024-10-25,October,2024,DTDC,Road,Personal Care,India,East,West Bengal,Kolkata,000000,Kolkata,India,West,Maharashtra,Mumbai,400001,Mumbai,2062,572.6,2,Delivered,4840.26,2024-10-25,MCV,8000,18.0,0.714,Accepted,2024-10-27,2024-10-27,0,On-Time,Inbound
SHP-00041,LD-00041,2024-10-28,October,2024,DTDC,Road,Household,India,West,Maharashtra,Mumbai,000000,Mumbai,India,South,Karnataka,Bangalore,560001,Bangalore,951,942.9,3,Delivered,2081.14,2024-10-28,32ft Container,25000,38.0,1.1077,Accepted,2024-10-31,2024-10-31,0,On-Time,Inbound
SHP-00042,LD-00042,2024-12-04,December,2024,DTDC,Road,Food & Beverages,India,West,Maharashtra,Mumbai,000000,Mumbai,India,North,Delhi,Delhi,110001,Delhi,1378,1044.3,2,Delivered,3079.31,2024-12-04,LCV,3500,9.0,1.3795,Accepted,2024-12-06,2024-12-06,0,On-Time,Inbound
SHP-00043,LD-00043,2024-10-21,October,2024,Gati Kinetic,Road,Household,India,East,West Bengal,Kolkata,000000,Kolkata,India,South,Karnataka,Bangalore,560001,Bangalore,1892,2959.7,2,Delivered,4797.48,2024-10-21,20ft Container,18000,28.0,3.4659,Accepted,2024-10-23,2024-10-23,0,On-Time,Inbound
SHP-00044,LD-00044,2025-01-08,January,2025,Blue Dart,Road,Personal Care,India,West,Maharashtra,Mumbai,000000,Mumbai,India,West,Maharashtra,Mumbai,400001,Mumbai,61,376.4,1,Delivered,210.49,2025-01-08,LCV,3500,9.0,0.3743,Accepted,2025-01-09,2025-01-09,0,On-Time,Inbound
SHP-00045,LD-00045,2025-01-12,January,2025,Delhivery,Road,Food & Beverages,India,East,West Bengal,Kolkata,000000,Kolkata,India,North,Delhi,Delhi,110001,Delhi,1511,3382.7,1,Delivered,4188.46,2025-01-12,LCV,3500,9.0,3.9676,Accepted,2025-01-13,2025-01-13,0,On-Time,Inbound
SHP-00046,LD-00046,2025-01-24,January,2025,Gati Kinetic,Road,Personal Care,India,West,Maharashtra,Pune,000000,Pune,India,West,Maharashtra,Mumbai,400001,Mumbai,25,313.6,1,Delivered,63.57,2025-01-24,32ft Container,25000,38.0,0.352,Accepted,2025-01-25,2025-01-25,0,On-Time,Inbound
SHP-00047,LD-00047,2024-09-03,September,2024,Ekart Logistics,Road,Household,India,North,Uttar Pradesh,Ghaziabad,000000,Ghaziabad,India,South,Karnataka,Bangalore,560001,Bangalore,2157,2468.2,4,Delivered,4566.74,2024-09-03,MCV,8000,18.0,2.9488,Accepted,2024-09-07,2024-09-07,0,On-Time,Inbound
SHP-00048,LD-00048,2024-11-18,November,2024,Delhivery,Road,Food & Beverages,India,East,West Bengal,Kolkata,000000,Kolkata,India,North,Delhi,Delhi,110001,Delhi,1522,886.8,2,Delivered,3839.92,2024-11-18,Reefer 20ft,15000,26.0,1.0807,Accepted,2024-11-20,2024-11-20,0,On-Time,Inbound
SHP-00049,LD-00049,2024-10-01,October,2024,Delhivery,Road,Food & Beverages,India,North,Uttar Pradesh,Ghaziabad,000000,Ghaziabad,India,West,Maharashtra,Mumbai,400001,Mumbai,1462,526.7,2,Delivered,3819.93,2024-10-01,Reefer 20ft,15000,26.0,0.5658,Accepted,2024-10-03,2024-10-05,2,Delayed,Inbound
SHP-00050,LD-00050,2024-10-29,October,2024,DTDC,Road,Personal Care,India,West,Maharashtra,Pune,000000,Pune,India,North,Delhi,Delhi,110001,Delhi,1435,560.1,3,Delivered,3025.76,2024-10-29,20ft Container,18000,28.0,0.7405,Accepted,2024-11-01,2024-11-01,0,On-Time,Inbound
SHP-00051,LD-00051,2024-09-04,September,2024,Blue Dart,Road,Personal Care,India,West,Maharashtra,Mumbai,000000,Mumbai,India,South,Karnataka,Bangalore,560001,Bangalore,986,299.4,1,Delivered,3149.99,2024-09-04,20ft Container,18000,28.0,0.3577,Accepted,2024-09-05,2024-09-05,0,On-Time,Inbound
SHP-00052,LD-00052,2024-10-09,October,2024,Delhivery,Road,Household,India,West,Maharashtra,Mumbai,000000,Mumbai,India,South,Karnataka,Bangalore,560001,Bangalore,1014,666.9,2,Delivered,2491.76,2024-10-09,Reefer 20ft,15000,26.0,0.7889,Accepted,2024-10-11,2024-10-12,1,Delayed,Inbound
SHP-00053,LD-00053,2025-01-29,January,2025,DTDC,Road,Household,India,West,Maharashtra,Mumbai,000000,Mumbai,India,West,Maharashtra,Mumbai,400001,Mumbai,0,2215.0,2,Delivered,0.0,2025-01-29,20ft Container,18000,28.0,2.5632,Accepted,2025-01-31,2025-02-01,1,Delayed,Inbound
SHP-00054,LD-00054,2024-12-25,December,2024,Gati Kinetic,Road,Personal Care,India,West,Maharashtra,Mumbai,000000,Mumbai,India,North,Delhi,Delhi,110001,Delhi,1374,263.9,2,Delivered,3421.18,2024-12-25,MCV,8000,18.0,0.3297,Accepted,2024-12-27,2024-12-27,0,On-Time,Inbound
SHP-00055,LD-00055,2024-09-30,September,2024,Gati Kinetic,Road,Personal Care,India,West,Maharashtra,Pune,000000,Pune,India,South,Karnataka,Bangalore,560001,Bangalore,971,46.7,1,Delivered,2302.04,2024-09-30,Reefer 20ft,15000,26.0,0.0632,Accepted,2024-10-01,2024-10-01,0,On-Time,Inbound
SHP-00056,LD-00056,2025-01-07,January,2025,DTDC,Road,Personal Care,India,East,West Bengal,Kolkata,000000,Kolkata,India,West,Maharashtra,Mumbai,400001,Mumbai,2062,87.6,1,Delivered,4106.23,2025-01-07,Reefer 20ft,15000,26.0,0.115,Accepted,2025-01-08,2025-01-08,0,On-Time,Inbound
SHP-00057,LD-00057,2025-01-26,January,2025,DTDC,Road,Food & Beverages,India,West,Maharashtra,Mumbai,000000,Mumbai,India,South,Karnataka,Bangalore,560001,Bangalore,946,1861.3,2,Delivered,2068.72,2025-01-26,MCV,8000,18.0,2.3267,Accepted,2025-01-28,2025-01-28,0,On-Time,Inbound
SHP-00058,LD-00058,2024-11-24,November,2024,Delhivery,Road,Household,India,East,West Bengal,Kolkata,000000,Kolkata,India,West,Maharashtra,Mumbai,400001,Mumbai,2041,2314.4,1,Delivered,5109.74,2024-11-24,MCV,8000,18.0,2.6653,Accepted,2024-11-25,2024-11-25,0,On-Time,Inbound
SHP-00059,LD-00059,2024-12-28,December,2024,Ekart Logistics,Road,Food & Beverages,India,West,Maharashtra,Mumbai,000000,Mumbai,India,West,Maharashtra,Mumbai,400001,Mumbai,-4,1247.1,3,Delivered,-8.68,2024-12-28,Reefer 20ft,15000,26.0,1.3939,Accepted,2024-12-31,2024-12-31,0,On-Time,Inbound
SHP-00060,LD-00060,2024-09-08,September,2024,Blue Dart,Road,Personal Care,India,West,Maharashtra,Mumbai,000000,Mumbai,India,South,Karnataka,Bangalore,560001,Bangalore,946,231.3,2,Delivered,2860.52,2024-09-08,MCV,8000,18.0,0.2991,Accepted,2024-09-10,2024-09-10,0,On-Time,Inbound
SHP-00061,LD-00061,2025-02-13,February,2025,Blue Dart,Road,Household,India,West,Maharashtra,Mumbai,000000,Mumbai,India,North,Delhi,Delhi,110001,Delhi,1423,2712.9,1,Delivered,4600.29,2025-02-13,32ft Container,25000,38.0,3.3013,Accepted,2025-02-14,2025-02-14,0,On-Time,Inbound
SHP-00062,LD-00062,2024-11-10,November,2024,Blue Dart,Road,Personal Care,India,North,Delhi,Delhi,000000,Delhi,India,South,Karnataka,Bangalore,560001,Bangalore,2192,635.0,2,Delivered,6731.8,2024-11-10,LCV,3500,9.0,0.7484,Accepted,2024-11-12,2024-11-12,0,On-Time,Inbound
SHP-00063,LD-00063,2024-12-24,December,2024,Delhivery,Road,Food & Beverages,India,West,Maharashtra,Mumbai,000000,Mumbai,India,South,Karnataka,Bangalore,560001,Bangalore,1008,2672.2,1,Delivered,2559.46,2024-12-24,32ft Container,25000,38.0,3.2411,Accepted,2024-12-25,2024-12-25,0,On-Time,Inbound
SHP-00064,LD-00064,2024-12-31,December,2024,DTDC,Road,Household,India,West,Maharashtra,Mumbai,000000,Mumbai,India,West,Maharashtra,Mumbai,400001,Mumbai,43,1925.5,3,Delivered,103.39,2024-12-31,32ft Container,25000,38.0,2.2158,Accepted,2025-01-03,2025-01-03,0,On-Time,Inbound
SHP-00065,LD-00065,2024-12-22,December,2024,Blue Dart,Road,Household,India,West,Maharashtra,Mumbai,000000,Mumbai,India,South,Karnataka,Bangalore,560001,Bangalore,978,1451.1,2,Delivered,3206.75,2024-12-22,LCV,3500,9.0,1.622,Accepted,2024-12-24,2024-12-24,0,On-Time,Inbound
SHP-00066,LD-00066,2024-12-07,December,2024,Ekart Logistics,Road,Household,India,West,Maharashtra,Mumbai,000000,Mumbai,India,North,Delhi,Delhi,110001,Delhi,1395,4352.8,3,Delivered,2863.19,2024-12-07,20ft Container,18000,28.0,4.8021,Accepted,2024-12-10,2024-12-10,0,On-Time,Inbound
SHP-00067,LD-00067,2024-09-26,September,2024,Gati Kinetic,Road,Household,India,East,West Bengal,Kolkata,000000,Kolkata,India,North,Delhi,Delhi,110001,Delhi,1525,148.3,2,Delivered,3568.38,2024-09-26,LCV,3500,9.0,0.1867,Accepted,2024-09-28,2024-09-28,0,On-Time,Inbound
SHP-00068,LD-00068,2024-10-17,October,2024,Ekart Logistics,Road,Household,India,East,West Bengal,Kolkata,000000,Kolkata,India,South,Karnataka,Bangalore,560001,Bangalore,1838,895.3,2,Delivered,3479.1,2024-10-17,Reefer 20ft,15000,26.0,1.0533,Accepted,2024-10-19,2024-10-19,0,On-Time,Inbound
SHP-00069,LD-00069,2024-12-29,December,2024,Blue Dart,Road,Food & Beverages,India,North,Uttar Pradesh,Ghaziabad,000000,Ghaziabad,India,West,Maharashtra,Mumbai,400001,Mumbai,1423,1237.3,1,Delivered,4868.08,2024-12-29,LCV,3500,9.0,1.6146,Accepted,2024-12-30,2024-12-30,0,On-Time,Inbound
SHP-00070,LD-00070,2024-10-31,October,2024,Blue Dart,Road,Household,India,West,Maharashtra,Mumbai,000000,Mumbai,India,West,Maharashtra,Mumbai,400001,Mumbai,15,959.1,1,Delivered,43.28,2024-10-31,MCV,8000,18.0,1.197,Accepted,2024-11-01,2024-11-01,0,On-Time,Inbound
SHP-00071,LD-00071,2025-01-06,January,2025,Ekart Logistics,Road,Personal Care,India,West,Maharashtra,Mumbai,000000,Mumbai,India,South,Karnataka,Bangalore,560001,Bangalore,1021,250.6,4,Delivered,2146.38,2025-01-06,LCV,3500,9.0,0.2677,Accepted,2025-01-10,2025-01-10,0,On-Time,Inbound
SHP-00072,LD-00072,2025-02-08,February,2025,Blue Dart,Road,Food & Beverages,India,North,Delhi,Delhi,000000,Delhi,India,South,Karnataka,Bangalore,560001,Bangalore,2137,810.4,1,Delivered,6601.41,2025-02-08,20ft Container,18000,28.0,0.9872,Accepted,2025-02-09,2025-02-09,0,On-Time,Inbound
SHP-00073,LD-00073,2024-12-03,December,2024,Ekart Logistics,Road,Food & Beverages,India,North,Delhi,Delhi,000000,Delhi,India,North,Delhi,Delhi,110001,Delhi,-6,1738.0,4,Delivered,-11.92,2024-12-03,LCV,3500,9.0,1.9749,Rejected,2024-12-07,2024-12-07,0,On-Time,Inbound
SHP-00074,LD-00074,2024-12-03,December,2024,Ekart Logistics,Road,Household,India,East,West Bengal,Kolkata,000000,Kolkata,India,North,Delhi,Delhi,110001,Delhi,1554,3122.9,2,Delivered,3034.05,2024-12-03,LCV,3500,9.0,3.8428,Accepted,2024-12-05,2024-12-05,0,On-Time,Inbound
SHP-00075,LD-00075,2024-12-30,December,2024,Delhivery,Road,Food & Beverages,India,East,West Bengal,Kolkata,000000,Kolkata,India,West,Maharashtra,Mumbai,400001,Mumbai,2113,366.8,2,Delivered,5393.04,2024-12-30,LCV,3500,9.0,0.4262,Accepted,2025-01-01,2025-01-03,2,Delayed,Inbound
SHP-00076,LD-00076,2024-09-30,September,2024,Gati Kinetic,Road,Food & Beverages,India,North,Uttar Pradesh,Ghaziabad,000000,Ghaziabad,India,North,Delhi,Delhi,110001,Delhi,33,495.2,2,Delivered,80.58,2024-09-30,Reefer 20ft,15000,26.0,0.6072,Accepted,2024-10-02,2024-10-02,0,On-Time,Inbound
SHP-00077,LD-00077,2025-02-05,February,2025,Gati Kinetic,Road,Household,India,East,West Bengal,Kolkata,000000,Kolkata,India,West,Maharashtra,Mumbai,400001,Mumbai,2099,2886.3,3,Delivered,5442.32,2025-02-05,LCV,3500,9.0,3.6807,Accepted,2025-02-08,2025-02-08,0,On-Time,Inbound
SHP-00078,LD-00078,2024-10-19,October,2024,DTDC,Road,Personal Care,India,East,West Bengal,Kolkata,000000,Kolkata,India,North,Delhi,Delhi,110001,Delhi,1486,226.8,3,Delivered,3456.72,2024-10-19,20ft Container,18000,28.0,0.3157,Accepted,2024-10-22,2024-10-22,0,On-Time,Inbound
SHP-00079,LD-00079,2025-01-20,January,2025,Blue Dart,Road,Food & Beverages,India,West,Maharashtra,Pune,000000,Pune,India,North,Delhi,Delhi,110001,Delhi,1381,943.8,2,Delivered,4454.74,2025-01-20,32ft Container,25000,38.0,1.0349,Accepted,2025-01-22,2025-01-22,0,On-Time,Inbound
SHP-00080,LD-00080,2024-09-04,September,2024,Delhivery,Road,Household,India,West,Maharashtra,Mumbai,000000,Mumbai,India,North,Delhi,Delhi,110001,Delhi,1459,1478.2,3,Delivered,3733.43,2024-09-04,32ft Container,25000,38.0,1.8541,Accepted,2024-09-07,2024-09-07,0,On-Time,Inbound
SHP-00081,LD-00081,2024-12-02,December,2024,Gati Kinetic,Road,Food & Beverages,India,West,Maharashtra,Mumbai,000000,Mumbai,India,North,Delhi,Delhi,110001,Delhi,1423,1220.5,3,Delivered,3513.11,2024-12-02,LCV,3500,9.0,1.4661,Rejected,2024-12-05,2024-12-06,1,Delayed,Inbound
SHP-00082,LD-00082,2024-09-28,September,2024,Gati Kinetic,Road,Personal Care,India,East,West Bengal,Kolkata,000000,Kolkata,India,West,Maharashtra,Mumbai,400001,Mumbai,2065,215.1,3,Delivered,5079.22,2024-09-28,32ft Container,25000,38.0,0.2465,Accepted,2024-10-01,2024-10-02,1,Delayed,Inbound
SHP-00083,LD-00083,2025-01-31,January,2025,Gati Kinetic,Road,Personal Care,India,West,Maharashtra,Mumbai,000000,Mumbai,India,South,Karnataka,Bangalore,560001,Bangalore,1027,202.2,1,Delivered,2644.97,2025-01-31,Reefer 20ft,15000,26.0,0.2643,Accepted,2025-02-01,2025-02-01,0,On-Time,Inbound
SHP-00084,LD-00084,2024-12-26,December,2024,DTDC,Road,Personal Care,India,East,West Bengal,Kolkata,000000,Kolkata,India,North,Delhi,Delhi,110001,Delhi,1567,368.9,3,Delivered,3739.04,2024-12-26,32ft Container,25000,38.0,0.4191,Rejected,2024-12-29,2024-12-29,0,On-Time,Inbound
SHP-00085,LD-00085,2024-09-25,September,2024,Gati Kinetic,Road,Food & Beverages,India,East,West Bengal,Kolkata,000000,Kolkata,India,North,Delhi,Delhi,110001,Delhi,1565,928.9,2,Delivered,4087.38,2024-09-25,LCV,3500,9.0,1.0392,Accepted,2024-09-27,2024-09-27,0,On-Time,Inbound
SHP-00086,LD-00086,2025-02-01,February,2025,DTDC,Road,Personal Care,India,West,Maharashtra,Mumbai,000000,Mumbai,India,South,Karnataka,Bangalore,560001,Bangalore,979,337.2,3,Delivered,2302.57,2025-02-01,20ft Container,18000,28.0,0.4437,Accepted,2025-02-04,2025-02-04,0,On-Time,Inbound
SHP-00087,LD-00087,2025-01-22,January,2025,Gati Kinetic,Road,Personal Care,India,West,Maharashtra,Pune,000000,Pune,India,West,Maharashtra,Mumbai,400001,Mumbai,14,479.4,2,Delivered,34.96,2025-01-22,32ft Container,25000,38.0,0.6044,Accepted,2025-01-24,2025-01-24,0,On-Time,Inbound
SHP-00088,LD-00088,2024-10-17,October,2024,Blue Dart,Road,Household,India,West,Maharashtra,Mumbai,000000,Mumbai,India,West,Maharashtra,Mumbai,400001,Mumbai,-9,395.7,1,Delivered,-30.22,2024-10-17,20ft Container,18000,28.0,0.4852,Accepted,2024-10-18,2024-10-18,0,On-Time,Inbound
SHP-00089,LD-00089,2024-10-11,October,2024,DTDC,Road,Personal Care,India,West,Maharashtra,Mumbai,000000,Mumbai,India,West,Maharashtra,Mumbai,400001,Mumbai,66,44.5,2,Delivered,133.05,2024-10-11,20ft Container,18000,28.0,0.063,Accepted,2024-10-13,2024-10-13,0,On-Time,Inbound
SHP-00090,LD-00090,2024-12-23,December,2024,Ekart Logistics,Road,Personal Care,India,West,Maharashtra,Mumbai,000000,Mumbai,India,West,Maharashtra,Mumbai,400001,Mumbai,42,234.5,2,Delivered,84.45,2024-12-23,Reefer 20ft,15000,26.0,0.2913,Accepted,2024-12-25,2024-12-25,0,On-Time,Inbound
SHP-00091,LD-00091,2024-09-15,September,2024,Ekart Logistics,Road,Household,India,East,West Bengal,Kolkata,000000,Kolkata,India,North,Delhi,Delhi,110001,Delhi,1502,1946.0,3,Delivered,2781.21,2024-09-15,MCV,8000,18.0,2.259,Accepted,2024-09-18,2024-09-18,0,On-Time,Inbound
SHP-00092,LD-00092,2024-12-11,December,2024,Blue Dart,Road,Personal Care,India,West,Maharashtra,Mumbai,000000,Mumbai,India,North,Delhi,Delhi,110001,Delhi,1419,297.3,2,Delivered,4607.46,2024-12-11,Reefer 20ft,15000,26.0,0.3547,Accepted,2024-12-13,2024-12-13,0,On-Time,Inbound
SHP-00093,LD-00093,2024-12-13,December,2024,Blue Dart,Road,Personal Care,India,North,Uttar Pradesh,Ghaziabad,000000,Ghaziabad,India,West,Maharashtra,Mumbai,400001,Mumbai,1420,406.0,2,Delivered,4624.77,2024-12-13,32ft Container,25000,38.0,0.584,Accepted,2024-12-15,2024-12-15,0,On-Time,Inbound
SHP-00094,LD-00094,2024-10-27,October,2024,DTDC,Road,Personal Care,India,North,Uttar Pradesh,Ghaziabad,000000,Ghaziabad,India,West,Maharashtra,Mumbai,400001,Mumbai,1409,791.0,4,Delivered,3240.77,2024-10-27,LCV,3500,9.0,1.0482,Accepted,2024-10-31,2024-10-31,0,On-Time,Inbound
SHP-00095,LD-00095,2024-10-08,October,2024,Blue Dart,Road,Personal Care,India,West,Maharashtra,Pune,000000,Pune,India,North,Delhi,Delhi,110001,Delhi,1461,88.1,2,Delivered,4734.8,2024-10-08,MCV,8000,18.0,0.1138,Accepted,2024-10-10,2024-10-10,0,On-Time,Inbound
SHP-00096,LD-00096,2024-10-09,October,2024,DTDC,Road,Food & Beverages,India,West,Maharashtra,Mumbai,000000,Mumbai,India,South,Karnataka,Bangalore,560001,Bangalore,999,928.7,3,Delivered,2010.63,2024-10-09,LCV,3500,9.0,1.0757,Accepted,2024-10-12,2024-10-12,0,On-Time,Inbound
SHP-00097,LD-00097,2024-11-13,November,2024,DTDC,Road,Personal Care,India,West,Maharashtra,Mumbai,000000,Mumbai,India,North,Delhi,Delhi,110001,Delhi,1422,540.8,3,Delivered,3384.33,2024-11-13,20ft Container,18000,28.0,0.6947,Accepted,2024-11-16,2024-11-16,0,On-Time,Inbound
SHP-00098,LD-00098,2024-12-31,December,2024,Ekart Logistics,Road,Food & Beverages,India,West,Maharashtra,Mumbai,000000,Mumbai,India,North,Delhi,Delhi,110001,Delhi,1429,1934.2,2,Delivered,2941.53,2024-12-31,20ft Container,18000,28.0,2.1971,Rejected,2025-01-02,2025-01-06,4,Delayed,Inbound
SHP-00099,LD-00099,2025-01-13,January,2025,Gati Kinetic,Road,Personal Care,India,West,Maharashtra,Mumbai,000000,Mumbai,India,South,Karnataka,Bangalore,560001,Bangalore,943,351.4,3,Delivered,2186.11,2025-01-13,LCV,3500,9.0,0.3607,Accepted,2025-01-16,2025-01-16,0,On-Time,Inbound
SHP-00100,LD-00100,2025-02-16,February,2025,DTDC,Road,Personal Care,India,North,Uttar Pradesh,Ghaziabad,000000,Ghaziabad,India,West,Maharashtra,Mumbai,400001,Mumbai,1448,212.4,3,Delivered,3312.06,2025-02-16,LCV,3500,9.0,0.2902,Accepted,2025-02-19,2025-02-22,3,Delayed,Inbound
SHP-00101,LD-00101,2025-01-22,January,2025,DTDC,Road,Food & Beverages,India,East,West Bengal,Kolkata,000000,Kolkata,India,South,Karnataka,Bangalore,560001,Bangalore,1902,2517.4,3,Delivered,4327.05,2025-01-22,20ft Container,18000,28.0,3.0322,Accepted,2025-01-25,2025-01-25,0,On-Time,Inbound
SHP-00102,LD-00102,2024-10-17,October,2024,DTDC,Road,Food & Beverages,India,West,Maharashtra,Mumbai,000000,Mumbai,India,North,Delhi,Delhi,110001,Delhi,1465,556.9,1,Delivered,2965.9,2024-10-17,LCV,3500,9.0,0.5761,Accepted,2024-10-18,2024-10-22,4,Delayed,Inbound
SHP-00103,LD-00103,2025-02-06,February,2025,DTDC,Road,Household,India,West,Maharashtra,Mumbai,000000,Mumbai,India,South,Karnataka,Bangalore,560001,Bangalore,940,5336.5,2,Delivered,2031.13,2025-02-06,MCV,8000,18.0,6.004,Accepted,2025-02-08,2025-02-08,0,On-Time,Inbound
SHP-00104,LD-00104,2024-11-12,November,2024,Ekart Logistics,Road,Household,India,West,Maharashtra,Mumbai,000000,Mumbai,India,North,Delhi,Delhi,110001,Delhi,1389,1888.9,3,Delivered,2704.57,2024-11-12,MCV,8000,18.0,2.4358,Accepted,2024-11-15,2024-11-15,0,On-Time,Inbound
SHP-00105,LD-00105,2024-12-07,December,2024,DTDC,Road,Personal Care,India,West,Maharashtra,Mumbai,000000,Mumbai,India,West,Maharashtra,Mumbai,400001,Mumbai,27,150.3,2,Delivered,60.05,2024-12-07,MCV,8000,18.0,0.1845,Accepted,2024-12-09,2024-12-09,0,On-Time,Inbound
SHP-00106,LD-00106,2024-09-22,September,2024,DTDC,Road,Personal Care,India,East,West Bengal,Kolkata,000000,Kolkata,India,South,Karnataka,Bangalore,560001,Bangalore,1877,724.1,3,Delivered,4447.06,2024-09-22,32ft Container,25000,38.0,0.8702,Accepted,2024-09-25,2024-09-25,0,On-Time,Inbound
SHP-00107,LD-00107,2025-01-07,January,2025,Gati Kinetic,Road,Personal Care,India,West,Maharashtra,Mumbai,000000,Mumbai,India,West,Maharashtra,Mumbai,400001,Mumbai,-3,145.5,2,Delivered,-6.54,2025-01-07,32ft Container,25000,38.0,0.1632,Accepted,2025-01-09,2025-01-09,0,On-Time,Inbound
SHP-00108,LD-00108,2024-12-24,December,2024,Gati Kinetic,Road,Household,India,North,Delhi,Delhi,000000,Delhi,India,West,Maharashtra,Mumbai,400001,Mumbai,1432,1656.2,2,Delivered,3384.05,2024-12-24,Reefer 20ft,15000,26.0,1.9324,Accepted,2024-12-26,2024-12-27,1,Delayed,Inbound
SHP-00109,LD-00109,2024-09-13,September,2024,Blue Dart,Road,Food & Beverages,India,North,Uttar Pradesh,Ghaziabad,000000,Ghaziabad,India,North,Delhi,Delhi,110001,Delhi,53,1728.8,1,Delivered,160.85,2024-09-13,Reefer 20ft,15000,26.0,1.9786,Accepted,2024-09-14,2024-09-14,0,On-Time,Inbound
SHP-00110,LD-00110,2024-11-30,November,2024,Ekart Logistics,Road,Household,India,West,Maharashtra,Mumbai,000000,Mumbai,India,West,Maharashtra,Mumbai,400001,Mumbai,47,3306.7,2,Delivered,94.83,2024-11-30,20ft Container,18000,28.0,4.2703,Accepted,2024-12-02,2024-12-02,0,On-Time,Inbound
SHP-00111,LD-00111,2024-12-30,December,2024,Gati Kinetic,Road,Food & Beverages,India,West,Maharashtra,Mumbai,000000,Mumbai,India,South,Karnataka,Bangalore,560001,Bangalore,1033,1562.0,2,Delivered,2519.81,2024-12-30,20ft Container,18000,28.0,1.9437,Accepted,2025-01-01,2025-01-01,0,On-Time,Inbound
SHP-00112,LD-00112,2025-01-18,January,2025,DTDC,Road,Food & Beverages,India,West,Maharashtra,Mumbai,000000,Mumbai,India,North,Delhi,Delhi,110001,Delhi,1445,2559.4,3,Delivered,2976.99,2025-01-18,MCV,8000,18.0,3.1982,Accepted,2025-01-21,2025-01-21,0,On-Time,Inbound
SHP-00113,LD-00113,2024-11-15,November,2024,Blue Dart,Road,Household,India,West,Maharashtra,Mumbai,000000,Mumbai,India,South,Karnataka,Bangalore,560001,Bangalore,967,745.3,2,Delivered,2807.62,2024-11-15,MCV,8000,18.0,0.9062,Accepted,2024-11-17,2024-11-17,0,On-Time,Inbound
SHP-00114,LD-00114,2025-02-15,February,2025,Blue Dart,Road,Food & Beverages,India,West,Maharashtra,Mumbai,000000,Mumbai,India,West,Maharashtra,Mumbai,400001,Mumbai,23,1022.9,1,Delivered,80.57,2025-02-15,MCV,8000,18.0,1.2327,Accepted,2025-02-16,2025-02-16,0,On-Time,Inbound
SHP-00115,LD-00115,2024-11-08,November,2024,Ekart Logistics,Road,Food & Beverages,India,West,Maharashtra,Mumbai,000000,Mumbai,India,West,Maharashtra,Mumbai,400001,Mumbai,21,800.2,3,Delivered,43.35,2024-11-08,20ft Container,18000,28.0,0.95,Accepted,2024-11-11,2024-11-11,0,On-Time,Inbound
SHP-00116,LD-00116,2024-12-23,December,2024,Delhivery,Road,Household,India,East,West Bengal,Kolkata,000000,Kolkata,India,South,Karnataka,Bangalore,560001,Bangalore,1829,839.3,2,Delivered,4918.21,2024-12-23,20ft Container,18000,28.0,1.0076,Accepted,2024-12-25,2024-12-25,0,On-Time,Inbound
SHP-00117,LD-00117,2024-10-07,October,2024,Blue Dart,Road,Household,India,North,Delhi,Delhi,000000,Delhi,India,South,Karnataka,Bangalore,560001,Bangalore,2104,2730.1,1,Delivered,6874.32,2024-10-07,Reefer 20ft,15000,26.0,3.1847,Accepted,2024-10-08,2024-10-08,0,On-Time,Inbound
SHP-00118,LD-00118,2024-09-20,September,2024,Gati Kinetic,Road,Household,India,West,Maharashtra,Mumbai,000000,Mumbai,India,West,Maharashtra,Mumbai,400001,Mumbai,-17,1026.7,2,Delivered,-42.72,2024-09-20,20ft Container,18000,28.0,1.1506,Accepted,2024-09-22,2024-09-22,0,On-Time,Inbound
SHP-00119,LD-00119,2024-11-06,November,2024,DTDC,Road,Household,India,East,West Bengal,Kolkata,000000,Kolkata,India,West,Maharashtra,Mumbai,400001,Mumbai,2052,2344.1,3,Delivered,4874.36,2024-11-06,MCV,8000,18.0,3.0263,Accepted,2024-11-09,2024-11-09,0,On-Time,Inbound
SHP-00120,LD-00120,2024-09-17,September,2024,DTDC,Road,Household,India,West,Maharashtra,Mumbai,000000,Mumbai,India,North,Delhi,Delhi,110001,Delhi,1411,1125.9,3,Delivered,3109.64,2024-09-17,32ft Container,25000,38.0,1.3886,Accepted,2024-09-20,2024-09-20,0,On-Time,Inbound
SHP-00121,LD-00121,2025-01-05,January,2025,Delhivery,Road,Food & Beverages,India,North,Delhi,Delhi,000000,Delhi,India,North,Delhi,Delhi,110001,Delhi,30,329.1,1,Delivered,85.79,2025-01-05,LCV,3500,9.0,0.3566,Accepted,2025-01-06,2025-01-06,0,On-Time,Inbound
SHP-00122,LD-00122,2025-01-26,January,2025,Gati Kinetic,Road,Food & Beverages,India,East,West Bengal,Kolkata,000000,Kolkata,India,South,Karnataka,Bangalore,560001,Bangalore,1901,3524.4,2,Delivered,4642.5,2025-01-26,Reefer 20ft,15000,26.0,4.0898,Accepted,2025-01-28,2025-01-29,1,Delayed,Inbound
SHP-00123,LD-00123,2024-09-15,September,2024,Ekart Logistics,Road,Food & Beverages,India,East,West Bengal,Kolkata,000000,Kolkata,India,North,Delhi,Delhi,110001,Delhi,1516,4016.6,2,Delivered,3241.77,2024-09-15,Reefer 20ft,15000,26.0,5.1778,Accepted,2024-09-17,2024-09-17,0,On-Time,Inbound
SHP-00124,LD-00124,2025-02-08,February,2025,Delhivery,Road,Personal Care,India,North,Uttar Pradesh,Ghaziabad,000000,Ghaziabad,India,South,Karnataka,Bangalore,560001,Bangalore,2121,804.0,2,Delivered,5689.67,2025-02-08,32ft Container,25000,38.0,1.1051,Accepted,2025-02-10,2025-02-10,0,On-Time,Inbound
SHP-00125,LD-00125,2024-09-11,September,2024,Ekart Logistics,Road,Household,India,West,Maharashtra,Mumbai,000000,Mumbai,India,South,Karnataka,Bangalore,560001,Bangalore,1014,1355.8,3,Delivered,2084.37,2024-09-11,MCV,8000,18.0,1.676,Accepted,2024-09-14,2024-09-14,0,On-Time,Inbound
SHP-00126,LD-00126,2025-01-02,January,2025,DTDC,Road,Household,India,North,Uttar Pradesh,Ghaziabad,000000,Ghaziabad,India,South,Karnataka,Bangalore,560001,Bangalore,2156,966.3,2,Delivered,4663.16,2025-01-02,32ft Container,25000,38.0,1.154,Accepted,2025-01-04,2025-01-04,0,On-Time,Inbound
SHP-00127,LD-00127,2024-11-21,November,2024,DTDC,Road,Personal Care,India,North,Delhi,Delhi,000000,Delhi,India,West,Maharashtra,Mumbai,400001,Mumbai,1399,713.3,2,Delivered,3046.77,2024-11-21,20ft Container,18000,28.0,0.9206,Accepted,2024-11-23,2024-11-23,0,On-Time,Inbound
SHP-00128,LD-00128,2025-02-05,February,2025,Gati Kinetic,Road,Food & Beverages,India,North,Uttar Pradesh,Ghaziabad,000000,Ghaziabad,India,North,Delhi,Delhi,110001,Delhi,77,1270.8,3,Delivered,172.21,2025-02-05,32ft Container,25000,38.0,1.5117,Accepted,2025-02-08,2025-02-10,2,Delayed,Inbound
SHP-00129,LD-00129,2025-01-06,January,2025,DTDC,Road,Household,India,West,Maharashtra,Mumbai,000000,Mumbai,India,West,Maharashtra,Mumbai,400001,Mumbai,63,1584.7,3,Delivered,143.38,2025-01-06,Reefer 20ft,15000,26.0,1.9841,Accepted,2025-01-09,2025-01-11,2,Delayed,Inbound
SHP-00130,LD-00130,2024-10-05,October,2024,Gati Kinetic,Road,Household,India,East,West Bengal,Kolkata,000000,Kolkata,India,North,Delhi,Delhi,110001,Delhi,1551,3539.4,2,Delivered,3495.08,2024-10-05,Reefer 20ft,15000,26.0,4.2622,Accepted,2024-10-07,2024-10-07,0,On-Time,Inbound
SHP-00131,LD-00131,2024-12-25,December,2024,Ekart Logistics,Road,Food & Beverages,India,East,West Bengal,Kolkata,000000,Kolkata,India,North,Delhi,Delhi,110001,Delhi,1551,485.0,2,Delivered,3374.32,2024-12-25,LCV,3500,9.0,0.5497,Accepted,2024-12-27,2024-12-27,0,On-Time,Inbound
SHP-00132,LD-00132,2024-09-11,September,2024,Ekart Logistics,Road,Personal Care,India,East,West Bengal,Kolkata,000000,Kolkata,India,North,Delhi,Delhi,110001,Delhi,1545,644.4,4,Delivered,2867.38,2024-09-11,Reefer 20ft,15000,26.0,0.7352,Accepted,2024-09-15,2024-09-15,0,On-Time,Inbound
SHP-00133,LD-00133,2025-02-05,February,2025,Gati Kinetic,Road,Food & Beverages,India,North,Delhi,Delhi,000000,Delhi,India,West,Maharashtra,Mumbai,400001,Mumbai,1412,859.7,2,Delivered,3274.42,2025-02-05,20ft Container,18000,28.0,0.9431,Accepted,2025-02-07,2025-02-07,0,On-Time,Inbound
SHP-00134,LD-00134,2025-01-31,January,2025,Blue Dart,Road,Food & Beverages,India,North,Uttar Pradesh,Ghaziabad,000000,Ghaziabad,India,West,Maharashtra,Mumbai,400001,Mumbai,1464,199.9,2,Delivered,5004.46,2025-01-31,Reefer 20ft,15000,26.0,0.236,Accepted,2025-02-02,2025-02-04,2,Delayed,Inbound
SHP-00135,LD-00135,2025-01-25,January,2025,Blue Dart,Road,Personal Care,India,West,Maharashtra,Pune,000000,Pune,India,South,Karnataka,Bangalore,560001,Bangalore,995,313.2,2,Delivered,3421.41,2025-01-25,Reefer 20ft,15000,26.0,0.3229,Accepted,2025-01-27,2025-01-27,0,On-Time,Inbound
SHP-00136,LD-00136,2024-10-24,October,2024,Ekart Logistics,Road,Personal Care,India,North,Delhi,Delhi,000000,Delhi,India,North,Delhi,Delhi,110001,Delhi,23,524.1,3,Delivered,46.43,2024-10-24,Reefer 20ft,15000,26.0,0.6575,Accepted,2024-10-27,2024-10-31,4,Delayed,Inbound
SHP-00137,LD-00137,2025-01-02,January,2025,Ekart Logistics,Road,Household,India,North,Uttar Pradesh,Ghaziabad,000000,Ghaziabad,India,South,Karnataka,Bangalore,560001,Bangalore,2140,2825.2,3,Delivered,4262.71,2025-01-02,MCV,8000,18.0,3.3854,Accepted,2025-01-05,2025-01-08,3,Delayed,Inbound
SHP-00138,LD-00138,2024-10-02,October,2024,DTDC,Road,Personal Care,India,North,Uttar Pradesh,Ghaziabad,000000,Ghaziabad,India,South,Karnataka,Bangalore,560001,Bangalore,2137,624.1,3,Delivered,4270.81,2024-10-02,32ft Container,25000,38.0,0.7377,Accepted,2024-10-05,2024-10-05,0,On-Time,Inbound
SHP-00139,LD-00139,2025-02-15,February,2025,Gati Kinetic,Road,Food & Beverages,India,West,Maharashtra,Mumbai,000000,Mumbai,India,North,Delhi,Delhi,110001,Delhi,1459,3443.8,2,Delivered,3562.41,2025-02-15,Reefer 20ft,15000,26.0,3.906,Accepted,2025-02-17,2025-02-17,0,On-Time,Inbound
SHP-00140,LD-00140,2024-09-14,September,2024,Delhivery,Road,Household,India,West,Maharashtra,Pune,000000,Pune,India,South,Karnataka,Bangalore,560001,Bangalore,955,1649.4,2,Delivered,2436.77,2024-09-14,Reefer 20ft,15000,26.0,1.8735,Accepted,2024-09-16,2024-09-16,0,On-Time,Inbound
SHP-00141,LD-00141,2024-11-13,November,2024,Delhivery,Road,Household,India,West,Maharashtra,Mumbai,000000,Mumbai,India,West,Maharashtra,Mumbai,400001,Mumbai,2,1219.3,1,Delivered,5.11,2024-11-13,20ft Container,18000,28.0,1.5181,Accepted,2024-11-14,2024-11-14,0,On-Time,Inbound
SHP-00142,LD-00142,2024-10-18,October,2024,Gati Kinetic,Road,Personal Care,India,East,West Bengal,Kolkata,000000,Kolkata,India,North,Delhi,Delhi,110001,Delhi,1522,157.5,1,Delivered,3495.41,2024-10-18,20ft Container,18000,28.0,0.1945,Accepted,2024-10-19,2024-10-22,3,Delayed,Inbound
SHP-00143,LD-00143,2025-01-08,January,2025,Delhivery,Road,Food & Beverages,India,West,Maharashtra,Mumbai,000000,Mumbai,India,South,Karnataka,Bangalore,560001,Bangalore,972,4469.8,2,Delivered,2561.46,2025-01-08,LCV,3500,9.0,5.3247,Accepted,2025-01-10,2025-01-10,0,On-Time,Inbound
SHP-00144,LD-00144,2025-01-10,January,2025,Gati Kinetic,Road,Food & Beverages,India,East,West Bengal,Kolkata,000000,Kolkata,India,North,Delhi,Delhi,110001,Delhi,1480,605.8,2,Delivered,3382.06,2025-01-10,32ft Container,25000,38.0,0.692,Accepted,2025-01-12,2025-01-12,0,On-Time,Inbound
SHP-00145,LD-00145,2025-01-28,January,2025,DTDC,Road,Personal Care,India,West,Maharashtra,Mumbai,000000,Mumbai,India,West,Maharashtra,Mumbai,400001,Mumbai,67,602.9,3,Delivered,147.47,2025-01-28,MCV,8000,18.0,0.7684,Accepted,2025-01-31,2025-01-31,0,On-Time,Inbound
SHP-00146,LD-00146,2025-02-11,February,2025,Blue Dart,Road,Household,India,North,Uttar Pradesh,Ghaziabad,000000,Ghaziabad,India,South,Karnataka,Bangalore,560001,Bangalore,2195,1016.5,2,Delivered,7710.72,2025-02-11,MCV,8000,18.0,1.1639,Accepted,2025-02-13,2025-02-13,0,On-Time,Inbound
SHP-00147,LD-00147,2025-02-18,February,2025,Ekart Logistics,Road,Personal Care,India,West,Maharashtra,Mumbai,000000,Mumbai,India,South,Karnataka,Bangalore,560001,Bangalore,944,103.0,3,Delivered,2045.55,2025-02-18,LCV,3500,9.0,0.1104,Accepted,2025-02-21,2025-02-21,0,On-Time,Inbound
SHP-00148,LD-00148,2025-01-16,January,2025,Ekart Logistics,Road,Personal Care,India,West,Maharashtra,Pune,000000,Pune,India,South,Karnataka,Bangalore,560001,Bangalore,997,583.9,2,Delivered,1830.87,2025-01-16,Reefer 20ft,15000,26.0,0.75,Accepted,2025-01-18,2025-01-18,0,On-Time,Inbound
SHP-00149,LD-00149,2025-01-10,January,2025,Delhivery,Road,Household,India,West,Maharashtra,Mumbai,000000,Mumbai,India,North,Delhi,Delhi,110001,Delhi,1460,960.4,1,Delivered,3581.83,2025-01-10,20ft Container,18000,28.0,1.1478,Rejected,2025-01-11,2025-01-11,0,On-Time,Inbound
SHP-00150,LD-00150,2025-01-17,January,2025,Blue Dart,Road,Food & Beverages,India,West,Maharashtra,Mumbai,000000,Mumbai,India,West,Maharashtra,Mumbai,400001,Mumbai,78,2778.5,1,Delivered,256.66,2025-01-17,32ft Container,25000,38.0,3.4661,Accepted,2025-01-18,2025-01-18,0,On-Time,Inbound
SHP-00151,LD-00151,2024-12-24,December,2024,Gati Kinetic,Road,Household,India,West,Maharashtra,Mumbai,000000,Mumbai,India,West,Maharashtra,Mumbai,400001,Mumbai,-5,4397.4,3,Delivered,-11.23,2024-12-24,LCV,3500,9.0,5.2561,Accepted,2024-12-27,2024-12-27,0,On-Time,Inbound
SHP-00152,LD-00152,2024-09-01,September,2024,Delhivery,Road,Household,India,North,Delhi,Delhi,000000,Delhi,India,South,Karnataka,Bangalore,560001,Bangalore,2131,3694.7,2,Delivered,5496.97,2024-09-01,32ft Container,25000,38.0,4.3611,Accepted,2024-09-03,2024-09-07,4,Delayed,Inbound
SHP-00153,LD-00153,2025-02-17,February,2025,Blue Dart,Road,Food & Beverages,India,East,West Bengal,Kolkata,000000,Kolkata,India,North,Delhi,Delhi,110001,Delhi,1566,258.8,2,Delivered,5214.94,2025-02-17,Reefer 20ft,15000,26.0,0.2892,Rejected,2025-02-19,2025-02-19,0,On-Time,Inbound
SHP-00154,LD-00154,2024-12-22,December,2024,Gati Kinetic,Road,Household,India,West,Maharashtra,Mumbai,000000,Mumbai,India,South,Karnataka,Bangalore,560001,Bangalore,964,1538.7,1,Delivered,2459.72,2024-12-22,LCV,3500,9.0,1.9687,Accepted,2024-12-23,2024-12-23,0,On-Time,Inbound
SHP-00155,LD-00155,2024-11-17,November,2024,Delhivery,Road,Household,India,West,Maharashtra,Mumbai,000000,Mumbai,India,West,Maharashtra,Mumbai,400001,Mumbai,60,814.6,3,Delivered,161.58,2024-11-17,32ft Container,25000,38.0,0.9809,Accepted,2024-11-20,2024-11-20,0,On-Time,Inbound
SHP-00156,LD-00156,2025-01-13,January,2025,Gati Kinetic,Road,Food & Beverages,India,West,Maharashtra,Mumbai,000000,Mumbai,India,North,Delhi,Delhi,110001,Delhi,1395,402.0,2,Delivered,3581.92,2025-01-13,MCV,8000,18.0,0.5008,Accepted,2025-01-15,2025-01-15,0,On-Time,Inbound
SHP-00157,LD-00157,2024-09-15,September,2024,Gati Kinetic,Road,Household,India,North,Delhi,Delhi,000000,Delhi,India,South,Karnataka,Bangalore,560001,Bangalore,2147,1050.9,3,Delivered,4732.81,2024-09-15,MCV,8000,18.0,1.3187,Accepted,2024-09-18,2024-09-18,0,On-Time,Inbound
SHP-00158,LD-00158,2024-12-06,December,2024,DTDC,Road,Household,India,West,Maharashtra,Mumbai,000000,Mumbai,India,North,Delhi,Delhi,110001,Delhi,1392,304.3,2,Delivered,3049.78,2024-12-06,Reefer 20ft,15000,26.0,0.3939,Accepted,2024-12-08,2024-12-08,0,On-Time,Inbound
SHP-00159,LD-00159,2024-10-25,October,2024,Blue Dart,Road,Food & Beverages,India,North,Uttar Pradesh,Ghaziabad,000000,Ghaziabad,India,West,Maharashtra,Mumbai,400001,Mumbai,1395,1774.0,2,Delivered,4510.5,2024-10-25,MCV,8000,18.0,2.1305,Accepted,2024-10-27,2024-10-31,4,Delayed,Inbound
SHP-00160,LD-00160,2025-02-14,February,2025,Ekart Logistics,Road,Personal Care,India,West,Maharashtra,Mumbai,000000,Mumbai,India,West,Maharashtra,Mumbai,400001,Mumbai,77,667.6,3,Delivered,164.46,2025-02-14,MCV,8000,18.0,0.8784,Accepted,2025-02-17,2025-02-17,0,On-Time,Inbound
SHP-00161,LD-00161,2024-09-12,September,2024,Gati Kinetic,Road,Food & Beverages,India,West,Maharashtra,Mumbai,000000,Mumbai,India,West,Maharashtra,Mumbai,400001,Mumbai,5,3517.6,2,Delivered,11.59,2024-09-12,32ft Container,25000,38.0,4.1535,Accepted,2024-09-14,2024-09-14,0,On-Time,Inbound
SHP-00162,LD-00162,2025-02-15,February,2025,Ekart Logistics,Road,Food & Beverages,India,West,Maharashtra,Mumbai,000000,Mumbai,India,North,Delhi,Delhi,110001,Delhi,1423,1758.4,3,Delivered,2657.16,2025-02-15,MCV,8000,18.0,2.0689,Accepted,2025-02-18,2025-02-18,0,On-Time,Inbound
SHP-00163,LD-00163,2025-01-04,January,2025,Ekart Logistics,Road,Food & Beverages,India,North,Delhi,Delhi,000000,Delhi,India,North,Delhi,Delhi,110001,Delhi,77,2592.3,4,Delivered,138.8,2025-01-04,20ft Container,18000,28.0,3.3924,Accepted,2025-01-08,2025-01-09,1,Delayed,Inbound
SHP-00164,LD-00164,2024-10-09,October,2024,Blue Dart,Road,Food & Beverages,India,West,Maharashtra,Pune,000000,Pune,India,South,Karnataka,Bangalore,560001,Bangalore,996,294.1,1,Delivered,3288.73,2024-10-09,Reefer 20ft,15000,26.0,0.3612,Rejected,2024-10-10,2024-10-10,0,On-Time,Inbound
SHP-00165,LD-00165,2024-09-05,September,2024,Blue Dart,Road,Food & Beverages,India,East,West Bengal,Kolkata,000000,Kolkata,India,South,Karnataka,Bangalore,560001,Bangalore,1833,2320.3,1,Delivered,6356.02,2024-09-05,32ft Container,25000,38.0,2.8541,Accepted,2024-09-06,2024-09-06,0,On-Time,Inbound
SHP-00166,LD-00166,2025-01-13,January,2025,Ekart Logistics,Road,Personal Care,India,West,Maharashtra,Pune,000000,Pune,India,North,Delhi,Delhi,110001,Delhi,1437,271.4,4,Delivered,2726.4,2025-01-13,MCV,8000,18.0,0.3175,Accepted,2025-01-17,2025-01-17,0,On-Time,Inbound
SHP-00167,LD-00167,2024-09-24,September,2024,Blue Dart,Road,Personal Care,India,East,West Bengal,Kolkata,000000,Kolkata,India,West,Maharashtra,Mumbai,400001,Mumbai,2102,237.2,1,Delivered,7368.54,2024-09-24,LCV,3500,9.0,0.3414,Accepted,2024-09-25,2024-09-25,0,On-Time,Inbound
SHP-00168,LD-00168,2024-10-25,October,2024,Delhivery,Road,Household,India,West,Maharashtra,Mumbai,000000,Mumbai,India,South,Karnataka,Bangalore,560001,Bangalore,1004,2063.1,2,Delivered,2643.56,2024-10-25,LCV,3500,9.0,2.6901,Rejected,2024-10-27,2024-10-27,0,On-Time,Inbound
SHP-00169,LD-00169,2025-01-29,January,2025,Delhivery,Road,Food & Beverages,India,West,Maharashtra,Mumbai,000000,Mumbai,India,West,Maharashtra,Mumbai,400001,Mumbai,66,2637.7,2,Delivered,185.21,2025-01-29,MCV,8000,18.0,3.3583,Accepted,2025-01-31,2025-02-03,3,Delayed,Inbound
SHP-00170,LD-00170,2025-01-07,January,2025,Blue Dart,Road,Personal Care,India,North,Delhi,Delhi,000000,Delhi,India,South,Karnataka,Bangalore,560001,Bangalore,2176,139.6,1,Delivered,6819.34,2025-01-07,Reefer 20ft,15000,26.0,0.1328,Accepted,2025-01-08,2025-01-08,0,On-Time,Inbound
SHP-00171,LD-00171,2025-01-04,January,2025,Gati Kinetic,Road,Household,India,North,Uttar Pradesh,Ghaziabad,000000,Ghaziabad,India,North,Delhi,Delhi,110001,Delhi,11,2761.9,2,Delivered,27.53,2025-01-04,LCV,3500,9.0,3.5096,Accepted,2025-01-06,2025-01-06,0,On-Time,Inbound
SHP-00172,LD-00172,2024-12-09,December,2024,Delhivery,Road,Personal Care,India,East,West Bengal,Kolkata,000000,Kolkata,India,North,Delhi,Delhi,110001,Delhi,1496,206.6,2,Delivered,3568.55,2024-12-09,20ft Container,18000,28.0,0.2558,Accepted,2024-12-11,2024-12-11,0,On-Time,Inbound
SHP-00173,LD-00173,2024-09-07,September,2024,Blue Dart,Road,Household,India,East,West Bengal,Kolkata,000000,Kolkata,India,South,Karnataka,Bangalore,560001,Bangalore,1912,845.8,1,Delivered,6609.26,2024-09-07,20ft Container,18000,28.0,1.0774,Accepted,2024-09-08,2024-09-08,0,On-Time,Inbound
SHP-00174,LD-00174,2024-10-14,October,2024,Gati Kinetic,Road,Household,India,North,Delhi,Delhi,000000,Delhi,India,North,Delhi,Delhi,110001,Delhi,18,1905.0,2,Delivered,43.06,2024-10-14,MCV,8000,18.0,2.3748,Rejected,2024-10-16,2024-10-16,0,On-Time,Inbound
SHP-00175,LD-00175,2025-01-31,January,2025,Gati Kinetic,Road,Household,India,West,Maharashtra,Pune,000000,Pune,India,West,Maharashtra,Mumbai,400001,Mumbai,36,1092.1,2,Delivered,83.54,2025-01-31,LCV,3500,9.0,1.2172,Accepted,2025-02-02,2025-02-02,0,On-Time,Inbound
SHP-00176,LD-00176,2024-11-22,November,2024,DTDC,Road,Personal Care,India,North,Delhi,Delhi,000000,Delhi,India,South,Karnataka,Bangalore,560001,Bangalore,2194,206.2,2,Delivered,5015.0,2024-11-22,LCV,3500,9.0,0.2358,Accepted,2024-11-24,2024-11-24,0,On-Time,Inbound
SHP-00177,LD-00177,2024-12-06,December,2024,DTDC,Road,Household,India,West,Maharashtra,Pune,000000,Pune,India,South,Karnataka,Bangalore,560001,Bangalore,1028,2294.7,3,Delivered,2244.24,2024-12-06,20ft Container,18000,28.0,2.9749,Accepted,2024-12-09,2024-12-11,2,Delayed,Inbound
SHP-00178,LD-00178,2024-12-14,December,2024,Blue Dart,Road,Household,India,North,Uttar Pradesh,Ghaziabad,000000,Ghaziabad,India,West,Maharashtra,Mumbai,400001,Mumbai,1413,406.7,1,Delivered,4136.33,2024-12-14,MCV,8000,18.0,0.4697,Accepted,2024-12-15,2024-12-15,0,On-Time,Inbound
SHP-00179,LD-00179,2025-01-08,January,2025,Ekart Logistics,Road,Food & Beverages,India,East,West Bengal,Kolkata,000000,Kolkata,India,West,Maharashtra,Mumbai,400001,Mumbai,2043,1530.6,3,Delivered,4305.79,2025-01-08,20ft Container,18000,28.0,1.8062,Accepted,2025-01-11,2025-01-11,0,On-Time,Inbound
SHP-00180,LD-00180,2024-09-12,September,2024,Ekart Logistics,Road,Household,India,North,Delhi,Delhi,000000,Delhi,India,West,Maharashtra,Mumbai,400001,Mumbai,1366,2054.0,2,Delivered,2512.68,2024-09-12,20ft Container,18000,28.0,2.5096,Accepted,2024-09-14,2024-09-14,0,On-Time,Inbound
SHP-00181,LD-00181,2024-12-05,December,2024,Gati Kinetic,Road,Food & Beverages,India,West,Maharashtra,Pune,000000,Pune,India,South,Karnataka,Bangalore,560001,Bangalore,949,224.6,2,Delivered,2428.52,2024-12-05,20ft Container,18000,28.0,0.2694,Accepted,2024-12-07,2024-12-07,0,On-Time,Inbound
SHP-00182,LD-00182,2024-12-26,December,2024,DTDC,Road,Food & Beverages,India,North,Uttar Pradesh,Ghaziabad,000000,Ghaziabad,India,West,Maharashtra,Mumbai,400001,Mumbai,1405,1014.9,2,Delivered,2823.43,2024-12-26,MCV,8000,18.0,1.3212,Rejected,2024-12-28,2024-12-28,0,On-Time,Inbound
SHP-00183,LD-00183,2024-11-27,November,2024,Blue Dart,Road,Personal Care,India,East,West Bengal,Kolkata,000000,Kolkata,India,South,Karnataka,Bangalore,560001,Bangalore,1879,307.9,1,Delivered,5690.34,2024-11-27,MCV,8000,18.0,0.3833,Accepted,2024-11-28,2024-11-30,2,Delayed,Inbound
SHP-00184,LD-00184,2024-12-11,December,2024,Gati Kinetic,Road,Food & Beverages,India,North,Delhi,Delhi,000000,Delhi,India,North,Delhi,Delhi,110001,Delhi,6,904.3,2,Delivered,13.76,2024-12-11,32ft Container,25000,38.0,0.9968,Accepted,2024-12-13,2024-12-13,0,On-Time,Inbound
SHP-00185,LD-00185,2024-10-18,October,2024,Ekart Logistics,Road,Household,India,East,West Bengal,Kolkata,000000,Kolkata,India,North,Delhi,Delhi,110001,Delhi,1558,5358.5,3,Delivered,3049.03,2024-10-18,MCV,8000,18.0,6.0294,Accepted,2024-10-21,2024-10-21,0,On-Time,Inbound
SHP-00186,LD-00186,2024-10-15,October,2024,Ekart Logistics,Road,Household,India,West,Maharashtra,Mumbai,000000,Mumbai,India,West,Maharashtra,Mumbai,400001,Mumbai,-5,882.7,3,Delivered,-9.48,2024-10-15,LCV,3500,9.0,1.0382,Accepted,2024-10-18,2024-10-18,0,On-Time,Inbound
SHP-00187,LD-00187,2024-12-09,December,2024,Ekart Logistics,Road,Food & Beverages,India,North,Delhi,Delhi,000000,Delhi,India,West,Maharashtra,Mumbai,400001,Mumbai,1436,1457.7,3,Delivered,2680.65,2024-12-09,32ft Container,25000,38.0,1.7145,Accepted,2024-12-12,2024-12-12,0,On-Time,Inbound
SHP-00188,LD-00188,2025-02-06,February,2025,Gati Kinetic,Road,Personal Care,India,West,Maharashtra,Mumbai,000000,Mumbai,India,North,Delhi,Delhi,110001,Delhi,1429,287.2,3,Delivered,3534.59,2025-02-06,Reefer 20ft,15000,26.0,0.3689,Accepted,2025-02-09,2025-02-09,0,On-Time,Inbound
SHP-00189,LD-00189,2025-01-04,January,2025,Gati Kinetic,Road,Personal Care,India,East,West Bengal,Kolkata,000000,Kolkata,India,West,Maharashtra,Mumbai,400001,Mumbai,2102,296.4,1,Delivered,5289.49,2025-01-04,MCV,8000,18.0,0.3729,Accepted,2025-01-05,2025-01-05,0,On-Time,Inbound
SHP-00190,LD-00190,2024-09-30,September,2024,Ekart Logistics,Road,Food & Beverages,India,East,West Bengal,Kolkata,000000,Kolkata,India,South,Karnataka,Bangalore,560001,Bangalore,1889,1217.0,2,Delivered,3565.33,2024-09-30,MCV,8000,18.0,1.3749,Accepted,2024-10-02,2024-10-02,0,On-Time,Inbound
SHP-00191,LD-00191,2024-09-09,September,2024,DTDC,Road,Food & Beverages,India,West,Maharashtra,Pune,000000,Pune,India,South,Karnataka,Bangalore,560001,Bangalore,1023,1843.8,2,Delivered,2183.37,2024-09-09,Reefer 20ft,15000,26.0,2.0834,Accepted,2024-09-11,2024-09-11,0,On-Time,Inbound
SHP-00192,LD-00192,2025-02-05,February,2025,Delhivery,Road,Food & Beverages,India,East,West Bengal,Kolkata,000000,Kolkata,India,South,Karnataka,Bangalore,560001,Bangalore,1896,1414.0,3,Delivered,4967.82,2025-02-05,LCV,3500,9.0,1.6393,Accepted,2025-02-08,2025-02-08,0,On-Time,Inbound
SHP-00193,LD-00193,2025-01-25,January,2025,DTDC,Road,Food & Beverages,India,North,Uttar Pradesh,Ghaziabad,000000,Ghaziabad,India,South,Karnataka,Bangalore,560001,Bangalore,2183,892.8,1,Delivered,4444.22,2025-01-25,LCV,3500,9.0,1.0852,Accepted,2025-01-26,2025-01-26,0,On-Time,Inbound
SHP-00194,LD-00194,2024-11-03,November,2024,DTDC,Road,Household,India,North,Delhi,Delhi,000000,Delhi,India,North,Delhi,Delhi,110001,Delhi,28,1979.2,2,Delivered,61.01,2024-11-03,MCV,8000,18.0,2.3023,Accepted,2024-11-05,2024-11-05,0,On-Time,Inbound
SHP-00195,LD-00195,2024-11-11,November,2024,Ekart Logistics,Road,Household,India,East,West Bengal,Kolkata,000000,Kolkata,India,North,Delhi,Delhi,110001,Delhi,1573,382.6,3,Delivered,3443.08,2024-11-11,20ft Container,18000,28.0,0.4667,Accepted,2024-11-14,2024-11-14,0,On-Time,Inbound
SHP-00196,LD-00196,2025-01-15,January,2025,Blue Dart,Road,Household,India,West,Maharashtra,Mumbai,000000,Mumbai,India,South,Karnataka,Bangalore,560001,Bangalore,1008,2942.9,1,Delivered,2987.29,2025-01-15,Reefer 20ft,15000,26.0,3.5174,Accepted,2025-01-16,2025-01-18,2,Delayed,Inbound
SHP-00197,LD-00197,2024-09-26,September,2024,Blue Dart,Road,Food & Beverages,India,West,Maharashtra,Mumbai,000000,Mumbai,India,West,Maharashtra,Mumbai,400001,Mumbai,5,2196.4,2,Delivered,17.59,2024-09-26,MCV,8000,18.0,2.7774,Accepted,2024-09-28,2024-09-28,0,On-Time,Inbound
SHP-00198,LD-00198,2024-11-10,November,2024,Delhivery,Road,Personal Care,India,North,Uttar Pradesh,Ghaziabad,000000,Ghaziabad,India,South,Karnataka,Bangalore,560001,Bangalore,2150,146.5,2,Delivered,5730.43,2024-11-10,20ft Container,18000,28.0,0.1951,Accepted,2024-11-12,2024-11-12,0,On-Time,Inbound
SHP-00199,LD-00199,2024-09-25,September,2024,Blue Dart,Road,Household,India,East,West Bengal,Kolkata,000000,Kolkata,India,North,Delhi,Delhi,110001,Delhi,1534,2324.3,1,Delivered,5099.29,2024-09-25,20ft Container,18000,28.0,2.9451,Accepted,2024-09-26,2024-09-26,0,On-Time,Inbound
SHP-00200,LD-00200,2024-09-27,September,2024,Blue Dart,Road,Household,India,East,West Bengal,Kolkata,000000,Kolkata,India,North,Delhi,Delhi,110001,Delhi,1562,284.6,2,Delivered,5491.18,2024-09-27,32ft Container,25000,38.0,0.3465,Accepted,2024-09-29,2024-09-29,0,On-Time,Inbound
SHP-00201,LD-00201,2025-02-14,February,2025,Ekart Logistics,Road,Food & Beverages,India,West,Maharashtra,Mumbai,000000,Mumbai,India,South,Karnataka,Bangalore,560001,Bangalore,946,2637.8,2,Delivered,2042.07,2025-02-14,32ft Container,25000,38.0,3.111,Accepted,2025-02-16,2025-02-16,0,On-Time,Inbound
SHP-00202,LD-00202,2024-12-19,December,2024,DTDC,Road,Household,India,East,West Bengal,Kolkata,000000,Kolkata,India,North,Delhi,Delhi,110001,Delhi,1572,3642.0,3,Delivered,3532.82,2024-12-19,Reefer 20ft,15000,26.0,4.5843,Accepted,2024-12-22,2024-12-22,0,On-Time,Inbound
SHP-00203,LD-00203,2024-10-23,October,2024,DTDC,Road,Personal Care,India,West,Maharashtra,Mumbai,000000,Mumbai,India,South,Karnataka,Bangalore,560001,Bangalore,984,750.7,1,Delivered,1997.13,2024-10-23,MCV,8000,18.0,0.9435,Accepted,2024-10-24,2024-10-24,0,On-Time,Inbound
SHP-00204,LD-00204,2024-09-04,September,2024,Ekart Logistics,Road,Household,India,East,West Bengal,Kolkata,000000,Kolkata,India,South,Karnataka,Bangalore,560001,Bangalore,1907,2434.2,3,Delivered,3564.39,2024-09-04,Reefer 20ft,15000,26.0,2.7251,Accepted,2024-09-07,2024-09-07,0,On-Time,Inbound
SHP-00205,LD-00205,2024-09-18,September,2024,Ekart Logistics,Road,Personal Care,India,West,Maharashtra,Mumbai,000000,Mumbai,India,North,Delhi,Delhi,110001,Delhi,1419,437.9,3,Delivered,2952.55,2024-09-18,MCV,8000,18.0,0.5503,Accepted,2024-09-21,2024-09-25,4,Delayed,Inbound
SHP-00206,LD-00206,2024-09-22,September,2024,DTDC,Road,Food & Beverages,India,North,Delhi,Delhi,000000,Delhi,India,South,Karnataka,Bangalore,560001,Bangalore,2181,1432.1,4,Delivered,5050.8,2024-09-22,Reefer 20ft,15000,26.0,1.6397,Accepted,2024-09-26,2024-09-26,0,On-Time,Inbound
SHP-00207,LD-00207,2024-12-21,December,2024,DTDC,Road,Food & Beverages,India,East,West Bengal,Kolkata,000000,Kolkata,India,South,Karnataka,Bangalore,560001,Bangalore,1835,4406.4,2,Delivered,3643.53,2024-12-21,32ft Container,25000,38.0,5.131,Accepted,2024-12-23,2024-12-24,1,Delayed,Inbound
SHP-00208,LD-00208,2024-11-28,November,2024,Gati Kinetic,Road,Food & Beverages,India,North,Delhi,Delhi,000000,Delhi,India,North,Delhi,Delhi,110001,Delhi,73,458.7,3,Delivered,188.74,2024-11-28,LCV,3500,9.0,0.5622,Accepted,2024-12-01,2024-12-01,0,On-Time,Inbound
SHP-00209,LD-00209,2024-11-09,November,2024,Gati Kinetic,Road,Household,India,West,Maharashtra,Mumbai,000000,Mumbai,India,North,Delhi,Delhi,110001,Delhi,1386,4532.9,2,Delivered,3238.38,2024-11-09,Reefer 20ft,15000,26.0,5.192,Accepted,2024-11-11,2024-11-11,0,On-Time,Inbound
SHP-00210,LD-00210,2025-01-09,January,2025,Delhivery,Road,Personal Care,India,East,West Bengal,Kolkata,000000,Kolkata,India,North,Delhi,Delhi,110001,Delhi,1502,167.1,4,Delivered,4241.95,2025-01-09,32ft Container,25000,38.0,0.2071,Accepted,2025-01-13,2025-01-13,0,On-Time,Inbound
SHP-00211,LD-00211,2024-11-22,November,2024,Delhivery,Road,Household,India,East,West Bengal,Kolkata,000000,Kolkata,India,South,Karnataka,Bangalore,560001,Bangalore,1842,1667.4,2,Delivered,4524.06,2024-11-22,20ft Container,18000,28.0,2.1553,Accepted,2024-11-24,2024-11-24,0,On-Time,Inbound
SHP-00212,LD-00212,2024-12-29,December,2024,Blue Dart,Road,Household,India,East,West Bengal,Kolkata,000000,Kolkata,India,North,Delhi,Delhi,110001,Delhi,1505,500.4,1,Delivered,4615.26,2024-12-29,LCV,3500,9.0,0.6064,Accepted,2024-12-30,2024-12-30,0,On-Time,Inbound
SHP-00213,LD-00213,2024-12-04,December,2024,Gati Kinetic,Road,Food & Beverages,India,West,Maharashtra,Pune,000000,Pune,India,South,Karnataka,Bangalore,560001,Bangalore,938,1266.3,3,Delivered,2130.98,2024-12-04,MCV,8000,18.0,1.3565,Accepted,2024-12-07,2024-12-07,0,On-Time,Inbound
SHP-00214,LD-00214,2024-09-01,September,2024,DTDC,Road,Food & Beverages,India,West,Maharashtra,Mumbai,000000,Mumbai,India,South,Karnataka,Bangalore,560001,Bangalore,988,1076.7,2,Delivered,2170.13,2024-09-01,32ft Container,25000,38.0,1.3114,Rejected,2024-09-03,2024-09-03,0,On-Time,Inbound
SHP-00215,LD-00215,2024-09-12,September,2024,Blue Dart,Road,Food & Beverages,India,North,Uttar Pradesh,Ghaziabad,000000,Ghaziabad,India,North,Delhi,Delhi,110001,Delhi,44,1072.8,2,Delivered,130.48,2024-09-12,20ft Container,18000,28.0,1.1998,Accepted,2024-09-14,2024-09-14,0,On-Time,Inbound
SHP-00216,LD-00216,2025-02-17,February,2025,Gati Kinetic,Road,Household,India,West,Maharashtra,Mumbai,000000,Mumbai,India,North,Delhi,Delhi,110001,Delhi,1405,792.9,2,Delivered,3340.14,2025-02-17,LCV,3500,9.0,0.9195,Accepted,2025-02-19,2025-02-19,0,On-Time,Inbound
SHP-00217,LD-00217,2024-09-28,September,2024,Ekart Logistics,Road,Food & Beverages,India,North,Delhi,Delhi,000000,Delhi,India,North,Delhi,Delhi,110001,Delhi,39,683.4,3,Delivered,74.33,2024-09-28,LCV,3500,9.0,0.7246,Accepted,2024-10-01,2024-10-01,0,On-Time,Inbound
SHP-00218,LD-00218,2024-09-11,September,2024,Ekart Logistics,Road,Personal Care,India,North,Uttar Pradesh,Ghaziabad,000000,Ghaziabad,India,North,Delhi,Delhi,110001,Delhi,-14,242.1,3,Delivered,-28.99,2024-09-11,Reefer 20ft,15000,26.0,0.3264,Accepted,2024-09-14,2024-09-16,2,Delayed,Inbound
SHP-00219,LD-00219,2024-12-25,December,2024,Gati Kinetic,Road,Personal Care,India,West,Maharashtra,Mumbai,000000,Mumbai,India,North,Delhi,Delhi,110001,Delhi,1381,130.9,2,Delivered,3114.3,2024-12-25,32ft Container,25000,38.0,0.1394,Accepted,2024-12-27,2024-12-27,0,On-Time,Inbound
SHP-00220,LD-00220,2025-01-29,January,2025,Ekart Logistics,Road,Personal Care,India,East,West Bengal,Kolkata,000000,Kolkata,India,South,Karnataka,Bangalore,560001,Bangalore,1831,80.5,3,Delivered,3958.68,2025-01-29,32ft Container,25000,38.0,0.1011,Accepted,2025-02-01,2025-02-01,0,On-Time,Inbound
SHP-00221,LD-00221,2024-12-28,December,2024,Blue Dart,Road,Household,India,East,West Bengal,Kolkata,000000,Kolkata,India,West,Maharashtra,Mumbai,400001,Mumbai,2057,1027.8,2,Delivered,7119.92,2024-12-28,LCV,3500,9.0,1.2388,Accepted,2024-12-30,2024-12-30,0,On-Time,Inbound
SHP-00222,LD-00222,2025-02-05,February,2025,Blue Dart,Road,Household,India,North,Delhi,Delhi,000000,Delhi,India,West,Maharashtra,Mumbai,400001,Mumbai,1376,726.2,1,Delivered,4209.26,2025-02-05,20ft Container,18000,28.0,0.859,Accepted,2025-02-06,2025-02-06,0,On-Time,Inbound
SHP-00223,LD-00223,2024-09-05,September,2024,Ekart Logistics,Road,Food & Beverages,India,West,Maharashtra,Pune,000000,Pune,India,North,Delhi,Delhi,110001,Delhi,1368,1222.5,3,Delivered,2636.89,2024-09-05,32ft Container,25000,38.0,1.4771,Accepted,2024-09-08,2024-09-08,0,On-Time,Inbound
SHP-00224,LD-00224,2025-01-14,January,2025,Gati Kinetic,Road,Household,India,West,Maharashtra,Mumbai,000000,Mumbai,India,West,Maharashtra,Mumbai,400001,Mumbai,48,757.5,2,Delivered,122.49,2025-01-14,LCV,3500,9.0,0.9617,Accepted,2025-01-16,2025-01-16,0,On-Time,Inbound
SHP-00225,LD-00225,2024-12-09,December,2024,Ekart Logistics,Road,Household,India,West,Maharashtra,Pune,000000,Pune,India,North,Delhi,Delhi,110001,Delhi,1368,1578.7,3,Delivered,2847.33,2024-12-09,Reefer 20ft,15000,26.0,1.9092,Accepted,2024-12-12,2024-12-12,0,On-Time,Inbound
SHP-00226,LD-00226,2024-10-19,October,2024,Ekart Logistics,Road,Food & Beverages,India,North,Delhi,Delhi,000000,Delhi,India,South,Karnataka,Bangalore,560001,Bangalore,2129,563.5,2,Delivered,4344.58,2024-10-19,20ft Container,18000,28.0,0.6348,Rejected,2024-10-21,2024-10-25,4,Delayed,Inbound
SHP-00227,LD-00227,2025-02-05,February,2025,DTDC,Road,Personal Care,India,West,Maharashtra,Mumbai,000000,Mumbai,India,West,Maharashtra,Mumbai,400001,Mumbai,79,94.2,3,Delivered,160.28,2025-02-05,32ft Container,25000,38.0,0.1245,Accepted,2025-02-08,2025-02-11,3,Delayed,Inbound
SHP-00228,LD-00228,2025-02-17,February,2025,DTDC,Road,Household,India,East,West Bengal,Kolkata,000000,Kolkata,India,West,Maharashtra,Mumbai,400001,Mumbai,2111,497.2,3,Delivered,5072.08,2025-02-17,MCV,8000,18.0,0.5814,Accepted,2025-02-20,2025-02-20,0,On-Time,Inbound
SHP-00229,LD-00229,2025-02-18,February,2025,Delhivery,Road,Food & Beverages,India,West,Maharashtra,Mumbai,000000,Mumbai,India,North,Delhi,Delhi,110001,Delhi,1415,287.9,2,Delivered,3937.09,2025-02-18,Reefer 20ft,15000,26.0,0.353,Accepted,2025-02-20,2025-02-20,0,On-Time,Inbound
SHP-00230,LD-00230,2025-02-02,February,2025,Delhivery,Road,Personal Care,India,West,Maharashtra,Mumbai,000000,Mumbai,India,South,Karnataka,Bangalore,560001,Bangalore,953,198.3,2,Delivered,2394.13,2025-02-02,MCV,8000,18.0,0.2505,Rejected,2025-02-04,2025-02-04,0,On-Time,Inbound
SHP-00231,LD-00231,2025-02-10,February,2025,Delhivery,Road,Personal Care,India,West,Maharashtra,Mumbai,000000,Mumbai,India,West,Maharashtra,Mumbai,400001,Mumbai,24,370.8,2,Delivered,59.36,2025-02-10,20ft Container,18000,28.0,0.4327,Accepted,2025-02-12,2025-02-12,0,On-Time,Inbound
SHP-00232,LD-00232,2024-12-22,December,2024,Gati Kinetic,Road,Household,India,West,Maharashtra,Mumbai,000000,Mumbai,India,North,Delhi,Delhi,110001,Delhi,1465,3842.0,1,Delivered,3772.0,2024-12-22,MCV,8000,18.0,4.6217,Accepted,2024-12-23,2024-12-27,4,Delayed,Inbound
SHP-00233,LD-00233,2024-12-25,December,2024,Delhivery,Road,Food & Beverages,India,West,Maharashtra,Pune,000000,Pune,India,South,Karnataka,Bangalore,560001,Bangalore,1028,345.4,2,Delivered,2445.61,2024-12-25,32ft Container,25000,38.0,0.4375,Accepted,2024-12-27,2024-12-27,0,On-Time,Inbound
SHP-00234,LD-00234,2025-02-05,February,2025,Ekart Logistics,Road,Personal Care,India,West,Maharashtra,Mumbai,000000,Mumbai,India,North,Delhi,Delhi,110001,Delhi,1371,297.3,2,Delivered,2523.33,2025-02-05,32ft Container,25000,38.0,0.3196,Accepted,2025-02-07,2025-02-07,0,On-Time,Inbound
SHP-00235,LD-00235,2025-01-17,January,2025,Ekart Logistics,Road,Household,India,East,West Bengal,Kolkata,000000,Kolkata,India,North,Delhi,Delhi,110001,Delhi,1480,2466.1,3,Delivered,2917.14,2025-01-17,LCV,3500,9.0,2.814,Accepted,2025-01-20,2025-01-20,0,On-Time,Inbound
SHP-00236,LD-00236,2024-09-25,September,2024,Delhivery,Road,Household,India,West,Maharashtra,Mumbai,000000,Mumbai,India,South,Karnataka,Bangalore,560001,Bangalore,995,219.6,2,Delivered,2581.36,2024-09-25,MCV,8000,18.0,0.247,Accepted,2024-09-27,2024-09-27,0,On-Time,Inbound
SHP-00237,LD-00237,2024-12-04,December,2024,Delhivery,Road,Food & Beverages,India,East,West Bengal,Kolkata,000000,Kolkata,India,North,Delhi,Delhi,110001,Delhi,1499,2156.3,1,Delivered,4094.01,2024-12-04,20ft Container,18000,28.0,2.5988,Accepted,2024-12-05,2024-12-05,0,On-Time,Inbound
SHP-00238,LD-00238,2024-12-15,December,2024,Ekart Logistics,Road,Personal Care,India,West,Maharashtra,Mumbai,000000,Mumbai,India,North,Delhi,Delhi,110001,Delhi,1452,759.7,3,Delivered,3117.09,2024-12-15,Reefer 20ft,15000,26.0,0.9627,Accepted,2024-12-18,2024-12-18,0,On-Time,Inbound
SHP-00239,LD-00239,2024-09-21,September,2024,DTDC,Road,Personal Care,India,West,Maharashtra,Mumbai,000000,Mumbai,India,North,Delhi,Delhi,110001,Delhi,1380,1018.7,2,Delivered,3308.79,2024-09-21,32ft Container,25000,38.0,1.3494,Accepted,2024-09-23,2024-09-23,0,On-Time,Inbound
SHP-00240,LD-00240,2024-10-03,October,2024,Delhivery,Road,Household,India,West,Maharashtra,Pune,000000,Pune,India,North,Delhi,Delhi,110001,Delhi,1441,2328.7,2,Delivered,3565.18,2024-10-03,32ft Container,25000,38.0,2.9281,Accepted,2024-10-05,2024-10-05,0,On-Time,Inbound
SHP-00241,LD-00241,2025-01-21,January,2025,Gati Kinetic,Road,Household,India,East,West Bengal,Kolkata,000000,Kolkata,India,North,Delhi,Delhi,110001,Delhi,1580,208.3,2,Delivered,3731.02,2025-01-21,Reefer 20ft,15000,26.0,0.2505,Accepted,2025-01-23,2025-01-23,0,On-Time,Inbound
SHP-00242,LD-00242,2025-01-23,January,2025,Blue Dart,Road,Household,India,East,West Bengal,Kolkata,000000,Kolkata,India,North,Delhi,Delhi,110001,Delhi,1529,1210.7,2,Delivered,5044.27,2025-01-23,LCV,3500,9.0,1.4795,Accepted,2025-01-25,2025-01-25,0,On-Time,Inbound
SHP-00243,LD-00243,2024-11-10,November,2024,Delhivery,Road,Household,India,West,Maharashtra,Mumbai,000000,Mumbai,India,West,Maharashtra,Mumbai,400001,Mumbai,14,2359.6,1,Delivered,39.29,2024-11-10,MCV,8000,18.0,2.7265,Rejected,2024-11-11,2024-11-11,0,On-Time,Inbound
SHP-00244,LD-00244,2025-01-04,January,2025,DTDC,Road,Household,India,North,Uttar Pradesh,Ghaziabad,000000,Ghaziabad,India,West,Maharashtra,Mumbai,400001,Mumbai,1464,577.5,2,Delivered,3430.68,2025-01-04,MCV,8000,18.0,0.7673,Accepted,2025-01-06,2025-01-06,0,On-Time,Inbound
SHP-00245,LD-00245,2024-12-23,December,2024,Delhivery,Road,Household,India,East,West Bengal,Kolkata,000000,Kolkata,India,West,Maharashtra,Mumbai,400001,Mumbai,2038,896.4,2,Delivered,5098.64,2024-12-23,32ft Container,25000,38.0,1.0631,Accepted,2024-12-25,2024-12-25,0,On-Time,Inbound
SHP-00246,LD-00246,2024-10-20,October,2024,Delhivery,Road,Personal Care,India,West,Maharashtra,Mumbai,000000,Mumbai,India,North,Delhi,Delhi,110001,Delhi,1455,270.7,1,Delivered,3555.35,2024-10-20,LCV,3500,9.0,0.339,Accepted,2024-10-21,2024-10-21,0,On-Time,Inbound
SHP-00247,LD-00247,2024-09-08,September,2024,Blue Dart,Road,Household,India,East,West Bengal,Kolkata,000000,Kolkata,India,West,Maharashtra,Mumbai,400001,Mumbai,2125,2356.3,1,Delivered,7249.98,2024-09-08,LCV,3500,9.0,2.8254,Accepted,2024-09-09,2024-09-13,4,Delayed,Inbound
SHP-00248,LD-00248,2024-10-12,October,2024,Blue Dart,Road,Food & Beverages,India,East,West Bengal,Kolkata,000000,Kolkata,India,North,Delhi,Delhi,110001,Delhi,1514,1520.4,2,Delivered,4991.68,2024-10-12,32ft Container,25000,38.0,1.7111,Accepted,2024-10-14,2024-10-14,0,On-Time,Inbound
SHP-00249,LD-00249,2024-10-04,October,2024,Gati Kinetic,Road,Personal Care,India,West,Maharashtra,Mumbai,000000,Mumbai,India,South,Karnataka,Bangalore,560001,Bangalore,989,235.9,2,Delivered,2561.34,2024-10-04,LCV,3500,9.0,0.2527,Accepted,2024-10-06,2024-10-06,0,On-Time,Inbound
SHP-00250,LD-00250,2024-12-29,December,2024,Delhivery,Road,Personal Care,India,North,Uttar Pradesh,Ghaziabad,000000,Ghaziabad,India,West,Maharashtra,Mumbai,400001,Mumbai,1436,306.5,2,Delivered,3843.62,2024-12-29,LCV,3500,9.0,0.3852,Accepted,2024-12-31,2024-12-31,0,On-Time,Inbound
SHP-00251,LD-00251,2024-09-17,September,2024,Gati Kinetic,Road,Personal Care,India,East,West Bengal,Kolkata,000000,Kolkata,India,West,Maharashtra,Mumbai,400001,Mumbai,2037,676.4,1,Delivered,5187.44,2024-09-17,32ft Container,25000,38.0,0.8882,Accepted,2024-09-18,2024-09-18,0,On-Time,Inbound
SHP-00252,LD-00252,2024-10-06,October,2024,DTDC,Road,Household,India,East,West Bengal,Kolkata,000000,Kolkata,India,South,Karnataka,Bangalore,560001,Bangalore,1894,456.4,1,Delivered,4340.2,2024-10-06,20ft Container,18000,28.0,0.5068,Accepted,2024-10-07,2024-10-07,0,On-Time,Inbound
SHP-00253,LD-00253,2025-01-15,January,2025,Delhivery,Road,Household,India,West,Maharashtra,Mumbai,000000,Mumbai,India,North,Delhi,Delhi,110001,Delhi,1388,1120.4,1,Delivered,3459.96,2025-01-15,Reefer 20ft,15000,26.0,1.373,Accepted,2025-01-16,2025-01-16,0,On-Time,Inbound
SHP-00254,LD-00254,2024-10-17,October,2024,Ekart Logistics,Road,Personal Care,India,North,Uttar Pradesh,Ghaziabad,000000,Ghaziabad,India,South,Karnataka,Bangalore,560001,Bangalore,2153,96.8,3,Delivered,4554.1,2024-10-17,LCV,3500,9.0,0.1342,Accepted,2024-10-20,2024-10-20,0,On-Time,Inbound
SHP-00255,LD-00255,2024-10-01,October,2024,Gati Kinetic,Road,Household,India,North,Uttar Pradesh,Ghaziabad,000000,Ghaziabad,India,West,Maharashtra,Mumbai,400001,Mumbai,1432,2392.1,3,Delivered,3298.2,2024-10-01,MCV,8000,18.0,2.9759,Rejected,2024-10-04,2024-10-05,1,Delayed,Inbound
SHP-00256,LD-00256,2024-11-27,November,2024,Delhivery,Road,Food & Beverages,India,North,Delhi,Delhi,000000,Delhi,India,North,Delhi,Delhi,110001,Delhi,42,1451.8,1,Delivered,105.54,2024-11-27,20ft Container,18000,28.0,1.8131,Accepted,2024-11-28,2024-11-28,0,On-Time,Inbound
SHP-00257,LD-00257,2024-12-25,December,2024,Blue Dart,Road,Household,India,West,Maharashtra,Mumbai,000000,Mumbai,India,West,Maharashtra,Mumbai,400001,Mumbai,35,7422.6,2,Delivered,114.99,2024-12-25,Reefer 20ft,15000,26.0,8.3209,Accepted,2024-12-27,2024-12-27,0,On-Time,Inbound
SHP-00258,LD-00258,2024-09-10,September,2024,Blue Dart,Road,Personal Care,India,East,West Bengal,Kolkata,000000,Kolkata,India,West,Maharashtra,Mumbai,400001,Mumbai,2116,220.3,1,Delivered,6099.66,2024-09-10,20ft Container,18000,28.0,0.2585,Accepted,2024-09-11,2024-09-11,0,On-Time,Inbound
SHP-00259,LD-00259,2024-10-04,October,2024,DTDC,Road,Personal Care,India,West,Maharashtra,Mumbai,000000,Mumbai,India,North,Delhi,Delhi,110001,Delhi,1441,338.5,2,Delivered,3185.49,2024-10-04,Reefer 20ft,15000,26.0,0.4032,Accepted,2024-10-06,2024-10-06,0,On-Time,Inbound
SHP-00260,LD-00260,2025-01-04,January,2025,DTDC,Road,Food & Beverages,India,North,Delhi,Delhi,000000,Delhi,India,South,Karnataka,Bangalore,560001,Bangalore,2127,4610.0,2,Delivered,4898.47,2025-01-04,32ft Container,25000,38.0,5.4343,Accepted,2025-01-06,2025-01-06,0,On-Time,Inbound
SHP-00261,LD-00261,2025-02-14,February,2025,DTDC,Road,Personal Care,India,East,West Bengal,Kolkata,000000,Kolkata,India,North,Delhi,Delhi,110001,Delhi,1563,90.5,2,Delivered,3669.76,2025-02-14,20ft Container,18000,28.0,0.1142,Rejected,2025-02-16,2025-02-16,0,On-Time,Inbound
SHP-00262,LD-00262,2024-12-07,December,2024,Gati Kinetic,Road,Personal Care,India,East,West Bengal,Kolkata,000000,Kolkata,India,North,Delhi,Delhi,110001,Delhi,1518,224.1,3,Delivered,3585.54,2024-12-07,20ft Container,18000,28.0,0.3135,Accepted,2024-12-10,2024-12-10,0,On-Time,Inbound
SHP-00263,LD-00263,2025-02-03,February,2025,Ekart Logistics,Road,Personal Care,India,North,Uttar Pradesh,Ghaziabad,000000,Ghaziabad,India,South,Karnataka,Bangalore,560001,Bangalore,2125,129.4,2,Delivered,4342.65,2025-02-03,MCV,8000,18.0,0.1814,Accepted,2025-02-05,2025-02-05,0,On-Time,Inbound
SHP-00264,LD-00264,2024-12-14,December,2024,DTDC,Road,Household,India,West,Maharashtra,Pune,000000,Pune,India,South,Karnataka,Bangalore,560001,Bangalore,935,2547.1,3,Delivered,1856.55,2024-12-14,32ft Container,25000,38.0,2.9942,Accepted,2024-12-17,2024-12-17,0,On-Time,Inbound
SHP-00265,LD-00265,2024-09-24,September,2024,Delhivery,Road,Food & Beverages,India,West,Maharashtra,Mumbai,000000,Mumbai,India,North,Delhi,Delhi,110001,Delhi,1424,737.1,3,Delivered,3369.24,2024-09-24,LCV,3500,9.0,0.9167,Accepted,2024-09-27,2024-09-27,0,On-Time,Inbound
SHP-00266,LD-00266,2024-11-20,November,2024,DTDC,Road,Household,India,North,Uttar Pradesh,Ghaziabad,000000,Ghaziabad,India,North,Delhi,Delhi,110001,Delhi,64,1638.3,3,Delivered,144.95,2024-11-20,32ft Container,25000,38.0,1.8327,Accepted,2024-11-23,2024-11-23,0,On-Time,Inbound
SHP-00267,LD-00267,2024-12-05,December,2024,Blue Dart,Road,Food & Beverages,India,North,Uttar Pradesh,Ghaziabad,000000,Ghaziabad,India,West,Maharashtra,Mumbai,400001,Mumbai,1448,1410.9,2,Delivered,4991.43,2024-12-05,MCV,8000,18.0,1.6776,Accepted,2024-12-07,2024-12-10,3,Delayed,Inbound
SHP-00268,LD-00268,2024-09-27,September,2024,Delhivery,Road,Personal Care,India,West,Maharashtra,Mumbai,000000,Mumbai,India,North,Delhi,Delhi,110001,Delhi,1464,389.0,2,Delivered,3698.75,2024-09-27,MCV,8000,18.0,0.3964,Rejected,2024-09-29,2024-09-29,0,On-Time,Inbound
SHP-00269,LD-00269,2025-01-03,January,2025,Gati Kinetic,Road,Personal Care,India,North,Delhi,Delhi,000000,Delhi,India,South,Karnataka,Bangalore,560001,Bangalore,2192,80.4,2,Delivered,5329.2,2025-01-03,Reefer 20ft,15000,26.0,0.0916,Accepted,2025-01-05,2025-01-05,0,On-Time,Inbound
SHP-00270,LD-00270,2025-01-12,January,2025,Ekart Logistics,Road,Personal Care,India,West,Maharashtra,Mumbai,000000,Mumbai,India,South,Karnataka,Bangalore,560001,Bangalore,954,318.0,3,Delivered,2037.38,2025-01-12,MCV,8000,18.0,0.3104,Accepted,2025-01-15,2025-01-15,0,On-Time,Inbound
SHP-00271,LD-00271,2025-02-12,February,2025,Blue Dart,Road,Food & Beverages,India,West,Maharashtra,Mumbai,000000,Mumbai,India,South,Karnataka,Bangalore,560001,Bangalore,970,723.8,1,Delivered,2824.86,2025-02-12,LCV,3500,9.0,0.832,Accepted,2025-02-13,2025-02-13,0,On-Time,Inbound
SHP-00272,LD-00272,2024-10-31,October,2024,Gati Kinetic,Road,Household,India,East,West Bengal,Kolkata,000000,Kolkata,India,South,Karnataka,Bangalore,560001,Bangalore,1835,1927.8,2,Delivered,4827.37,2024-10-31,LCV,3500,9.0,2.457,Accepted,2024-11-02,2024-11-02,0,On-Time,Inbound
SHP-00273,LD-00273,2024-12-15,December,2024,Gati Kinetic,Road,Personal Care,India,East,West Bengal,Kolkata,000000,Kolkata,India,North,Delhi,Delhi,110001,Delhi,1563,442.7,1,Delivered,3879.85,2024-12-15,32ft Container,25000,38.0,0.6025,Accepted,2024-12-16,2024-12-16,0,On-Time,Inbound
SHP-00274,LD-00274,2024-12-26,December,2024,Delhivery,Road,Personal Care,India,West,Maharashtra,Mumbai,000000,Mumbai,India,West,Maharashtra,Mumbai,400001,Mumbai,-6,358.0,2,Delivered,-14.34,2024-12-26,MCV,8000,18.0,0.4608,Accepted,2024-12-28,2024-12-28,0,On-Time,Inbound
SHP-00275,LD-00275,2025-02-10,February,2025,DTDC,Road,Personal Care,India,West,Maharashtra,Mumbai,000000,Mumbai,India,North,Delhi,Delhi,110001,Delhi,1378,321.4,2,Delivered,2882.62,2025-02-10,MCV,8000,18.0,0.3873,Accepted,2025-02-12,2025-02-12,0,On-Time,Inbound
SHP-00276,LD-00276,2024-12-27,December,2024,Delhivery,Road,Personal Care,India,East,West Bengal,Kolkata,000000,Kolkata,India,North,Delhi,Delhi,110001,Delhi,1495,150.8,2,Delivered,4098.57,2024-12-27,Reefer 20ft,15000,26.0,0.1604,Accepted,2024-12-29,2024-12-29,0,On-Time,Inbound
SHP-00277,LD-00277,2024-09-02,September,2024,Gati Kinetic,Road,Household,India,North,Delhi,Delhi,000000,Delhi,India,South,Karnataka,Bangalore,560001,Bangalore,2122,5103.5,4,Delivered,5327.57,2024-09-02,Reefer 20ft,15000,26.0,6.2011,Accepted,2024-09-06,2024-09-06,0,On-Time,Inbound
SHP-00278,LD-00278,2024-12-08,December,2024,Ekart Logistics,Road,Household,India,West,Maharashtra,Mumbai,000000,Mumbai,India,West,Maharashtra,Mumbai,400001,Mumbai,-3,2652.5,3,Delivered,-5.57,2024-12-08,MCV,8000,18.0,3.1851,Accepted,2024-12-11,2024-12-13,2,Delayed,Inbound
SHP-00279,LD-00279,2024-11-20,November,2024,Ekart Logistics,Road,Personal Care,India,North,Uttar Pradesh,Ghaziabad,000000,Ghaziabad,India,South,Karnataka,Bangalore,560001,Bangalore,2190,488.5,3,Delivered,4511.48,2024-11-20,32ft Container,25000,38.0,0.6549,Accepted,2024-11-23,2024-11-23,0,On-Time,Inbound
SHP-00280,LD-00280,2024-11-30,November,2024,Blue Dart,Road,Household,India,West,Maharashtra,Mumbai,000000,Mumbai,India,South,Karnataka,Bangalore,560001,Bangalore,971,3608.8,1,Delivered,3341.78,2024-11-30,Reefer 20ft,15000,26.0,4.407,Accepted,2024-12-01,2024-12-01,0,On-Time,Inbound
SHP-00281,LD-00281,2024-12-07,December,2024,Blue Dart,Road,Food & Beverages,India,East,West Bengal,Kolkata,000000,Kolkata,India,North,Delhi,Delhi,110001,Delhi,1568,1600.8,1,Delivered,5302.96,2024-12-07,20ft Container,18000,28.0,1.8197,Accepted,2024-12-08,2024-12-08,0,On-Time,Inbound
SHP-00282,LD-00282,2024-12-25,December,2024,DTDC,Road,Food & Beverages,India,West,Maharashtra,Mumbai,000000,Mumbai,India,South,Karnataka,Bangalore,560001,Bangalore,984,909.5,2,Delivered,2051.19,2024-12-25,Reefer 20ft,15000,26.0,1.1062,Accepted,2024-12-27,2024-12-27,0,On-Time,Inbound
SHP-00283,LD-00283,2024-12-07,December,2024,Blue Dart,Road,Food & Beverages,India,North,Uttar Pradesh,Ghaziabad,000000,Ghaziabad,India,South,Karnataka,Bangalore,560001,Bangalore,2199,206.4,3,Delivered,7544.08,2024-12-07,Reefer 20ft,15000,26.0,0.2418,Accepted,2024-12-10,2024-12-10,0,On-Time,Inbound
SHP-00284,LD-00284,2025-01-18,January,2025,Ekart Logistics,Road,Food & Beverages,India,West,Maharashtra,Mumbai,000000,Mumbai,India,North,Delhi,Delhi,110001,Delhi,1388,379.4,2,Delivered,3032.77,2025-01-18,20ft Container,18000,28.0,0.4614,Accepted,2025-01-20,2025-01-20,0,On-Time,Inbound
SHP-00285,LD-00285,2024-12-19,December,2024,Blue Dart,Road,Personal Care,India,East,West Bengal,Kolkata,000000,Kolkata,India,North,Delhi,Delhi,110001,Delhi,1499,218.3,2,Delivered,5208.01,2024-12-19,20ft Container,18000,28.0,0.2743,Accepted,2024-12-21,2024-12-21,0,On-Time,Inbound
SHP-00286,LD-00286,2025-01-25,January,2025,Gati Kinetic,Road,Personal Care,India,North,Uttar Pradesh,Ghaziabad,000000,Ghaziabad,India,South,Karnataka,Bangalore,560001,Bangalore,2108,383.5,3,Delivered,5348.85,2025-01-25,Reefer 20ft,15000,26.0,0.5333,Accepted,2025-01-28,2025-01-28,0,On-Time,Inbound
SHP-00287,LD-00287,2024-11-29,November,2024,Blue Dart,Road,Food & Beverages,India,East,West Bengal,Kolkata,000000,Kolkata,India,South,Karnataka,Bangalore,560001,Bangalore,1916,1409.3,2,Delivered,6721.18,2024-11-29,Reefer 20ft,15000,26.0,1.563,Rejected,2024-12-01,2024-12-01,0,On-Time,Inbound
SHP-00288,LD-00288,2024-11-01,November,2024,Gati Kinetic,Road,Personal Care,India,West,Maharashtra,Mumbai,000000,Mumbai,India,South,Karnataka,Bangalore,560001,Bangalore,983,219.3,3,Delivered,2555.45,2024-11-01,LCV,3500,9.0,0.2847,Accepted,2024-11-04,2024-11-04,0,On-Time,Inbound
SHP-00289,LD-00289,2024-11-12,November,2024,Ekart Logistics,Road,Personal Care,India,North,Uttar Pradesh,Ghaziabad,000000,Ghaziabad,India,West,Maharashtra,Mumbai,400001,Mumbai,1406,610.8,2,Delivered,2819.81,2024-11-12,32ft Container,25000,38.0,0.7626,Accepted,2024-11-14,2024-11-14,0,On-Time,Inbound
SHP-00290,LD-00290,2024-10-24,October,2024,Blue Dart,Road,Household,India,West,Maharashtra,Mumbai,000000,Mumbai,India,North,Delhi,Delhi,110001,Delhi,1454,1431.8,1,Delivered,5005.14,2024-10-24,Reefer 20ft,15000,26.0,1.6935,Accepted,2024-10-25,2024-10-25,0,On-Time,Inbound
SHP-00291,LD-00291,2024-09-07,September,2024,Delhivery,Road,Personal Care,India,East,West Bengal,Kolkata,000000,Kolkata,India,West,Maharashtra,Mumbai,400001,Mumbai,2063,201.4,2,Delivered,5264.71,2024-09-07,32ft Container,25000,38.0,0.2161,Accepted,2024-09-09,2024-09-09,0,On-Time,Inbound
SHP-00292,LD-00292,2024-09-05,September,2024,DTDC,Road,Personal Care,India,East,West Bengal,Kolkata,000000,Kolkata,India,West,Maharashtra,Mumbai,400001,Mumbai,2035,386.6,3,Delivered,4656.87,2024-09-05,Reefer 20ft,15000,26.0,0.4341,Rejected,2024-09-08,2024-09-08,0,On-Time,Inbound
SHP-00293,LD-00293,2024-11-17,November,2024,DTDC,Road,Food & Beverages,India,East,West Bengal,Kolkata,000000,Kolkata,India,South,Karnataka,Bangalore,560001,Bangalore,1837,2072.2,2,Delivered,4240.85,2024-11-17,32ft Container,25000,38.0,2.5494,Accepted,2024-11-19,2024-11-19,0,On-Time,Inbound
SHP-00294,LD-00294,2024-11-16,November,2024,Delhivery,Road,Personal Care,India,North,Uttar Pradesh,Ghaziabad,000000,Ghaziabad,India,South,Karnataka,Bangalore,560001,Bangalore,2100,345.7,3,Delivered,5539.41,2024-11-16,20ft Container,18000,28.0,0.3856,Accepted,2024-11-19,2024-11-22,3,Delayed,Inbound
SHP-00295,LD-00295,2024-10-24,October,2024,DTDC,Road,Food & Beverages,India,East,West Bengal,Kolkata,000000,Kolkata,India,South,Karnataka,Bangalore,560001,Bangalore,1898,2140.0,3,Delivered,4455.16,2024-10-24,32ft Container,25000,38.0,2.4403,Accepted,2024-10-27,2024-10-27,0,On-Time,Inbound
SHP-00296,LD-00296,2024-12-28,December,2024,Ekart Logistics,Road,Household,India,West,Maharashtra,Mumbai,000000,Mumbai,India,North,Delhi,Delhi,110001,Delhi,1427,722.9,2,Delivered,3111.74,2024-12-28,Reefer 20ft,15000,26.0,0.8497,Accepted,2024-12-30,2024-12-30,0,On-Time,Inbound
SHP-00297,LD-00297,2024-11-12,November,2024,Blue Dart,Road,Personal Care,India,West,Maharashtra,Pune,000000,Pune,India,South,Karnataka,Bangalore,560001,Bangalore,1007,456.0,2,Delivered,3135.07,2024-11-12,Reefer 20ft,15000,26.0,0.6252,Accepted,2024-11-14,2024-11-14,0,On-Time,Inbound
SHP-00298,LD-00298,2024-11-20,November,2024,Blue Dart,Road,Food & Beverages,India,North,Delhi,Delhi,000000,Delhi,India,West,Maharashtra,Mumbai,400001,Mumbai,1451,976.5,1,Delivered,4859.55,2024-11-20,32ft Container,25000,38.0,1.2507,Accepted,2024-11-21,2024-11-21,0,On-Time,Inbound
SHP-00299,LD-00299,2024-11-18,November,2024,DTDC,Road,Household,India,West,Maharashtra,Mumbai,000000,Mumbai,India,West,Maharashtra,Mumbai,400001,Mumbai,13,5054.8,3,Delivered,29.94,2024-11-18,32ft Container,25000,38.0,6.1038,Accepted,2024-11-21,2024-11-21,0,On-Time,Inbound
SHP-00300,LD-00300,2025-01-08,January,2025,Blue Dart,Road,Household,India,East,West Bengal,Kolkata,000000,Kolkata,India,South,Karnataka,Bangalore,560001,Bangalore,1890,1902.1,2,Delivered,5758.44,2025-01-08,20ft Container,18000,28.0,2.1988,Accepted,2025-01-10,2025-01-10,0,On-Time,Inbound
SHP-00301,LD-00301,2024-12-03,December,2024,Delhivery,Road,Food & Beverages,India,West,Maharashtra,Mumbai,000000,Mumbai,India,South,Karnataka,Bangalore,560001,Bangalore,999,575.6,3,Delivered,2343.16,2024-12-03,LCV,3500,9.0,0.6623,Accepted,2024-12-06,2024-12-06,0,On-Time,Inbound
SHP-00302,LD-00302,2024-10-06,October,2024,Ekart Logistics,Road,Household,India,North,Delhi,Delhi,000000,Delhi,India,South,Karnataka,Bangalore,560001,Bangalore,2145,2893.8,2,Delivered,3895.68,2024-10-06,MCV,8000,18.0,3.2894,Accepted,2024-10-08,2024-10-08,0,On-Time,Inbound
SHP-00303,LD-00303,2024-12-04,December,2024,DTDC,Road,Household,India,East,West Bengal,Kolkata,000000,Kolkata,India,North,Delhi,Delhi,110001,Delhi,1563,1451.4,2,Delivered,3317.61,2024-12-04,20ft Container,18000,28.0,1.6874,Accepted,2024-12-06,2024-12-06,0,On-Time,Inbound
SHP-00304,LD-00304,2025-01-27,January,2025,DTDC,Road,Food & Beverages,India,North,Uttar Pradesh,Ghaziabad,000000,Ghaziabad,India,South,Karnataka,Bangalore,560001,Bangalore,2166,1058.1,2,Delivered,4528.45,2025-01-27,20ft Container,18000,28.0,1.2869,Accepted,2025-01-29,2025-01-29,0,On-Time,Inbound
SHP-00305,LD-00305,2024-11-28,November,2024,DTDC,Road,Food & Beverages,India,East,West Bengal,Kolkata,000000,Kolkata,India,North,Delhi,Delhi,110001,Delhi,1507,531.6,2,Delivered,3083.48,2024-11-28,LCV,3500,9.0,0.6321,Accepted,2024-11-30,2024-11-30,0,On-Time,Inbound
SHP-00306,LD-00306,2024-12-16,December,2024,Delhivery,Road,Household,India,East,West Bengal,Kolkata,000000,Kolkata,India,South,Karnataka,Bangalore,560001,Bangalore,1902,6314.6,2,Delivered,5274.91,2024-12-16,32ft Container,25000,38.0,7.3739,Rejected,2024-12-18,2024-12-18,0,On-Time,Inbound
SHP-00307,LD-00307,2025-01-30,January,2025,Ekart Logistics,Road,Personal Care,India,North,Delhi,Delhi,000000,Delhi,India,North,Delhi,Delhi,110001,Delhi,56,210.8,3,Delivered,122.51,2025-01-30,MCV,8000,18.0,0.2614,Accepted,2025-02-02,2025-02-02,0,On-Time,Inbound
SHP-00308,LD-00308,2024-10-26,October,2024,Blue Dart,Road,Food & Beverages,India,North,Uttar Pradesh,Ghaziabad,000000,Ghaziabad,India,South,Karnataka,Bangalore,560001,Bangalore,2198,1340.9,1,Delivered,6586.1,2024-10-26,Reefer 20ft,15000,26.0,1.5733,Accepted,2024-10-27,2024-10-31,4,Delayed,Inbound
SHP-00309,LD-00309,2024-12-26,December,2024,DTDC,Road,Personal Care,India,North,Delhi,Delhi,000000,Delhi,India,West,Maharashtra,Mumbai,400001,Mumbai,1384,153.8,3,Delivered,3109.05,2024-12-26,MCV,8000,18.0,0.1917,Accepted,2024-12-29,2024-12-29,0,On-Time,Inbound
SHP-00310,LD-00310,2025-01-07,January,2025,Ekart Logistics,Road,Household,India,West,Maharashtra,Mumbai,000000,Mumbai,India,South,Karnataka,Bangalore,560001,Bangalore,1034,1066.4,3,Delivered,2141.85,2025-01-07,20ft Container,18000,28.0,1.2164,Accepted,2025-01-10,2025-01-10,0,On-Time,Inbound
SHP-00311,LD-00311,2025-01-14,January,2025,Blue Dart,Road,Food & Beverages,India,West,Maharashtra,Mumbai,000000,Mumbai,India,West,Maharashtra,Mumbai,400001,Mumbai,-8,1303.9,2,Delivered,-25.22,2025-01-14,Reefer 20ft,15000,26.0,1.6097,Accepted,2025-01-16,2025-01-16,0,On-Time,Inbound
SHP-00312,LD-00312,2025-02-01,February,2025,DTDC,Road,Food & Beverages,India,East,West Bengal,Kolkata,000000,Kolkata,India,North,Delhi,Delhi,110001,Delhi,1546,172.3,2,Delivered,3141.23,2025-02-01,Reefer 20ft,15000,26.0,0.1954,Rejected,2025-02-03,2025-02-03,0,On-Time,Inbound
SHP-00313,LD-00313,2024-12-14,December,2024,DTDC,Road,Household,India,West,Maharashtra,Pune,000000,Pune,India,South,Karnataka,Bangalore,560001,Bangalore,1022,1158.4,3,Delivered,2202.29,2024-12-14,LCV,3500,9.0,1.4075,Accepted,2024-12-17,2024-12-17,0,On-Time,Inbound
SHP-00314,LD-00314,2024-12-04,December,2024,Delhivery,Road,Household,India,West,Maharashtra,Mumbai,000000,Mumbai,India,South,Karnataka,Bangalore,560001,Bangalore,1019,816.9,3,Delivered,2447.56,2024-12-04,32ft Container,25000,38.0,0.988,Accepted,2024-12-07,2024-12-07,0,On-Time,Inbound
SHP-00315,LD-00315,2024-10-25,October,2024,Blue Dart,Road,Household,India,North,Delhi,Delhi,000000,Delhi,India,South,Karnataka,Bangalore,560001,Bangalore,2111,3461.1,2,Delivered,7191.93,2024-10-25,20ft Container,18000,28.0,4.2347,Accepted,2024-10-27,2024-10-27,0,On-Time,Inbound
SHP-00316,LD-00316,2024-09-17,September,2024,Blue Dart,Road,Personal Care,India,East,West Bengal,Kolkata,000000,Kolkata,India,South,Karnataka,Bangalore,560001,Bangalore,1898,85.0,1,Delivered,6263.31,2024-09-17,MCV,8000,18.0,0.1156,Accepted,2024-09-18,2024-09-18,0,On-Time,Inbound
SHP-00317,LD-00317,2025-02-11,February,2025,Delhivery,Road,Food & Beverages,India,West,Maharashtra,Mumbai,000000,Mumbai,India,South,Karnataka,Bangalore,560001,Bangalore,1013,220.5,3,Delivered,2459.7,2025-02-11,32ft Container,25000,38.0,0.2415,Rejected,2025-02-14,2025-02-17,3,Delayed,Inbound
SHP-00318,LD-00318,2024-09-23,September,2024,Delhivery,Road,Household,India,West,Maharashtra,Mumbai,000000,Mumbai,India,North,Delhi,Delhi,110001,Delhi,1459,2198.8,2,Delivered,3947.88,2024-09-23,20ft Container,18000,28.0,2.5448,Accepted,2024-09-25,2024-09-25,0,On-Time,Inbound
SHP-00319,LD-00319,2025-01-28,January,2025,Ekart Logistics,Road,Food & Beverages,India,North,Uttar Pradesh,Ghaziabad,000000,Ghaziabad,India,South,Karnataka,Bangalore,560001,Bangalore,2122,943.7,3,Delivered,4165.18,2025-01-28,LCV,3500,9.0,1.0255,Accepted,2025-01-31,2025-01-31,0,On-Time,Inbound
SHP-00320,LD-00320,2024-09-30,September,2024,DTDC,Road,Personal Care,India,North,Uttar Pradesh,Ghaziabad,000000,Ghaziabad,India,North,Delhi,Delhi,110001,Delhi,76,520.9,2,Delivered,161.84,2024-09-30,32ft Container,25000,38.0,0.6678,Accepted,2024-10-02,2024-10-05,3,Delayed,Inbound
SHP-00321,LD-00321,2024-09-08,September,2024,Ekart Logistics,Road,Household,India,West,Maharashtra,Mumbai,000000,Mumbai,India,South,Karnataka,Bangalore,560001,Bangalore,980,2426.9,3,Delivered,1966.47,2024-09-08,MCV,8000,18.0,2.9405,Rejected,2024-09-11,2024-09-11,0,On-Time,Inbound
SHP-00322,LD-00322,2024-09-24,September,2024,DTDC,Road,Personal Care,India,West,Maharashtra,Pune,000000,Pune,India,West,Maharashtra,Mumbai,400001,Mumbai,25,124.9,3,Delivered,51.9,2024-09-24,LCV,3500,9.0,0.1374,Accepted,2024-09-27,2024-09-27,0,On-Time,Inbound
SHP-00323,LD-00323,2024-10-22,October,2024,Gati Kinetic,Road,Food & Beverages,India,West,Maharashtra,Pune,000000,Pune,India,North,Delhi,Delhi,110001,Delhi,1380,1028.9,2,Delivered,3590.33,2024-10-22,20ft Container,18000,28.0,1.1913,Accepted,2024-10-24,2024-10-24,0,On-Time,Inbound
SHP-00324,LD-00324,2024-09-02,September,2024,Ekart Logistics,Road,Personal Care,India,West,Maharashtra,Mumbai,000000,Mumbai,India,South,Karnataka,Bangalore,560001,Bangalore,1008,773.0,3,Delivered,2164.69,2024-09-02,MCV,8000,18.0,0.9797,Accepted,2024-09-05,2024-09-05,0,On-Time,Inbound
SHP-00325,LD-00325,2024-10-27,October,2024,Gati Kinetic,Road,Food & Beverages,India,North,Uttar Pradesh,Ghaziabad,000000,Ghaziabad,India,South,Karnataka,Bangalore,560001,Bangalore,2158,186.2,3,Delivered,5672.79,2024-10-27,32ft Container,25000,38.0,0.2105,Accepted,2024-10-30,2024-10-30,0,On-Time,Inbound
SHP-00326,LD-00326,2024-09-04,September,2024,Blue Dart,Road,Food & Beverages,India,West,Maharashtra,Mumbai,000000,Mumbai,India,West,Maharashtra,Mumbai,400001,Mumbai,50,854.0,2,Delivered,152.41,2024-09-04,32ft Container,25000,38.0,1.0768,Accepted,2024-09-06,2024-09-06,0,On-Time,Inbound
SHP-00327,LD-00327,2024-10-18,October,2024,DTDC,Road,Household,India,West,Maharashtra,Mumbai,000000,Mumbai,India,South,Karnataka,Bangalore,560001,Bangalore,1008,897.8,3,Delivered,2300.1,2024-10-18,32ft Container,25000,38.0,1.0861,Accepted,2024-10-21,2024-10-21,0,On-Time,Inbound
SHP-00328,LD-00328,2025-01-21,January,2025,Delhivery,Road,Food & Beverages,India,North,Uttar Pradesh,Ghaziabad,000000,Ghaziabad,India,South,Karnataka,Bangalore,560001,Bangalore,2122,961.2,3,Delivered,5430.6,2025-01-21,20ft Container,18000,28.0,1.0642,Accepted,2025-01-24,2025-01-24,0,On-Time,Inbound
SHP-00329,LD-00329,2024-11-16,November,2024,Gati Kinetic,Road,Food & Beverages,India,West,Maharashtra,Mumbai,000000,Mumbai,India,South,Karnataka,Bangalore,560001,Bangalore,992,625.7,2,Delivered,2497.27,2024-11-16,20ft Container,18000,28.0,0.7538,Accepted,2024-11-18,2024-11-18,0,On-Time,Inbound
SHP-00330,LD-00330,2024-09-06,September,2024,DTDC,Road,Household,India,North,Uttar Pradesh,Ghaziabad,000000,Ghaziabad,India,West,Maharashtra,Mumbai,400001,Mumbai,1387,3072.6,2,Delivered,3343.95,2024-09-06,Reefer 20ft,15000,26.0,3.7724,Accepted,2024-09-08,2024-09-08,0,On-Time,Inbound
SHP-00331,LD-00331,2024-09-21,September,2024,Gati Kinetic,Road,Food & Beverages,India,West,Maharashtra,Mumbai,000000,Mumbai,India,West,Maharashtra,Mumbai,400001,Mumbai,53,3115.0,2,Delivered,124.78,2024-09-21,Reefer 20ft,15000,26.0,3.5674,Accepted,2024-09-23,2024-09-23,0,On-Time,Inbound
SHP-00332,LD-00332,2024-10-29,October,2024,DTDC,Road,Personal Care,India,North,Delhi,Delhi,000000,Delhi,India,North,Delhi,Delhi,110001,Delhi,79,339.7,3,Delivered,186.41,2024-10-29,MCV,8000,18.0,0.4435,Accepted,2024-11-01,2024-11-01,0,On-Time,Inbound
SHP-00333,LD-00333,2024-10-13,October,2024,Gati Kinetic,Road,Food & Beverages,India,West,Maharashtra,Mumbai,000000,Mumbai,India,South,Karnataka,Bangalore,560001,Bangalore,948,1089.3,3,Delivered,2091.16,2024-10-13,MCV,8000,18.0,1.2701,Accepted,2024-10-16,2024-10-16,0,On-Time,Inbound
SHP-00334,LD-00334,2024-12-11,December,2024,Blue Dart,Road,Household,India,West,Maharashtra,Mumbai,000000,Mumbai,India,West,Maharashtra,Mumbai,400001,Mumbai,19,3536.2,2,Delivered,57.51,2024-12-11,MCV,8000,18.0,4.463,Accepted,2024-12-13,2024-12-14,1,Delayed,Inbound
SHP-00335,LD-00335,2025-01-13,January,2025,Delhivery,Road,Personal Care,India,North,Delhi,Delhi,000000,Delhi,India,West,Maharashtra,Mumbai,400001,Mumbai,1399,687.5,3,Delivered,3672.72,2025-01-13,Reefer 20ft,15000,26.0,0.825,Accepted,2025-01-16,2025-01-16,0,On-Time,Inbound
SHP-00336,LD-00336,2025-01-31,January,2025,Ekart Logistics,Road,Personal Care,India,North,Delhi,Delhi,000000,Delhi,India,South,Karnataka,Bangalore,560001,Bangalore,2139,807.7,3,Delivered,4627.87,2025-01-31,Reefer 20ft,15000,26.0,0.9618,Accepted,2025-02-03,2025-02-03,0,On-Time,Inbound
SHP-00337,LD-00337,2024-11-18,November,2024,Gati Kinetic,Road,Food & Beverages,India,East,West Bengal,Kolkata,000000,Kolkata,India,North,Delhi,Delhi,110001,Delhi,1548,2538.1,2,Delivered,3349.86,2024-11-18,MCV,8000,18.0,2.9319,Accepted,2024-11-20,2024-11-20,0,On-Time,Inbound
SHP-00338,LD-00338,2024-12-20,December,2024,Blue Dart,Road,Personal Care,India,North,Uttar Pradesh,Ghaziabad,000000,Ghaziabad,India,West,Maharashtra,Mumbai,400001,Mumbai,1420,60.2,2,Delivered,4448.35,2024-12-20,Reefer 20ft,15000,26.0,0.0622,Accepted,2024-12-22,2024-12-22,0,On-Time,Inbound
SHP-00339,LD-00339,2024-10-27,October,2024,Gati Kinetic,Road,Food & Beverages,India,East,West Bengal,Kolkata,000000,Kolkata,India,South,Karnataka,Bangalore,560001,Bangalore,1903,3749.4,2,Delivered,4789.1,2024-10-27,LCV,3500,9.0,4.4456,Accepted,2024-10-29,2024-10-29,0,On-Time,Inbound
SHP-00340,LD-00340,2024-10-17,October,2024,Blue Dart,Road,Food & Beverages,India,West,Maharashtra,Pune,000000,Pune,India,West,Maharashtra,Mumbai,400001,Mumbai,4,4374.2,2,Delivered,12.34,2024-10-17,MCV,8000,18.0,5.3797,Accepted,2024-10-19,2024-10-19,0,On-Time,Inbound
SHP-00341,LD-00341,2024-09-27,September,2024,Delhivery,Road,Personal Care,India,West,Maharashtra,Mumbai,000000,Mumbai,India,South,Karnataka,Bangalore,560001,Bangalore,974,72.5,2,Delivered,2677.11,2024-09-27,MCV,8000,18.0,0.0987,Accepted,2024-09-29,2024-09-29,0,On-Time,Inbound
SHP-00342,LD-00342,2024-11-24,November,2024,Blue Dart,Road,Food & Beverages,India,West,Maharashtra,Mumbai,000000,Mumbai,India,West,Maharashtra,Mumbai,400001,Mumbai,40,153.3,2,Delivered,119.85,2024-11-24,Reefer 20ft,15000,26.0,0.1864,Accepted,2024-11-26,2024-11-26,0,On-Time,Inbound
SHP-00343,LD-00343,2024-10-02,October,2024,Blue Dart,Road,Food & Beverages,India,East,West Bengal,Kolkata,000000,Kolkata,India,West,Maharashtra,Mumbai,400001,Mumbai,2096,169.0,2,Delivered,6929.89,2024-10-02,20ft Container,18000,28.0,0.2194,Accepted,2024-10-04,2024-10-04,0,On-Time,Inbound
SHP-00344,LD-00344,2024-10-11,October,2024,DTDC,Road,Food & Beverages,India,North,Uttar Pradesh,Ghaziabad,000000,Ghaziabad,India,West,Maharashtra,Mumbai,400001,Mumbai,1390,3319.4,3,Delivered,2972.64,2024-10-11,LCV,3500,9.0,3.8769,Rejected,2024-10-14,2024-10-14,0,On-Time,Inbound
SHP-00345,LD-00345,2024-10-31,October,2024,Blue Dart,Road,Food & Beverages,India,West,Maharashtra,Pune,000000,Pune,India,South,Karnataka,Bangalore,560001,Bangalore,1009,1039.2,1,Delivered,3411.86,2024-10-31,20ft Container,18000,28.0,1.1525,Accepted,2024-11-01,2024-11-01,0,On-Time,Inbound
SHP-00346,LD-00346,2024-09-23,September,2024,DTDC,Road,Household,India,North,Delhi,Delhi,000000,Delhi,India,South,Karnataka,Bangalore,560001,Bangalore,2107,3173.1,3,Delivered,4501.45,2024-09-23,20ft Container,18000,28.0,3.9906,Accepted,2024-09-26,2024-09-26,0,On-Time,Inbound
SHP-00347,LD-00347,2025-01-03,January,2025,Delhivery,Road,Personal Care,India,East,West Bengal,Kolkata,000000,Kolkata,India,South,Karnataka,Bangalore,560001,Bangalore,1865,314.6,3,Delivered,5066.62,2025-01-03,MCV,8000,18.0,0.3136,Accepted,2025-01-06,2025-01-06,0,On-Time,Inbound
SHP-00348,LD-00348,2025-01-22,January,2025,Gati Kinetic,Road,Food & Beverages,India,West,Maharashtra,Mumbai,000000,Mumbai,India,North,Delhi,Delhi,110001,Delhi,1400,1053.9,2,Delivered,3607.07,2025-01-22,MCV,8000,18.0,1.2054,Accepted,2025-01-24,2025-01-24,0,On-Time,Inbound
SHP-00349,LD-00349,2025-01-14,January,2025,Blue Dart,Road,Personal Care,India,North,Delhi,Delhi,000000,Delhi,India,South,Karnataka,Bangalore,560001,Bangalore,2102,453.4,1,Delivered,6887.48,2025-01-14,32ft Container,25000,38.0,0.5302,Accepted,2025-01-15,2025-01-15,0,On-Time,Inbound
SHP-00350,LD-00350,2024-09-17,September,2024,DTDC,Road,Food & Beverages,India,West,Maharashtra,Pune,000000,Pune,India,South,Karnataka,Bangalore,560001,Bangalore,1013,1037.1,3,Delivered,2131.94,2024-09-17,32ft Container,25000,38.0,1.1761,Accepted,2024-09-20,2024-09-20,0,On-Time,Inbound
SHP-00351,LD-00351,2025-01-12,January,2025,Blue Dart,Road,Personal Care,India,East,West Bengal,Kolkata,000000,Kolkata,India,West,Maharashtra,Mumbai,400001,Mumbai,2103,235.6,3,Delivered,6920.39,2025-01-12,20ft Container,18000,28.0,0.297,Accepted,2025-01-15,2025-01-15,0,On-Time,Inbound
SHP-00352,LD-00352,2024-12-03,December,2024,Blue Dart,Road,Personal Care,India,North,Uttar Pradesh,Ghaziabad,000000,Ghaziabad,India,West,Maharashtra,Mumbai,400001,Mumbai,1424,159.2,2,Delivered,4831.14,2024-12-03,20ft Container,18000,28.0,0.1962,Rejected,2024-12-05,2024-12-05,0,On-Time,Inbound
SHP-00353,LD-00353,2024-09-15,September,2024,DTDC,Road,Household,India,East,West Bengal,Kolkata,000000,Kolkata,India,South,Karnataka,Bangalore,560001,Bangalore,1832,225.0,2,Delivered,4211.91,2024-09-15,20ft Container,18000,28.0,0.2629,Accepted,2024-09-17,2024-09-17,0,On-Time,Inbound
SHP-00354,LD-00354,2025-02-16,February,2025,Ekart Logistics,Road,Food & Beverages,India,West,Maharashtra,Pune,000000,Pune,India,North,Delhi,Delhi,110001,Delhi,1463,2752.9,3,Delivered,3007.12,2025-02-16,20ft Container,18000,28.0,3.1959,Accepted,2025-02-19,2025-02-19,0,On-Time,Inbound
SHP-00355,LD-00355,2024-10-13,October,2024,Blue Dart,Road,Food & Beverages,India,East,West Bengal,Kolkata,000000,Kolkata,India,West,Maharashtra,Mumbai,400001,Mumbai,2100,993.9,1,Delivered,7380.53,2024-10-13,LCV,3500,9.0,1.1255,Accepted,2024-10-14,2024-10-14,0,On-Time,Inbound
SHP-00356,LD-00356,2024-11-22,November,2024,Gati Kinetic,Road,Food & Beverages,India,East,West Bengal,Kolkata,000000,Kolkata,India,West,Maharashtra,Mumbai,400001,Mumbai,2076,795.0,2,Delivered,5442.43,2024-11-22,LCV,3500,9.0,0.9083,Accepted,2024-11-24,2024-11-24,0,On-Time,Inbound
SHP-00357,LD-00357,2024-11-12,November,2024,Blue Dart,Road,Household,India,West,Maharashtra,Mumbai,000000,Mumbai,India,West,Maharashtra,Mumbai,400001,Mumbai,50,381.2,1,Delivered,160.36,2024-11-12,LCV,3500,9.0,0.4493,Accepted,2024-11-13,2024-11-13,0,On-Time,Inbound
SHP-00358,LD-00358,2024-09-10,September,2024,Blue Dart,Road,Household,India,North,Delhi,Delhi,000000,Delhi,India,South,Karnataka,Bangalore,560001,Bangalore,2138,2470.1,1,Delivered,6283.2,2024-09-10,LCV,3500,9.0,2.7816,Accepted,2024-09-11,2024-09-11,0,On-Time,Inbound
SHP-00359,LD-00359,2025-01-02,January,2025,DTDC,Road,Food & Beverages,India,East,West Bengal,Kolkata,000000,Kolkata,India,North,Delhi,Delhi,110001,Delhi,1528,996.9,3,Delivered,3078.2,2025-01-02,Reefer 20ft,15000,26.0,1.1613,Rejected,2025-01-05,2025-01-05,0,On-Time,Inbound
SHP-00360,LD-00360,2024-12-16,December,2024,Gati Kinetic,Road,Household,India,West,Maharashtra,Mumbai,000000,Mumbai,India,West,Maharashtra,Mumbai,400001,Mumbai,61,2381.6,1,Delivered,154.52,2024-12-16,20ft Container,18000,28.0,2.8863,Accepted,2024-12-17,2024-12-17,0,On-Time,Inbound
SHP-00361,LD-00361,2025-01-17,January,2025,DTDC,Road,Household,India,West,Maharashtra,Mumbai,000000,Mumbai,India,West,Maharashtra,Mumbai,400001,Mumbai,53,3921.4,2,Delivered,116.71,2025-01-17,Reefer 20ft,15000,26.0,4.6228,Accepted,2025-01-19,2025-01-19,0,On-Time,Inbound
SHP-00362,LD-00362,2024-10-04,October,2024,Delhivery,Road,Food & Beverages,India,East,West Bengal,Kolkata,000000,Kolkata,India,West,Maharashtra,Mumbai,400001,Mumbai,2094,195.9,3,Delivered,5373.07,2024-10-04,MCV,8000,18.0,0.2343,Accepted,2024-10-07,2024-10-07,0,On-Time,Inbound
SHP-00363,LD-00363,2024-10-21,October,2024,Ekart Logistics,Road,Food & Beverages,India,West,Maharashtra,Mumbai,000000,Mumbai,India,North,Delhi,Delhi,110001,Delhi,1406,806.5,2,Delivered,2915.9,2024-10-21,MCV,8000,18.0,0.9748,Accepted,2024-10-23,2024-10-23,0,On-Time,Inbound
SHP-00364,LD-00364,2024-12-03,December,2024,Gati Kinetic,Road,Personal Care,India,East,West Bengal,Kolkata,000000,Kolkata,India,North,Delhi,Delhi,110001,Delhi,1558,440.6,2,Delivered,3979.69,2024-12-03,LCV,3500,9.0,0.6048,Accepted,2024-12-05,2024-12-05,0,On-Time,Inbound
SHP-00365,LD-00365,2024-09-12,September,2024,Gati Kinetic,Road,Food & Beverages,India,North,Delhi,Delhi,000000,Delhi,India,South,Karnataka,Bangalore,560001,Bangalore,2179,1212.5,2,Delivered,5675.93,2024-09-12,32ft Container,25000,38.0,1.5941,Accepted,2024-09-14,2024-09-14,0,On-Time,Inbound
SHP-00366,LD-00366,2024-09-29,September,2024,DTDC,Road,Personal Care,India,West,Maharashtra,Mumbai,000000,Mumbai,India,West,Maharashtra,Mumbai,400001,Mumbai,46,225.1,3,Delivered,106.27,2024-09-29,Reefer 20ft,15000,26.0,0.244,Accepted,2024-10-02,2024-10-02,0,On-Time,Inbound
SHP-00367,LD-00367,2024-12-06,December,2024,Blue Dart,Road,Household,India,North,Delhi,Delhi,000000,Delhi,India,South,Karnataka,Bangalore,560001,Bangalore,2159,377.2,2,Delivered,7122.64,2024-12-06,20ft Container,18000,28.0,0.4327,Rejected,2024-12-08,2024-12-08,0,On-Time,Inbound
SHP-00368,LD-00368,2024-09-28,September,2024,DTDC,Road,Food & Beverages,India,North,Uttar Pradesh,Ghaziabad,000000,Ghaziabad,India,West,Maharashtra,Mumbai,400001,Mumbai,1405,1060.8,2,Delivered,3081.52,2024-09-28,20ft Container,18000,28.0,1.2729,Accepted,2024-09-30,2024-09-30,0,On-Time,Inbound
SHP-00369,LD-00369,2025-01-07,January,2025,Delhivery,Road,Personal Care,India,North,Delhi,Delhi,000000,Delhi,India,North,Delhi,Delhi,110001,Delhi,-18,445.7,2,Delivered,-45.37,2025-01-07,32ft Container,25000,38.0,0.5707,Accepted,2025-01-09,2025-01-09,0,On-Time,Inbound
SHP-00370,LD-00370,2025-01-07,January,2025,Delhivery,Road,Household,India,North,Uttar Pradesh,Ghaziabad,000000,Ghaziabad,India,South,Karnataka,Bangalore,560001,Bangalore,2171,4941.1,2,Delivered,6151.62,2025-01-07,20ft Container,18000,28.0,6.2968,Accepted,2025-01-09,2025-01-09,0,On-Time,Inbound
SHP-00371,LD-00371,2024-09-23,September,2024,Delhivery,Road,Household,India,East,West Bengal,Kolkata,000000,Kolkata,India,West,Maharashtra,Mumbai,400001,Mumbai,2069,1450.9,1,Delivered,5820.23,2024-09-23,MCV,8000,18.0,1.7416,Accepted,2024-09-24,2024-09-24,0,On-Time,Inbound
SHP-00372,LD-00372,2025-02-15,February,2025,Delhivery,Road,Personal Care,India,North,Delhi,Delhi,000000,Delhi,India,South,Karnataka,Bangalore,560001,Bangalore,2117,178.2,2,Delivered,5427.21,2025-02-15,Reefer 20ft,15000,26.0,0.1807,Accepted,2025-02-17,2025-02-17,0,On-Time,Inbound
SHP-00373,LD-00373,2024-09-18,September,2024,DTDC,Road,Personal Care,India,North,Delhi,Delhi,000000,Delhi,India,North,Delhi,Delhi,110001,Delhi,32,305.6,3,Delivered,67.63,2024-09-18,MCV,8000,18.0,0.3579,Accepted,2024-09-21,2024-09-21,0,On-Time,Inbound
SHP-00374,LD-00374,2024-10-19,October,2024,Delhivery,Road,Household,India,North,Uttar Pradesh,Ghaziabad,000000,Ghaziabad,India,South,Karnataka,Bangalore,560001,Bangalore,2129,5145.0,2,Delivered,5642.08,2024-10-19,Reefer 20ft,15000,26.0,6.167,Accepted,2024-10-21,2024-10-21,0,On-Time,Inbound
SHP-00375,LD-00375,2025-01-01,January,2025,Blue Dart,Road,Food & Beverages,India,West,Maharashtra,Mumbai,000000,Mumbai,India,North,Delhi,Delhi,110001,Delhi,1389,3846.2,2,Delivered,4201.47,2025-01-01,32ft Container,25000,38.0,4.6558,Accepted,2025-01-03,2025-01-03,0,On-Time,Inbound
SHP-00376,LD-00376,2024-10-27,October,2024,Gati Kinetic,Road,Personal Care,India,North,Uttar Pradesh,Ghaziabad,000000,Ghaziabad,India,North,Delhi,Delhi,110001,Delhi,42,87.9,2,Delivered,104.59,2024-10-27,Reefer 20ft,15000,26.0,0.1179,Accepted,2024-10-29,2024-10-31,2,Delayed,Inbound
SHP-00377,LD-00377,2024-09-11,September,2024,Gati Kinetic,Road,Food & Beverages,India,East,West Bengal,Kolkata,000000,Kolkata,India,North,Delhi,Delhi,110001,Delhi,1546,899.5,3,Delivered,3420.48,2024-09-11,20ft Container,18000,28.0,1.0996,Accepted,2024-09-14,2024-09-14,0,On-Time,Inbound
SHP-00378,LD-00378,2025-01-16,January,2025,Ekart Logistics,Road,Household,India,West,Maharashtra,Pune,000000,Pune,India,North,Delhi,Delhi,110001,Delhi,1402,1548.4,2,Delivered,2770.1,2025-01-16,32ft Container,25000,38.0,1.8412,Accepted,2025-01-18,2025-01-18,0,On-Time,Inbound
SHP-00379,LD-00379,2024-12-18,December,2024,Delhivery,Road,Food & Beverages,India,West,Maharashtra,Mumbai,000000,Mumbai,India,West,Maharashtra,Mumbai,400001,Mumbai,-6,5780.2,3,Delivered,-14.6,2024-12-18,Reefer 20ft,15000,26.0,6.5564,Accepted,2024-12-21,2024-12-21,0,On-Time,Inbound
SHP-00380,LD-00380,2024-12-15,December,2024,Gati Kinetic,Road,Food & Beverages,India,North,Delhi,Delhi,000000,Delhi,India,South,Karnataka,Bangalore,560001,Bangalore,2111,4391.5,2,Delivered,4813.16,2024-12-15,MCV,8000,18.0,5.2694,Accepted,2024-12-17,2024-12-17,0,On-Time,Inbound
SHP-00381,LD-00381,2024-09-24,September,2024,Blue Dart,Road,Household,India,North,Delhi,Delhi,000000,Delhi,India,South,Karnataka,Bangalore,560001,Bangalore,2148,2084.6,1,Delivered,6942.81,2024-09-24,32ft Container,25000,38.0,2.366,Rejected,2024-09-25,2024-09-25,0,On-Time,Inbound
SHP-00382,LD-00382,2025-02-16,February,2025,Ekart Logistics,Road,Food & Beverages,India,West,Maharashtra,Mumbai,000000,Mumbai,India,North,Delhi,Delhi,110001,Delhi,1404,290.6,3,Delivered,2937.26,2025-02-16,LCV,3500,9.0,0.3244,Accepted,2025-02-19,2025-02-19,0,On-Time,Inbound
SHP-00383,LD-00383,2024-10-04,October,2024,Blue Dart,Road,Household,India,North,Delhi,Delhi,000000,Delhi,India,West,Maharashtra,Mumbai,400001,Mumbai,1395,1103.7,1,Delivered,4211.22,2024-10-04,MCV,8000,18.0,1.2767,Accepted,2024-10-05,2024-10-05,0,On-Time,Inbound
SHP-00384,LD-00384,2024-09-21,September,2024,Gati Kinetic,Road,Personal Care,India,East,West Bengal,Kolkata,000000,Kolkata,India,West,Maharashtra,Mumbai,400001,Mumbai,2036,774.4,2,Delivered,4578.4,2024-09-21,32ft Container,25000,38.0,0.9359,Rejected,2024-09-23,2024-09-23,0,On-Time,Inbound
SHP-00385,LD-00385,2024-09-09,September,2024,Delhivery,Road,Food & Beverages,India,West,Maharashtra,Mumbai,000000,Mumbai,India,West,Maharashtra,Mumbai,400001,Mumbai,58,1105.0,2,Delivered,155.65,2024-09-09,LCV,3500,9.0,1.2208,Accepted,2024-09-11,2024-09-12,1,Delayed,Inbound
SHP-00386,LD-00386,2025-01-27,January,2025,Gati Kinetic,Road,Household,India,North,Delhi,Delhi,000000,Delhi,India,South,Karnataka,Bangalore,560001,Bangalore,2197,2791.6,2,Delivered,5196.16,2025-01-27,20ft Container,18000,28.0,3.546,Accepted,2025-01-29,2025-01-29,0,On-Time,Inbound
SHP-00387,LD-00387,2024-10-02,October,2024,Delhivery,Road,Personal Care,India,West,Maharashtra,Mumbai,000000,Mumbai,India,West,Maharashtra,Mumbai,400001,Mumbai,-9,285.8,2,Delivered,-23.32,2024-10-02,Reefer 20ft,15000,26.0,0.3621,Accepted,2024-10-04,2024-10-04,0,On-Time,Inbound
SHP-00388,LD-00388,2025-02-03,February,2025,Gati Kinetic,Road,Household,India,North,Uttar Pradesh,Ghaziabad,000000,Ghaziabad,India,South,Karnataka,Bangalore,560001,Bangalore,2163,2618.0,3,Delivered,5211.66,2025-02-03,Reefer 20ft,15000,26.0,3.127,Accepted,2025-02-06,2025-02-06,0,On-Time,Inbound
SHP-00389,LD-00389,2024-10-30,October,2024,Ekart Logistics,Road,Food & Beverages,India,North,Delhi,Delhi,000000,Delhi,India,West,Maharashtra,Mumbai,400001,Mumbai,1418,1937.1,3,Delivered,2787.24,2024-10-30,Reefer 20ft,15000,26.0,2.4632,Accepted,2024-11-02,2024-11-02,0,On-Time,Inbound
SHP-00390,LD-00390,2025-02-11,February,2025,Blue Dart,Road,Personal Care,India,West,Maharashtra,Pune,000000,Pune,India,South,Karnataka,Bangalore,560001,Bangalore,1033,92.8,2,Delivered,2979.09,2025-02-11,LCV,3500,9.0,0.1015,Accepted,2025-02-13,2025-02-13,0,On-Time,Inbound
SHP-00391,LD-00391,2025-02-05,February,2025,Ekart Logistics,Road,Household,India,East,West Bengal,Kolkata,000000,Kolkata,India,West,Maharashtra,Mumbai,400001,Mumbai,2091,2706.3,3,Delivered,3893.77,2025-02-05,32ft Container,25000,38.0,3.1619,Accepted,2025-02-08,2025-02-08,0,On-Time,Inbound
SHP-00392,LD-00392,2024-12-15,December,2024,Gati Kinetic,Road,Personal Care,India,West,Maharashtra,Mumbai,000000,Mumbai,India,South,Karnataka,Bangalore,560001,Bangalore,1003,450.1,3,Delivered,2175.49,2024-12-15,Reefer 20ft,15000,26.0,0.5792,Accepted,2024-12-18,2024-12-18,0,On-Time,Inbound
SHP-00393,LD-00393,2024-10-09,October,2024,Blue Dart,Road,Food & Beverages,India,West,Maharashtra,Mumbai,000000,Mumbai,India,West,Maharashtra,Mumbai,400001,Mumbai,-6,760.0,3,Delivered,-20.6,2024-10-09,Reefer 20ft,15000,26.0,0.9062,Accepted,2024-10-12,2024-10-12,0,On-Time,Inbound
SHP-00394,LD-00394,2024-11-09,November,2024,Blue Dart,Road,Household,India,West,Maharashtra,Mumbai,000000,Mumbai,India,South,Karnataka,Bangalore,560001,Bangalore,1002,1434.6,2,Delivered,3079.63,2024-11-09,32ft Container,25000,38.0,1.8078,Accepted,2024-11-11,2024-11-11,0,On-Time,Inbound
SHP-00395,LD-00395,2024-12-23,December,2024,Blue Dart,Road,Personal Care,India,West,Maharashtra,Pune,000000,Pune,India,North,Delhi,Delhi,110001,Delhi,1383,426.2,2,Delivered,4664.12,2024-12-23,LCV,3500,9.0,0.4771,Accepted,2024-12-25,2024-12-25,0,On-Time,Inbound
SHP-00396,LD-00396,2024-09-10,September,2024,Delhivery,Road,Personal Care,India,North,Delhi,Delhi,000000,Delhi,India,South,Karnataka,Bangalore,560001,Bangalore,2111,228.4,1,Delivered,5305.6,2024-09-10,Reefer 20ft,15000,26.0,0.3191,Accepted,2024-09-11,2024-09-11,0,On-Time,Inbound
SHP-00397,LD-00397,2025-01-26,January,2025,Blue Dart,Road,Household,India,North,Uttar Pradesh,Ghaziabad,000000,Ghaziabad,India,North,Delhi,Delhi,110001,Delhi,14,461.1,1,Delivered,41.66,2025-01-26,20ft Container,18000,28.0,0.5508,Accepted,2025-01-27,2025-01-27,0,On-Time,Inbound
SHP-00398,LD-00398,2025-01-17,January,2025,Delhivery,Road,Food & Beverages,India,East,West Bengal,Kolkata,000000,Kolkata,India,North,Delhi,Delhi,110001,Delhi,1489,846.0,2,Delivered,3725.35,2025-01-17,32ft Container,25000,38.0,0.9925,Accepted,2025-01-19,2025-01-19,0,On-Time,Inbound
SHP-00399,LD-00399,2024-10-04,October,2024,Blue Dart,Road,Personal Care,India,West,Maharashtra,Mumbai,000000,Mumbai,India,South,Karnataka,Bangalore,560001,Bangalore,1015,159.2,2,Delivered,3466.38,2024-10-04,Reefer 20ft,15000,26.0,0.219,Accepted,2024-10-06,2024-10-06,0,On-Time,Inbound
SHP-00400,LD-00400,2024-11-25,November,2024,DTDC,Road,Household,India,West,Maharashtra,Mumbai,000000,Mumbai,India,South,Karnataka,Bangalore,560001,Bangalore,1007,4099.1,2,Delivered,2052.26,2024-11-25,MCV,8000,18.0,5.0569,Accepted,2024-11-27,2024-11-27,0,On-Time,Inbound
SHP-00401,LD-00401,2024-12-26,December,2024,Blue Dart,Road,Household,India,West,Maharashtra,Mumbai,000000,Mumbai,India,South,Karnataka,Bangalore,560001,Bangalore,985,767.8,1,Delivered,2952.39,2024-12-26,LCV,3500,9.0,0.8996,Accepted,2024-12-27,2024-12-27,0,On-Time,Inbound
SHP-00402,LD-00402,2025-01-03,January,2025,Gati Kinetic,Road,Food & Beverages,India,West,Maharashtra,Mumbai,000000,Mumbai,India,West,Maharashtra,Mumbai,400001,Mumbai,57,1057.9,1,Delivered,138.84,2025-01-03,LCV,3500,9.0,1.2553,Accepted,2025-01-04,2025-01-04,0,On-Time,Inbound
SHP-00403,LD-00403,2025-01-21,January,2025,DTDC,Road,Personal Care,India,East,West Bengal,Kolkata,000000,Kolkata,India,West,Maharashtra,Mumbai,400001,Mumbai,2079,139.3,3,Delivered,4176.85,2025-01-21,MCV,8000,18.0,0.1383,Accepted,2025-01-24,2025-01-24,0,On-Time,Inbound
SHP-00404,LD-00404,2025-01-24,January,2025,Gati Kinetic,Road,Household,India,East,West Bengal,Kolkata,000000,Kolkata,India,South,Karnataka,Bangalore,560001,Bangalore,1882,844.5,1,Delivered,4168.39,2025-01-24,Reefer 20ft,15000,26.0,0.9551,Accepted,2025-01-25,2025-01-25,0,On-Time,Inbound
SHP-00405,LD-00405,2024-10-16,October,2024,Gati Kinetic,Road,Household,India,East,West Bengal,Kolkata,000000,Kolkata,India,West,Maharashtra,Mumbai,400001,Mumbai,2041,6496.9,2,Delivered,4621.75,2024-10-16,20ft Container,18000,28.0,7.8873,Accepted,2024-10-18,2024-10-18,0,On-Time,Inbound
SHP-00406,LD-00406,2025-02-17,February,2025,Delhivery,Road,Household,India,West,Maharashtra,Mumbai,000000,Mumbai,India,South,Karnataka,Bangalore,560001,Bangalore,973,1765.7,2,Delivered,2565.36,2025-02-17,LCV,3500,9.0,1.9818,Accepted,2025-02-19,2025-02-19,0,On-Time,Inbound
SHP-00407,LD-00407,2024-09-23,September,2024,DTDC,Road,Household,India,East,West Bengal,Kolkata,000000,Kolkata,India,West,Maharashtra,Mumbai,400001,Mumbai,2030,690.2,2,Delivered,4647.64,2024-09-23,20ft Container,18000,28.0,0.9176,Accepted,2024-09-25,2024-09-25,0,On-Time,Inbound
SHP-00408,LD-00408,2024-09-08,September,2024,DTDC,Road,Household,India,East,West Bengal,Kolkata,000000,Kolkata,India,West,Maharashtra,Mumbai,400001,Mumbai,2085,1743.7,2,Delivered,4628.39,2024-09-08,MCV,8000,18.0,2.0477,Accepted,2024-09-10,2024-09-10,0,On-Time,Inbound
SHP-00409,LD-00409,2025-01-21,January,2025,Delhivery,Road,Household,India,North,Delhi,Delhi,000000,Delhi,India,West,Maharashtra,Mumbai,400001,Mumbai,1383,1361.8,3,Delivered,3754.98,2025-01-21,20ft Container,18000,28.0,1.6447,Accepted,2025-01-24,2025-01-24,0,On-Time,Inbound
SHP-00410,LD-00410,2024-10-06,October,2024,Blue Dart,Road,Food & Beverages,India,North,Delhi,Delhi,000000,Delhi,India,West,Maharashtra,Mumbai,400001,Mumbai,1388,5551.4,1,Delivered,4401.09,2024-10-06,Reefer 20ft,15000,26.0,6.8152,Accepted,2024-10-07,2024-10-07,0,On-Time,Inbound
SHP-00411,LD-00411,2024-10-28,October,2024,DTDC,Road,Household,India,East,West Bengal,Kolkata,000000,Kolkata,India,West,Maharashtra,Mumbai,400001,Mumbai,2103,2487.4,2,Delivered,4503.5,2024-10-28,Reefer 20ft,15000,26.0,2.9578,Accepted,2024-10-30,2024-10-30,0,On-Time,Inbound
SHP-00412,LD-00412,2024-09-29,September,2024,DTDC,Road,Food & Beverages,India,West,Maharashtra,Mumbai,000000,Mumbai,India,South,Karnataka,Bangalore,560001,Bangalore,994,867.1,2,Delivered,2194.21,2024-09-29,LCV,3500,9.0,1.0662,Accepted,2024-10-01,2024-10-02,1,Delayed,Inbound
SHP-00413,LD-00413,2024-12-30,December,2024,Delhivery,Road,Food & Beverages,India,East,West Bengal,Kolkata,000000,Kolkata,India,South,Karnataka,Bangalore,560001,Bangalore,1888,1294.0,1,Delivered,5182.25,2024-12-30,LCV,3500,9.0,1.4838,Accepted,2024-12-31,2024-12-31,0,On-Time,Inbound
SHP-00414,LD-00414,2024-11-24,November,2024,Ekart Logistics,Road,Household,India,West,Maharashtra,Mumbai,000000,Mumbai,India,South,Karnataka,Bangalore,560001,Bangalore,1028,310.7,2,Delivered,2173.2,2024-11-24,LCV,3500,9.0,0.3962,Accepted,2024-11-26,2024-11-29,3,Delayed,Inbound
SHP-00415,LD-00415,2024-10-14,October,2024,Ekart Logistics,Road,Personal Care,India,West,Maharashtra,Mumbai,000000,Mumbai,India,South,Karnataka,Bangalore,560001,Bangalore,1035,196.5,2,Delivered,1978.03,2024-10-14,20ft Container,18000,28.0,0.2273,Accepted,2024-10-16,2024-10-16,0,On-Time,Inbound
SHP-00416,LD-00416,2024-09-04,September,2024,DTDC,Road,Food & Beverages,India,North,Uttar Pradesh,Ghaziabad,000000,Ghaziabad,India,West,Maharashtra,Mumbai,400001,Mumbai,1387,3611.8,2,Delivered,2905.7,2024-09-04,LCV,3500,9.0,4.3004,Accepted,2024-09-06,2024-09-06,0,On-Time,Inbound
SHP-00417,LD-00417,2024-09-09,September,2024,Ekart Logistics,Road,Food & Beverages,India,North,Delhi,Delhi,000000,Delhi,India,West,Maharashtra,Mumbai,400001,Mumbai,1395,1744.0,3,Delivered,2879.65,2024-09-09,MCV,8000,18.0,2.0475,Accepted,2024-09-12,2024-09-12,0,On-Time,Inbound
SHP-00418,LD-00418,2024-11-28,November,2024,Ekart Logistics,Road,Food & Beverages,India,West,Maharashtra,Pune,000000,Pune,India,North,Delhi,Delhi,110001,Delhi,1403,584.4,3,Delivered,2792.68,2024-11-28,MCV,8000,18.0,0.7402,Accepted,2024-12-01,2024-12-01,0,On-Time,Inbound
SHP-00419,LD-00419,2024-12-09,December,2024,Gati Kinetic,Road,Food & Beverages,India,West,Maharashtra,Pune,000000,Pune,India,South,Karnataka,Bangalore,560001,Bangalore,1022,4556.6,3,Delivered,2676.43,2024-12-09,Reefer 20ft,15000,26.0,5.5941,Accepted,2024-12-12,2024-12-12,0,On-Time,Inbound
SHP-00420,LD-00420,2025-02-04,February,2025,Gati Kinetic,Road,Personal Care,India,West,Maharashtra,Mumbai,000000,Mumbai,India,South,Karnataka,Bangalore,560001,Bangalore,985,257.4,3,Delivered,2345.61,2025-02-04,Reefer 20ft,15000,26.0,0.2891,Accepted,2025-02-07,2025-02-07,0,On-Time,Inbound
SHP-00421,LD-00421,2024-11-26,November,2024,Ekart Logistics,Road,Personal Care,India,West,Maharashtra,Pune,000000,Pune,India,North,Delhi,Delhi,110001,Delhi,1378,455.2,3,Delivered,2858.25,2024-11-26,Reefer 20ft,15000,26.0,0.5658,Accepted,2024-11-29,2024-11-29,0,On-Time,Inbound
SHP-00422,LD-00422,2024-10-20,October,2024,DTDC,Road,Personal Care,India,North,Uttar Pradesh,Ghaziabad,000000,Ghaziabad,India,South,Karnataka,Bangalore,560001,Bangalore,2181,575.3,2,Delivered,4435.25,2024-10-20,Reefer 20ft,15000,26.0,0.7318,Accepted,2024-10-22,2024-10-22,0,On-Time,Inbound
SHP-00423,LD-00423,2025-02-16,February,2025,Gati Kinetic,Road,Food & Beverages,India,North,Delhi,Delhi,000000,Delhi,India,North,Delhi,Delhi,110001,Delhi,61,1572.7,2,Delivered,145.04,2025-02-16,20ft Container,18000,28.0,1.9088,Accepted,2025-02-18,2025-02-18,0,On-Time,Inbound
SHP-00424,LD-00424,2024-10-12,October,2024,DTDC,Road,Personal Care,India,West,Maharashtra,Mumbai,000000,Mumbai,India,West,Maharashtra,Mumbai,400001,Mumbai,13,388.8,2,Delivered,26.76,2024-10-12,LCV,3500,9.0,0.5159,Rejected,2024-10-14,2024-10-14,0,On-Time,Inbound
SHP-00425,LD-00425,2025-02-13,February,2025,Delhivery,Road,Food & Beverages,India,East,West Bengal,Kolkata,000000,Kolkata,India,North,Delhi,Delhi,110001,Delhi,1484,477.6,3,Delivered,3528.83,2025-02-13,20ft Container,18000,28.0,0.5538,Accepted,2025-02-16,2025-02-16,0,On-Time,Inbound
SHP-00426,LD-00426,2025-01-06,January,2025,Blue Dart,Road,Food & Beverages,India,West,Maharashtra,Mumbai,000000,Mumbai,India,West,Maharashtra,Mumbai,400001,Mumbai,30,703.9,2,Delivered,97.43,2025-01-06,LCV,3500,9.0,0.8116,Accepted,2025-01-08,2025-01-08,0,On-Time,Inbound
SHP-00427,LD-00427,2024-12-13,December,2024,Gati Kinetic,Road,Personal Care,India,West,Maharashtra,Mumbai,000000,Mumbai,India,West,Maharashtra,Mumbai,400001,Mumbai,-5,258.0,2,Delivered,-12.16,2024-12-13,MCV,8000,18.0,0.3055,Accepted,2024-12-15,2024-12-15,0,On-Time,Inbound
SHP-00428,LD-00428,2024-12-12,December,2024,DTDC,Road,Food & Beverages,India,West,Maharashtra,Mumbai,000000,Mumbai,India,West,Maharashtra,Mumbai,400001,Mumbai,77,1205.8,1,Delivered,178.43,2024-12-12,MCV,8000,18.0,1.4006,Accepted,2024-12-13,2024-12-14,1,Delayed,Inbound
SHP-00429,LD-00429,2025-02-17,February,2025,Gati Kinetic,Road,Food & Beverages,India,West,Maharashtra,Mumbai,000000,Mumbai,India,North,Delhi,Delhi,110001,Delhi,1382,1031.7,2,Delivered,3008.8,2025-02-17,32ft Container,25000,38.0,1.3331,Rejected,2025-02-19,2025-02-19,0,On-Time,Inbound
SHP-00430,LD-00430,2024-12-09,December,2024,Gati Kinetic,Road,Household,India,West,Maharashtra,Pune,000000,Pune,India,South,Karnataka,Bangalore,560001,Bangalore,937,736.3,1,Delivered,2040.58,2024-12-09,MCV,8000,18.0,0.8847,Rejected,2024-12-10,2024-12-10,0,On-Time,Inbound
SHP-00431,LD-00431,2024-10-01,October,2024,Gati Kinetic,Road,Food & Beverages,India,West,Maharashtra,Mumbai,000000,Mumbai,India,South,Karnataka,Bangalore,560001,Bangalore,997,876.8,2,Delivered,2466.42,2024-10-01,32ft Container,25000,38.0,1.0613,Accepted,2024-10-03,2024-10-05,2,Delayed,Inbound
SHP-00432,LD-00432,2025-02-14,February,2025,Delhivery,Road,Personal Care,India,West,Maharashtra,Mumbai,000000,Mumbai,India,South,Karnataka,Bangalore,560001,Bangalore,956,342.2,1,Delivered,2652.31,2025-02-14,Reefer 20ft,15000,26.0,0.3978,Rejected,2025-02-15,2025-02-15,0,On-Time,Inbound
SHP-00433,LD-00433,2025-01-31,January,2025,Gati Kinetic,Road,Personal Care,India,East,West Bengal,Kolkata,000000,Kolkata,India,North,Delhi,Delhi,110001,Delhi,1495,560.9,2,Delivered,3929.47,2025-01-31,LCV,3500,9.0,0.5835,Accepted,2025-02-02,2025-02-02,0,On-Time,Inbound
SHP-00434,LD-00434,2024-09-12,September,2024,Delhivery,Road,Food & Beverages,India,West,Maharashtra,Mumbai,000000,Mumbai,India,North,Delhi,Delhi,110001,Delhi,1435,732.7,3,Delivered,3481.03,2024-09-12,LCV,3500,9.0,0.9043,Accepted,2024-09-15,2024-09-15,0,On-Time,Inbound
SHP-00435,LD-00435,2024-09-26,September,2024,Delhivery,Road,Personal Care,India,West,Maharashtra,Mumbai,000000,Mumbai,India,South,Karnataka,Bangalore,560001,Bangalore,1025,688.1,2,Delivered,2745.89,2024-09-26,20ft Container,18000,28.0,0.7966,Accepted,2024-09-28,2024-09-28,0,On-Time,Inbound
SHP-00436,LD-00436,2024-10-23,October,2024,Delhivery,Road,Food & Beverages,India,West,Maharashtra,Mumbai,000000,Mumbai,India,West,Maharashtra,Mumbai,400001,Mumbai,56,3047.4,1,Delivered,136.28,2024-10-23,20ft Container,18000,28.0,3.6326,Accepted,2024-10-24,2024-10-24,0,On-Time,Inbound
SHP-00437,LD-00437,2024-12-17,December,2024,DTDC,Road,Food & Beverages,India,North,Uttar Pradesh,Ghaziabad,000000,Ghaziabad,India,North,Delhi,Delhi,110001,Delhi,44,1446.7,2,Delivered,91.37,2024-12-17,Reefer 20ft,15000,26.0,1.8064,Accepted,2024-12-19,2024-12-19,0,On-Time,Inbound
SHP-00438,LD-00438,2024-09-14,September,2024,DTDC,Road,Household,India,West,Maharashtra,Pune,000000,Pune,India,South,Karnataka,Bangalore,560001,Bangalore,955,4440.4,3,Delivered,2172.49,2024-09-14,32ft Container,25000,38.0,5.0,Rejected,2024-09-17,2024-09-17,0,On-Time,Inbound
SHP-00439,LD-00439,2024-10-24,October,2024,DTDC,Road,Personal Care,India,West,Maharashtra,Mumbai,000000,Mumbai,India,South,Karnataka,Bangalore,560001,Bangalore,955,169.2,2,Delivered,2220.96,2024-10-24,32ft Container,25000,38.0,0.2153,Accepted,2024-10-26,2024-10-26,0,On-Time,Inbound
SHP-00440,LD-00440,2024-12-23,December,2024,Delhivery,Road,Food & Beverages,India,East,West Bengal,Kolkata,000000,Kolkata,India,North,Delhi,Delhi,110001,Delhi,1521,1408.5,3,Delivered,3739.3,2024-12-23,20ft Container,18000,28.0,1.5299,Accepted,2024-12-26,2024-12-26,0,On-Time,Inbound
SHP-00441,LD-00441,2024-10-27,October,2024,Gati Kinetic,Road,Food & Beverages,India,West,Maharashtra,Pune,000000,Pune,India,West,Maharashtra,Mumbai,400001,Mumbai,38,1153.2,2,Delivered,95.21,2024-10-27,32ft Container,25000,38.0,1.2885,Accepted,2024-10-29,2024-10-29,0,On-Time,Inbound
SHP-00442,LD-00442,2024-10-03,October,2024,DTDC,Road,Household,India,West,Maharashtra,Pune,000000,Pune,India,West,Maharashtra,Mumbai,400001,Mumbai,1,1150.9,2,Delivered,2.31,2024-10-03,MCV,8000,18.0,1.432,Accepted,2024-10-05,2024-10-05,0,On-Time,Inbound
SHP-00443,LD-00443,2024-10-14,October,2024,Ekart Logistics,Road,Household,India,North,Delhi,Delhi,000000,Delhi,India,West,Maharashtra,Mumbai,400001,Mumbai,1366,584.0,3,Delivered,2857.68,2024-10-14,LCV,3500,9.0,0.7311,Accepted,2024-10-17,2024-10-21,4,Delayed,Inbound
SHP-00444,LD-00444,2024-12-21,December,2024,DTDC,Road,Food & Beverages,India,West,Maharashtra,Pune,000000,Pune,India,North,Delhi,Delhi,110001,Delhi,1370,3571.8,2,Delivered,3310.14,2024-12-21,20ft Container,18000,28.0,4.0881,Accepted,2024-12-23,2024-12-25,2,Delayed,Inbound
SHP-00445,LD-00445,2025-01-14,January,2025,Gati Kinetic,Road,Household,India,West,Maharashtra,Mumbai,000000,Mumbai,India,South,Karnataka,Bangalore,560001,Bangalore,962,2652.6,3,Delivered,2139.2,2025-01-14,MCV,8000,18.0,3.4057,Accepted,2025-01-17,2025-01-17,0,On-Time,Inbound
SHP-00446,LD-00446,2025-01-01,January,2025,Blue Dart,Road,Food & Beverages,India,East,West Bengal,Kolkata,000000,Kolkata,India,South,Karnataka,Bangalore,560001,Bangalore,1879,5912.3,1,Delivered,6339.7,2025-01-01,MCV,8000,18.0,7.1041,Accepted,2025-01-02,2025-01-02,0,On-Time,Inbound
SHP-00447,LD-00447,2025-02-08,February,2025,DTDC,Road,Personal Care,India,North,Delhi,Delhi,000000,Delhi,India,West,Maharashtra,Mumbai,400001,Mumbai,1461,952.2,2,Delivered,3066.21,2025-02-08,MCV,8000,18.0,1.077,Accepted,2025-02-10,2025-02-10,0,On-Time,Inbound
SHP-00448,LD-00448,2025-02-06,February,2025,Blue Dart,Road,Personal Care,India,West,Maharashtra,Pune,000000,Pune,India,South,Karnataka,Bangalore,560001,Bangalore,949,523.9,1,Delivered,2965.71,2025-02-06,20ft Container,18000,28.0,0.638,Accepted,2025-02-07,2025-02-07,0,On-Time,Inbound
SHP-00449,LD-00449,2024-10-15,October,2024,DTDC,Road,Food & Beverages,India,West,Maharashtra,Mumbai,000000,Mumbai,India,North,Delhi,Delhi,110001,Delhi,1459,430.9,2,Delivered,3491.72,2024-10-15,MCV,8000,18.0,0.5105,Accepted,2024-10-17,2024-10-17,0,On-Time,Inbound
SHP-00450,LD-00450,2024-11-22,November,2024,Delhivery,Road,Household,India,West,Maharashtra,Pune,000000,Pune,India,South,Karnataka,Bangalore,560001,Bangalore,992,2292.9,1,Delivered,2572.1,2024-11-22,LCV,3500,9.0,2.6506,Accepted,2024-11-23,2024-11-23,0,On-Time,Inbound
SHP-00451,LD-00451,2025-01-15,January,2025,Ekart Logistics,Road,Personal Care,India,West,Maharashtra,Mumbai,000000,Mumbai,India,North,Delhi,Delhi,110001,Delhi,1423,875.1,2,Delivered,2611.1,2025-01-15,32ft Container,25000,38.0,1.1563,Accepted,2025-01-17,2025-01-17,0,On-Time,Inbound
SHP-00452,LD-00452,2024-09-28,September,2024,Blue Dart,Road,Food & Beverages,India,North,Uttar Pradesh,Ghaziabad,000000,Ghaziabad,India,North,Delhi,Delhi,110001,Delhi,17,586.8,2,Delivered,53.49,2024-09-28,20ft Container,18000,28.0,0.708,Accepted,2024-09-30,2024-09-30,0,On-Time,Inbound
SHP-00453,LD-00453,2024-12-17,December,2024,DTDC,Road,Household,India,West,Maharashtra,Mumbai,000000,Mumbai,India,North,Delhi,Delhi,110001,Delhi,1417,1613.4,2,Delivered,3166.47,2024-12-17,LCV,3500,9.0,2.1169,Accepted,2024-12-19,2024-12-19,0,On-Time,Inbound
SHP-00454,LD-00454,2025-02-18,February,2025,Ekart Logistics,Road,Food & Beverages,India,West,Maharashtra,Mumbai,000000,Mumbai,India,West,Maharashtra,Mumbai,400001,Mumbai,1,3344.2,2,Delivered,2.12,2025-02-18,LCV,3500,9.0,3.9426,Accepted,2025-02-20,2025-02-20,0,On-Time,Inbound
SHP-00455,LD-00455,2024-10-08,October,2024,Blue Dart,Road,Personal Care,India,North,Uttar Pradesh,Ghaziabad,000000,Ghaziabad,India,West,Maharashtra,Mumbai,400001,Mumbai,1385,570.7,1,Delivered,4199.68,2024-10-08,32ft Container,25000,38.0,0.8144,Rejected,2024-10-09,2024-10-09,0,On-Time,Inbound
SHP-00456,LD-00456,2024-11-06,November,2024,Gati Kinetic,Road,Personal Care,India,North,Delhi,Delhi,000000,Delhi,India,West,Maharashtra,Mumbai,400001,Mumbai,1412,124.0,2,Delivered,3353.85,2024-11-06,32ft Container,25000,38.0,0.1704,Accepted,2024-11-08,2024-11-08,0,On-Time,Inbound
SHP-00457,LD-00457,2024-09-07,September,2024,Blue Dart,Road,Personal Care,India,North,Uttar Pradesh,Ghaziabad,000000,Ghaziabad,India,South,Karnataka,Bangalore,560001,Bangalore,2142,172.6,1,Delivered,7056.25,2024-09-07,Reefer 20ft,15000,26.0,0.2126,Accepted,2024-09-08,2024-09-08,0,On-Time,Inbound
SHP-00458,LD-00458,2024-12-23,December,2024,Ekart Logistics,Road,Household,India,North,Delhi,Delhi,000000,Delhi,India,West,Maharashtra,Mumbai,400001,Mumbai,1368,1087.3,3,Delivered,2682.17,2024-12-23,LCV,3500,9.0,1.3605,Accepted,2024-12-26,2024-12-26,0,On-Time,Inbound
SHP-00459,LD-00459,2024-11-23,November,2024,Blue Dart,Road,Food & Beverages,India,West,Maharashtra,Mumbai,000000,Mumbai,India,West,Maharashtra,Mumbai,400001,Mumbai,37,4329.2,1,Delivered,122.59,2024-11-23,Reefer 20ft,15000,26.0,5.0593,Accepted,2024-11-24,2024-11-24,0,On-Time,Inbound
SHP-00460,LD-00460,2025-01-04,January,2025,Delhivery,Road,Personal Care,India,East,West Bengal,Kolkata,000000,Kolkata,India,South,Karnataka,Bangalore,560001,Bangalore,1867,617.3,1,Delivered,4743.63,2025-01-04,MCV,8000,18.0,0.755,Rejected,2025-01-05,2025-01-05,0,On-Time,Inbound
SHP-00461,LD-00461,2024-12-24,December,2024,DTDC,Road,Personal Care,India,West,Maharashtra,Mumbai,000000,Mumbai,India,West,Maharashtra,Mumbai,400001,Mumbai,73,366.9,3,Delivered,173.33,2024-12-24,MCV,8000,18.0,0.3566,Accepted,2024-12-27,2024-12-27,0,On-Time,Inbound
SHP-00462,LD-00462,2024-10-24,October,2024,Delhivery,Road,Personal Care,India,East,West Bengal,Kolkata,000000,Kolkata,India,South,Karnataka,Bangalore,560001,Bangalore,1901,216.8,2,Delivered,5352.25,2024-10-24,MCV,8000,18.0,0.2702,Accepted,2024-10-26,2024-10-29,3,Delayed,Inbound
SHP-00463,LD-00463,2024-10-06,October,2024,Ekart Logistics,Road,Food & Beverages,India,West,Maharashtra,Mumbai,000000,Mumbai,India,South,Karnataka,Bangalore,560001,Bangalore,1006,2596.4,3,Delivered,2108.52,2024-10-06,MCV,8000,18.0,3.2438,Accepted,2024-10-09,2024-10-09,0,On-Time,Inbound
SHP-00464,LD-00464,2024-11-16,November,2024,DTDC,Road,Food & Beverages,India,North,Delhi,Delhi,000000,Delhi,India,North,Delhi,Delhi,110001,Delhi,42,1564.5,2,Delivered,99.92,2024-11-16,32ft Container,25000,38.0,1.8076,Accepted,2024-11-18,2024-11-18,0,On-Time,Inbound
SHP-00465,LD-00465,2025-01-05,January,2025,DTDC,Road,Household,India,East,West Bengal,Kolkata,000000,Kolkata,India,North,Delhi,Delhi,110001,Delhi,1527,663.6,2,Delivered,3367.82,2025-01-05,20ft Container,18000,28.0,0.7989,Accepted,2025-01-07,2025-01-07,0,On-Time,Inbound
SHP-00466,LD-00466,2024-09-15,September,2024,Ekart Logistics,Road,Personal Care,India,North,Delhi,Delhi,000000,Delhi,India,West,Maharashtra,Mumbai,400001,Mumbai,1418,211.6,2,Delivered,2913.28,2024-09-15,LCV,3500,9.0,0.2734,Accepted,2024-09-17,2024-09-17,0,On-Time,Inbound
SHP-00467,LD-00467,2025-01-14,January,2025,DTDC,Road,Household,India,North,Uttar Pradesh,Ghaziabad,000000,Ghaziabad,India,North,Delhi,Delhi,110001,Delhi,20,1389.1,3,Delivered,46.88,2025-01-14,LCV,3500,9.0,1.5957,Accepted,2025-01-17,2025-01-17,0,On-Time,Inbound
SHP-00468,LD-00468,2024-09-25,September,2024,DTDC,Road,Food & Beverages,India,North,Uttar Pradesh,Ghaziabad,000000,Ghaziabad,India,West,Maharashtra,Mumbai,400001,Mumbai,1417,108.9,3,Delivered,3017.84,2024-09-25,MCV,8000,18.0,0.1326,Accepted,2024-09-28,2024-09-28,0,On-Time,Inbound
SHP-00469,LD-00469,2025-01-07,January,2025,Delhivery,Road,Food & Beverages,India,West,Maharashtra,Pune,000000,Pune,India,North,Delhi,Delhi,110001,Delhi,1418,1848.2,2,Delivered,3657.67,2025-01-07,20ft Container,18000,28.0,2.2153,Rejected,2025-01-09,2025-01-09,0,On-Time,Inbound
SHP-00470,LD-00470,2024-11-29,November,2024,Gati Kinetic,Road,Food & Beverages,India,West,Maharashtra,Mumbai,000000,Mumbai,India,North,Delhi,Delhi,110001,Delhi,1387,1607.3,3,Delivered,3468.54,2024-11-29,LCV,3500,9.0,1.8968,Rejected,2024-12-02,2024-12-02,0,On-Time,Inbound
SHP-00471,LD-00471,2024-10-07,October,2024,Delhivery,Road,Personal Care,India,West,Maharashtra,Pune,000000,Pune,India,North,Delhi,Delhi,110001,Delhi,1461,815.4,2,Delivered,3746.37,2024-10-07,MCV,8000,18.0,1.0126,Accepted,2024-10-09,2024-10-13,4,Delayed,Inbound
SHP-00472,LD-00472,2024-10-01,October,2024,Gati Kinetic,Road,Household,India,West,Maharashtra,Mumbai,000000,Mumbai,India,North,Delhi,Delhi,110001,Delhi,1442,894.2,3,Delivered,3256.89,2024-10-01,20ft Container,18000,28.0,1.0526,Accepted,2024-10-04,2024-10-04,0,On-Time,Inbound
SHP-00473,LD-00473,2024-09-24,September,2024,Blue Dart,Road,Food & Beverages,India,West,Maharashtra,Mumbai,000000,Mumbai,India,North,Delhi,Delhi,110001,Delhi,1395,492.1,2,Delivered,4468.38,2024-09-24,Reefer 20ft,15000,26.0,0.5971,Rejected,2024-09-26,2024-09-26,0,On-Time,Inbound
SHP-00474,LD-00474,2024-10-26,October,2024,Ekart Logistics,Road,Personal Care,India,West,Maharashtra,Mumbai,000000,Mumbai,India,South,Karnataka,Bangalore,560001,Bangalore,962,1050.3,2,Delivered,2085.8,2024-10-26,20ft Container,18000,28.0,1.2786,Accepted,2024-10-28,2024-10-30,2,Delayed,Inbound
SHP-00475,LD-00475,2024-10-18,October,2024,Ekart Logistics,Road,Household,India,West,Maharashtra,Mumbai,000000,Mumbai,India,West,Maharashtra,Mumbai,400001,Mumbai,77,1245.0,3,Delivered,168.93,2024-10-18,20ft Container,18000,28.0,1.4545,Accepted,2024-10-21,2024-10-21,0,On-Time,Inbound
SHP-00476,LD-00476,2024-12-02,December,2024,Gati Kinetic,Road,Personal Care,India,North,Delhi,Delhi,000000,Delhi,India,North,Delhi,Delhi,110001,Delhi,38,144.7,2,Delivered,93.03,2024-12-02,LCV,3500,9.0,0.1769,Accepted,2024-12-04,2024-12-04,0,On-Time,Inbound
SHP-00477,LD-00477,2024-12-14,December,2024,Ekart Logistics,Road,Household,India,West,Maharashtra,Pune,000000,Pune,India,West,Maharashtra,Mumbai,400001,Mumbai,66,2027.2,2,Delivered,121.58,2024-12-14,MCV,8000,18.0,2.5986,Accepted,2024-12-16,2024-12-20,4,Delayed,Inbound
SHP-00478,LD-00478,2024-10-07,October,2024,Blue Dart,Road,Food & Beverages,India,East,West Bengal,Kolkata,000000,Kolkata,India,South,Karnataka,Bangalore,560001,Bangalore,1866,1791.1,2,Delivered,6538.71,2024-10-07,20ft Container,18000,28.0,2.1601,Accepted,2024-10-09,2024-10-09,0,On-Time,Inbound
SHP-00479,LD-00479,2024-10-30,October,2024,Blue Dart,Road,Household,India,East,West Bengal,Kolkata,000000,Kolkata,India,South,Karnataka,Bangalore,560001,Bangalore,1865,2489.2,2,Delivered,5939.15,2024-10-30,MCV,8000,18.0,3.2031,Accepted,2024-11-01,2024-11-01,0,On-Time,Inbound
SHP-00480,LD-00480,2024-11-11,November,2024,Ekart Logistics,Road,Food & Beverages,India,West,Maharashtra,Mumbai,000000,Mumbai,India,West,Maharashtra,Mumbai,400001,Mumbai,-17,712.2,2,Delivered,-31.28,2024-11-11,32ft Container,25000,38.0,0.8326,Rejected,2024-11-13,2024-11-13,0,On-Time,Inbound
SHP-00481,LD-00481,2024-10-16,October,2024,Blue Dart,Road,Food & Beverages,India,West,Maharashtra,Mumbai,000000,Mumbai,India,North,Delhi,Delhi,110001,Delhi,1424,1681.6,1,Delivered,4285.15,2024-10-16,MCV,8000,18.0,2.1602,Accepted,2024-10-17,2024-10-17,0,On-Time,Inbound
SHP-00482,LD-00482,2024-11-27,November,2024,Ekart Logistics,Road,Personal Care,India,North,Uttar Pradesh,Ghaziabad,000000,Ghaziabad,India,West,Maharashtra,Mumbai,400001,Mumbai,1414,420.3,2,Delivered,2799.79,2024-11-27,20ft Container,18000,28.0,0.5255,Accepted,2024-11-29,2024-11-29,0,On-Time,Inbound
SHP-00483,LD-00483,2024-09-09,September,2024,Blue Dart,Road,Food & Beverages,India,West,Maharashtra,Mumbai,000000,Mumbai,India,West,Maharashtra,Mumbai,400001,Mumbai,42,2395.3,1,Delivered,141.5,2024-09-09,MCV,8000,18.0,2.8401,Accepted,2024-09-10,2024-09-10,0,On-Time,Inbound
SHP-00484,LD-00484,2025-01-22,January,2025,Gati Kinetic,Road,Household,India,West,Maharashtra,Mumbai,000000,Mumbai,India,West,Maharashtra,Mumbai,400001,Mumbai,66,886.3,1,Delivered,153.74,2025-01-22,Reefer 20ft,15000,26.0,1.0833,Accepted,2025-01-23,2025-01-23,0,On-Time,Inbound
SHP-00485,LD-00485,2025-01-30,January,2025,Blue Dart,Road,Personal Care,India,West,Maharashtra,Mumbai,000000,Mumbai,India,West,Maharashtra,Mumbai,400001,Mumbai,34,459.0,2,Delivered,105.43,2025-01-30,20ft Container,18000,28.0,0.5217,Accepted,2025-02-01,2025-02-01,0,On-Time,Inbound
SHP-00486,LD-00486,2024-11-03,November,2024,Delhivery,Road,Personal Care,India,West,Maharashtra,Mumbai,000000,Mumbai,India,West,Maharashtra,Mumbai,400001,Mumbai,1,230.9,1,Delivered,2.35,2024-11-03,LCV,3500,9.0,0.3155,Accepted,2024-11-04,2024-11-04,0,On-Time,Inbound
SHP-00487,LD-00487,2025-01-10,January,2025,Ekart Logistics,Road,Personal Care,India,East,West Bengal,Kolkata,000000,Kolkata,India,West,Maharashtra,Mumbai,400001,Mumbai,2092,342.9,3,Delivered,3849.33,2025-01-10,20ft Container,18000,28.0,0.3823,Accepted,2025-01-13,2025-01-13,0,On-Time,Inbound
SHP-00488,LD-00488,2025-02-18,February,2025,Ekart Logistics,Road,Food & Beverages,India,West,Maharashtra,Mumbai,000000,Mumbai,India,West,Maharashtra,Mumbai,400001,Mumbai,48,953.5,4,Delivered,90.51,2025-02-18,20ft Container,18000,28.0,1.2175,Accepted,2025-02-22,2025-02-22,0,On-Time,Inbound
SHP-00489,LD-00489,2025-02-07,February,2025,Delhivery,Road,Household,India,East,West Bengal,Kolkata,000000,Kolkata,India,West,Maharashtra,Mumbai,400001,Mumbai,2056,848.1,2,Delivered,5182.36,2025-02-07,MCV,8000,18.0,1.0141,Rejected,2025-02-09,2025-02-09,0,On-Time,Inbound
SHP-00490,LD-00490,2025-02-17,February,2025,Gati Kinetic,Road,Household,India,North,Uttar Pradesh,Ghaziabad,000000,Ghaziabad,India,West,Maharashtra,Mumbai,400001,Mumbai,1388,867.5,1,Delivered,3584.97,2025-02-17,Reefer 20ft,15000,26.0,0.9949,Accepted,2025-02-18,2025-02-18,0,On-Time,Inbound
SHP-00491,LD-00491,2025-01-06,January,2025,Ekart Logistics,Road,Food & Beverages,India,North,Delhi,Delhi,000000,Delhi,India,South,Karnataka,Bangalore,560001,Bangalore,2172,3777.3,4,Delivered,4540.88,2025-01-06,MCV,8000,18.0,4.5697,Rejected,2025-01-10,2025-01-10,0,On-Time,Inbound
SHP-00492,LD-00492,2024-10-08,October,2024,Gati Kinetic,Road,Household,India,West,Maharashtra,Mumbai,000000,Mumbai,India,North,Delhi,Delhi,110001,Delhi,1446,2947.0,2,Delivered,3264.65,2024-10-08,20ft Container,18000,28.0,3.3881,Accepted,2024-10-10,2024-10-10,0,On-Time,Inbound
SHP-00493,LD-00493,2025-02-01,February,2025,DTDC,Road,Personal Care,India,North,Delhi,Delhi,000000,Delhi,India,West,Maharashtra,Mumbai,400001,Mumbai,1419,520.3,2,Delivered,3213.53,2025-02-01,MCV,8000,18.0,0.5674,Rejected,2025-02-03,2025-02-03,0,On-Time,Inbound
SHP-00494,LD-00494,2024-09-08,September,2024,Delhivery,Road,Household,India,North,Uttar Pradesh,Ghaziabad,000000,Ghaziabad,India,North,Delhi,Delhi,110001,Delhi,80,2824.8,2,Delivered,188.03,2024-09-08,MCV,8000,18.0,3.5718,Accepted,2024-09-10,2024-09-10,0,On-Time,Inbound
SHP-00495,LD-00495,2024-11-16,November,2024,Ekart Logistics,Road,Household,India,West,Maharashtra,Mumbai,000000,Mumbai,India,North,Delhi,Delhi,110001,Delhi,1395,836.1,3,Delivered,2573.46,2024-11-16,32ft Container,25000,38.0,1.0323,Accepted,2024-11-19,2024-11-19,0,On-Time,Inbound
SHP-00496,LD-00496,2024-09-24,September,2024,Gati Kinetic,Road,Personal Care,India,North,Uttar Pradesh,Ghaziabad,000000,Ghaziabad,India,North,Delhi,Delhi,110001,Delhi,75,231.5,2,Delivered,188.78,2024-09-24,MCV,8000,18.0,0.2544,Accepted,2024-09-26,2024-09-26,0,On-Time,Inbound
SHP-00497,LD-00497,2024-10-15,October,2024,Blue Dart,Road,Household,India,North,Delhi,Delhi,000000,Delhi,India,North,Delhi,Delhi,110001,Delhi,49,5103.2,1,Delivered,154.41,2024-10-15,LCV,3500,9.0,6.4799,Accepted,2024-10-16,2024-10-16,0,On-Time,Inbound
SHP-00498,LD-00498,2024-12-31,December,2024,DTDC,Road,Personal Care,India,North,Delhi,Delhi,000000,Delhi,India,West,Maharashtra,Mumbai,400001,Mumbai,1453,398.0,3,Delivered,3463.49,2024-12-31,20ft Container,18000,28.0,0.4611,Accepted,2025-01-03,2025-01-03,0,On-Time,Inbound
SHP-00499,LD-00499,2025-02-11,February,2025,DTDC,Road,Household,India,East,West Bengal,Kolkata,000000,Kolkata,India,West,Maharashtra,Mumbai,400001,Mumbai,2062,2917.1,3,Delivered,4355.75,2025-02-11,MCV,8000,18.0,3.3475,Accepted,2025-02-14,2025-02-14,0,On-Time,Inbound
SHP-00500,LD-00500,2024-10-12,October,2024,Delhivery,Road,Personal Care,India,North,Uttar Pradesh,Ghaziabad,000000,Ghaziabad,India,North,Delhi,Delhi,110001,Delhi,15,1147.6,1,Delivered,41.86,2024-10-12,20ft Container,18000,28.0,1.2919,Accepted,2024-10-13,2024-10-13,0,On-Time,Inbound
SHP-00501,LD-00501,2024-11-25,November,2024,Gati Kinetic,Road,Personal Care,India,West,Maharashtra,Mumbai,000000,Mumbai,India,West,Maharashtra,Mumbai,400001,Mumbai,73,330.5,3,Delivered,186.18,2024-11-25,Reefer 20ft,15000,26.0,0.4339,Accepted,2024-11-28,2024-11-28,0,On-Time,Inbound
SHP-00502,LD-00502,2025-02-12,February,2025,Blue Dart,Road,Personal Care,India,West,Maharashtra,Mumbai,000000,Mumbai,India,West,Maharashtra,Mumbai,400001,Mumbai,20,408.0,1,Delivered,64.97,2025-02-12,LCV,3500,9.0,0.4491,Accepted,2025-02-13,2025-02-13,0,On-Time,Inbound
SHP-00503,LD-00503,2024-12-15,December,2024,Ekart Logistics,Road,Food & Beverages,India,North,Delhi,Delhi,000000,Delhi,India,North,Delhi,Delhi,110001,Delhi,5,3243.9,2,Delivered,9.17,2024-12-15,LCV,3500,9.0,3.7903,Accepted,2024-12-17,2024-12-17,0,On-Time,Inbound
SHP-00504,LD-00504,2024-10-28,October,2024,Ekart Logistics,Road,Food & Beverages,India,East,West Bengal,Kolkata,000000,Kolkata,India,West,Maharashtra,Mumbai,400001,Mumbai,2036,1000.3,3,Delivered,3991.4,2024-10-28,32ft Container,25000,38.0,1.1114,Accepted,2024-10-31,2024-11-02,2,Delayed,Inbound
SHP-00505,LD-00505,2024-12-04,December,2024,Blue Dart,Road,Food & Beverages,India,North,Delhi,Delhi,000000,Delhi,India,West,Maharashtra,Mumbai,400001,Mumbai,1456,2914.9,2,Delivered,4382.58,2024-12-04,32ft Container,25000,38.0,3.385,Accepted,2024-12-06,2024-12-06,0,On-Time,Inbound
SHP-00506,LD-00506,2024-12-07,December,2024,Gati Kinetic,Road,Personal Care,India,North,Uttar Pradesh,Ghaziabad,000000,Ghaziabad,India,West,Maharashtra,Mumbai,400001,Mumbai,1418,201.8,3,Delivered,3185.65,2024-12-07,32ft Container,25000,38.0,0.2508,Accepted,2024-12-10,2024-12-10,0,On-Time,Inbound
SHP-00507,LD-00507,2024-10-31,October,2024,DTDC,Road,Food & Beverages,India,North,Uttar Pradesh,Ghaziabad,000000,Ghaziabad,India,North,Delhi,Delhi,110001,Delhi,68,1069.9,3,Delivered,146.53,2024-10-31,LCV,3500,9.0,1.3005,Accepted,2024-11-03,2024-11-03,0,On-Time,Inbound
SHP-00508,LD-00508,2024-11-05,November,2024,Ekart Logistics,Road,Personal Care,India,East,West Bengal,Kolkata,000000,Kolkata,India,West,Maharashtra,Mumbai,400001,Mumbai,2107,367.6,2,Delivered,4584.26,2024-11-05,LCV,3500,9.0,0.4392,Accepted,2024-11-07,2024-11-07,0,On-Time,Inbound
SHP-00509,LD-00509,2024-11-04,November,2024,Blue Dart,Road,Food & Beverages,India,West,Maharashtra,Mumbai,000000,Mumbai,India,South,Karnataka,Bangalore,560001,Bangalore,999,641.6,1,Delivered,3192.22,2024-11-04,32ft Container,25000,38.0,0.7811,Accepted,2024-11-05,2024-11-05,0,On-Time,Inbound
SHP-00510,LD-00510,2024-11-21,November,2024,Blue Dart,Road,Household,India,North,Delhi,Delhi,000000,Delhi,India,West,Maharashtra,Mumbai,400001,Mumbai,1400,1077.0,3,Delivered,4702.05,2024-11-21,MCV,8000,18.0,1.38,Accepted,2024-11-24,2024-11-24,0,On-Time,Inbound
SHP-00511,LD-00511,2024-11-07,November,2024,Ekart Logistics,Road,Household,India,North,Uttar Pradesh,Ghaziabad,000000,Ghaziabad,India,West,Maharashtra,Mumbai,400001,Mumbai,1371,7373.6,2,Delivered,2571.4,2024-11-07,MCV,8000,18.0,8.5143,Rejected,2024-11-09,2024-11-09,0,On-Time,Inbound
SHP-00512,LD-00512,2024-11-06,November,2024,Gati Kinetic,Road,Food & Beverages,India,West,Maharashtra,Mumbai,000000,Mumbai,India,North,Delhi,Delhi,110001,Delhi,1427,1157.3,2,Delivered,3395.87,2024-11-06,Reefer 20ft,15000,26.0,1.4347,Accepted,2024-11-08,2024-11-08,0,On-Time,Inbound
SHP-00513,LD-00513,2024-11-29,November,2024,Blue Dart,Road,Personal Care,India,North,Delhi,Delhi,000000,Delhi,India,South,Karnataka,Bangalore,560001,Bangalore,2127,1012.7,2,Delivered,6920.13,2024-11-29,Reefer 20ft,15000,26.0,1.3704,Accepted,2024-12-01,2024-12-01,0,On-Time,Inbound
SHP-00514,LD-00514,2024-09-20,September,2024,Gati Kinetic,Road,Food & Beverages,India,North,Delhi,Delhi,000000,Delhi,India,South,Karnataka,Bangalore,560001,Bangalore,2150,831.6,2,Delivered,5029.51,2024-09-20,20ft Container,18000,28.0,1.0666,Accepted,2024-09-22,2024-09-22,0,On-Time,Inbound
SHP-00515,LD-00515,2024-09-08,September,2024,Delhivery,Road,Household,India,West,Maharashtra,Mumbai,000000,Mumbai,India,North,Delhi,Delhi,110001,Delhi,1448,3595.9,2,Delivered,3856.94,2024-09-08,20ft Container,18000,28.0,4.1755,Accepted,2024-09-10,2024-09-10,0,On-Time,Inbound
SHP-00516,LD-00516,2024-09-13,September,2024,Delhivery,Road,Personal Care,India,North,Delhi,Delhi,000000,Delhi,India,South,Karnataka,Bangalore,560001,Bangalore,2148,89.8,1,Delivered,5129.7,2024-09-13,Reefer 20ft,15000,26.0,0.0943,Accepted,2024-09-14,2024-09-14,0,On-Time,Inbound
SHP-00517,LD-00517,2024-09-06,September,2024,Blue Dart,Road,Household,India,East,West Bengal,Kolkata,000000,Kolkata,India,North,Delhi,Delhi,110001,Delhi,1574,5200.2,2,Delivered,5345.41,2024-09-06,MCV,8000,18.0,6.3336,Accepted,2024-09-08,2024-09-08,0,On-Time,Inbound
SHP-00518,LD-00518,2025-02-18,February,2025,DTDC,Road,Food & Beverages,India,North,Delhi,Delhi,000000,Delhi,India,South,Karnataka,Bangalore,560001,Bangalore,2172,956.4,3,Delivered,4874.29,2025-02-18,LCV,3500,9.0,1.0697,Accepted,2025-02-21,2025-02-21,0,On-Time,Inbound
SHP-00519,LD-00519,2024-10-18,October,2024,Ekart Logistics,Road,Food & Beverages,India,West,Maharashtra,Mumbai,000000,Mumbai,India,West,Maharashtra,Mumbai,400001,Mumbai,43,4623.9,3,Delivered,86.47,2024-10-18,32ft Container,25000,38.0,5.8123,Accepted,2024-10-21,2024-10-21,0,On-Time,Inbound
SHP-00520,LD-00520,2024-12-21,December,2024,Gati Kinetic,Road,Household,India,North,Uttar Pradesh,Ghaziabad,000000,Ghaziabad,India,North,Delhi,Delhi,110001,Delhi,11,317.0,2,Delivered,26.52,2024-12-21,LCV,3500,9.0,0.3593,Accepted,2024-12-23,2024-12-23,0,On-Time,Inbound
SHP-00521,LD-00521,2025-01-10,January,2025,Blue Dart,Road,Household,India,East,West Bengal,Kolkata,000000,Kolkata,India,North,Delhi,Delhi,110001,Delhi,1578,3272.5,1,Delivered,5053.08,2025-01-10,20ft Container,18000,28.0,4.0003,Accepted,2025-01-11,2025-01-11,0,On-Time,Inbound
SHP-00522,LD-00522,2024-10-17,October,2024,Delhivery,Road,Personal Care,India,West,Maharashtra,Mumbai,000000,Mumbai,India,South,Karnataka,Bangalore,560001,Bangalore,1031,407.2,2,Delivered,2771.88,2024-10-17,MCV,8000,18.0,0.3916,Accepted,2024-10-19,2024-10-19,0,On-Time,Inbound
SHP-00523,LD-00523,2024-10-25,October,2024,Delhivery,Road,Food & Beverages,India,West,Maharashtra,Mumbai,000000,Mumbai,India,West,Maharashtra,Mumbai,400001,Mumbai,-19,1091.7,2,Delivered,-46.16,2024-10-25,20ft Container,18000,28.0,1.2411,Accepted,2024-10-27,2024-10-27,0,On-Time,Inbound
SHP-00524,LD-00524,2025-01-03,January,2025,Ekart Logistics,Road,Personal Care,India,East,West Bengal,Kolkata,000000,Kolkata,India,South,Karnataka,Bangalore,560001,Bangalore,1858,286.8,2,Delivered,3409.53,2025-01-03,MCV,8000,18.0,0.3926,Accepted,2025-01-05,2025-01-05,0,On-Time,Inbound
SHP-00525,LD-00525,2024-10-19,October,2024,Blue Dart,Road,Personal Care,India,East,West Bengal,Kolkata,000000,Kolkata,India,North,Delhi,Delhi,110001,Delhi,1491,389.7,2,Delivered,4581.23,2024-10-19,32ft Container,25000,38.0,0.396,Accepted,2024-10-21,2024-10-21,0,On-Time,Inbound
SHP-00526,LD-00526,2024-09-30,September,2024,Blue Dart,Road,Personal Care,India,East,West Bengal,Kolkata,000000,Kolkata,India,West,Maharashtra,Mumbai,400001,Mumbai,2104,523.1,2,Delivered,6386.24,2024-09-30,MCV,8000,18.0,0.6647,Accepted,2024-10-02,2024-10-02,0,On-Time,Inbound
SHP-00527,LD-00527,2024-09-03,September,2024,DTDC,Road,Household,India,West,Maharashtra,Mumbai,000000,Mumbai,India,West,Maharashtra,Mumbai,400001,Mumbai,-16,6889.8,3,Delivered,-35.11,2024-09-03,LCV,3500,9.0,8.3928,Accepted,2024-09-06,2024-09-06,0,On-Time,Inbound
SHP-00528,LD-00528,2024-09-16,September,2024,Delhivery,Road,Personal Care,India,West,Maharashtra,Mumbai,000000,Mumbai,India,South,Karnataka,Bangalore,560001,Bangalore,995,446.2,1,Delivered,2388.81,2024-09-16,MCV,8000,18.0,0.5541,Accepted,2024-09-17,2024-09-17,0,On-Time,Inbound
SHP-00529,LD-00529,2024-12-21,December,2024,Gati Kinetic,Road,Household,India,West,Maharashtra,Mumbai,000000,Mumbai,India,South,Karnataka,Bangalore,560001,Bangalore,1012,1806.4,2,Delivered,2600.49,2024-12-21,LCV,3500,9.0,2.3214,Accepted,2024-12-23,2024-12-23,0,On-Time,Inbound
SHP-00530,LD-00530,2024-12-09,December,2024,DTDC,Road,Personal Care,India,North,Delhi,Delhi,000000,Delhi,India,West,Maharashtra,Mumbai,400001,Mumbai,1391,336.6,3,Delivered,2927.06,2024-12-09,Reefer 20ft,15000,26.0,0.3622,Accepted,2024-12-12,2024-12-15,3,Delayed,Inbound
SHP-00531,LD-00531,2024-10-15,October,2024,Delhivery,Road,Household,India,West,Maharashtra,Mumbai,000000,Mumbai,India,South,Karnataka,Bangalore,560001,Bangalore,980,3196.9,2,Delivered,2742.11,2024-10-15,20ft Container,18000,28.0,3.9632,Accepted,2024-10-17,2024-10-17,0,On-Time,Inbound
SHP-00532,LD-00532,2024-09-09,September,2024,Ekart Logistics,Road,Food & Beverages,India,North,Delhi,Delhi,000000,Delhi,India,North,Delhi,Delhi,110001,Delhi,13,1424.0,3,Delivered,28.57,2024-09-09,MCV,8000,18.0,1.7677,Accepted,2024-09-12,2024-09-12,0,On-Time,Inbound
SHP-00533,LD-00533,2025-01-10,January,2025,Delhivery,Road,Food & Beverages,India,North,Uttar Pradesh,Ghaziabad,000000,Ghaziabad,India,North,Delhi,Delhi,110001,Delhi,58,2350.6,2,Delivered,159.31,2025-01-10,Reefer 20ft,15000,26.0,2.8529,Accepted,2025-01-12,2025-01-16,4,Delayed,Inbound
SHP-00534,LD-00534,2024-09-27,September,2024,Ekart Logistics,Road,Food & Beverages,India,West,Maharashtra,Mumbai,000000,Mumbai,India,South,Karnataka,Bangalore,560001,Bangalore,1032,726.2,3,Delivered,2066.43,2024-09-27,MCV,8000,18.0,0.8284,Accepted,2024-09-30,2024-09-30,0,On-Time,Inbound
SHP-00535,LD-00535,2024-11-25,November,2024,DTDC,Road,Household,India,North,Delhi,Delhi,000000,Delhi,India,North,Delhi,Delhi,110001,Delhi,1,2952.0,3,Delivered,2.02,2024-11-25,Reefer 20ft,15000,26.0,3.3817,Accepted,2024-11-28,2024-11-29,1,Delayed,Inbound
SHP-00536,LD-00536,2024-10-09,October,2024,Delhivery,Road,Personal Care,India,West,Maharashtra,Mumbai,000000,Mumbai,India,West,Maharashtra,Mumbai,400001,Mumbai,38,180.0,2,Delivered,107.73,2024-10-09,MCV,8000,18.0,0.1987,Accepted,2024-10-11,2024-10-11,0,On-Time,Inbound
SHP-00537,LD-00537,2024-12-23,December,2024,Blue Dart,Road,Personal Care,India,West,Maharashtra,Mumbai,000000,Mumbai,India,South,Karnataka,Bangalore,560001,Bangalore,942,292.5,3,Delivered,2950.05,2024-12-23,MCV,8000,18.0,0.3468,Rejected,2024-12-26,2024-12-27,1,Delayed,Inbound
SHP-00538,LD-00538,2024-09-15,September,2024,Ekart Logistics,Road,Personal Care,India,North,Delhi,Delhi,000000,Delhi,India,South,Karnataka,Bangalore,560001,Bangalore,2138,794.2,3,Delivered,4465.47,2024-09-15,Reefer 20ft,15000,26.0,0.8777,Accepted,2024-09-18,2024-09-18,0,On-Time,Inbound
SHP-00539,LD-00539,2025-01-14,January,2025,DTDC,Road,Personal Care,India,West,Maharashtra,Mumbai,000000,Mumbai,India,West,Maharashtra,Mumbai,400001,Mumbai,69,798.2,3,Delivered,147.1,2025-01-14,MCV,8000,18.0,0.9307,Accepted,2025-01-17,2025-01-17,0,On-Time,Inbound
SHP-00540,LD-00540,2024-11-17,November,2024,Delhivery,Road,Household,India,East,West Bengal,Kolkata,000000,Kolkata,India,South,Karnataka,Bangalore,560001,Bangalore,1889,2066.3,2,Delivered,4699.16,2024-11-17,Reefer 20ft,15000,26.0,2.4486,Accepted,2024-11-19,2024-11-19,0,On-Time,Inbound
SHP-00541,LD-00541,2024-11-27,November,2024,Ekart Logistics,Road,Household,India,North,Uttar Pradesh,Ghaziabad,000000,Ghaziabad,India,South,Karnataka,Bangalore,560001,Bangalore,2164,1278.3,3,Delivered,3990.8,2024-11-27,MCV,8000,18.0,1.6478,Rejected,2024-11-30,2024-11-30,0,On-Time,Inbound
SHP-00542,LD-00542,2024-11-30,November,2024,Ekart Logistics,Road,Food & Beverages,India,North,Uttar Pradesh,Ghaziabad,000000,Ghaziabad,India,West,Maharashtra,Mumbai,400001,Mumbai,1408,1096.4,3,Delivered,3088.0,2024-11-30,MCV,8000,18.0,1.3746,Accepted,2024-12-03,2024-12-03,0,On-Time,Inbound
SHP-00543,LD-00543,2024-11-16,November,2024,DTDC,Road,Personal Care,India,West,Maharashtra,Pune,000000,Pune,India,South,Karnataka,Bangalore,560001,Bangalore,1001,438.7,3,Delivered,2238.48,2024-11-16,LCV,3500,9.0,0.5691,Accepted,2024-11-19,2024-11-19,0,On-Time,Inbound
SHP-00544,LD-00544,2024-10-08,October,2024,Blue Dart,Road,Personal Care,India,West,Maharashtra,Mumbai,000000,Mumbai,India,West,Maharashtra,Mumbai,400001,Mumbai,7,55.7,1,Delivered,22.16,2024-10-08,MCV,8000,18.0,0.0806,Accepted,2024-10-09,2024-10-09,0,On-Time,Inbound
SHP-00545,LD-00545,2025-01-22,January,2025,Ekart Logistics,Road,Personal Care,India,East,West Bengal,Kolkata,000000,Kolkata,India,South,Karnataka,Bangalore,560001,Bangalore,1840,224.4,2,Delivered,3418.24,2025-01-22,MCV,8000,18.0,0.2301,Accepted,2025-01-24,2025-01-24,0,On-Time,Inbound
SHP-00546,LD-00546,2025-01-10,January,2025,Delhivery,Road,Food & Beverages,India,West,Maharashtra,Mumbai,000000,Mumbai,India,South,Karnataka,Bangalore,560001,Bangalore,982,903.2,2,Delivered,2768.54,2025-01-10,Reefer 20ft,15000,26.0,1.0439,Accepted,2025-01-12,2025-01-12,0,On-Time,Inbound
SHP-00547,LD-00547,2024-12-04,December,2024,Blue Dart,Road,Food & Beverages,India,East,West Bengal,Kolkata,000000,Kolkata,India,West,Maharashtra,Mumbai,400001,Mumbai,2048,723.7,2,Delivered,6925.57,2024-12-04,32ft Container,25000,38.0,0.8605,Accepted,2024-12-06,2024-12-06,0,On-Time,Inbound
SHP-00548,LD-00548,2024-10-17,October,2024,Delhivery,Road,Food & Beverages,India,North,Uttar Pradesh,Ghaziabad,000000,Ghaziabad,India,West,Maharashtra,Mumbai,400001,Mumbai,1426,1301.0,2,Delivered,3761.77,2024-10-17,MCV,8000,18.0,1.6439,Accepted,2024-10-19,2024-10-19,0,On-Time,Inbound
SHP-00549,LD-00549,2025-02-03,February,2025,Gati Kinetic,Road,Household,India,East,West Bengal,Kolkata,000000,Kolkata,India,West,Maharashtra,Mumbai,400001,Mumbai,2109,2375.4,3,Delivered,5228.13,2025-02-03,20ft Container,18000,28.0,2.9757,Accepted,2025-02-06,2025-02-06,0,On-Time,Inbound
SHP-00550,LD-00550,2025-01-17,January,2025,DTDC,Road,Food & Beverages,India,East,West Bengal,Kolkata,000000,Kolkata,India,North,Delhi,Delhi,110001,Delhi,1560,434.4,3,Delivered,3635.28,2025-01-17,Reefer 20ft,15000,26.0,0.5056,Accepted,2025-01-20,2025-01-23,3,Delayed,Inbound
SHP-00551,LD-00551,2024-09-22,September,2024,Ekart Logistics,Road,Household,India,East,West Bengal,Kolkata,000000,Kolkata,India,South,Karnataka,Bangalore,560001,Bangalore,1843,4110.1,2,Delivered,4026.86,2024-09-22,Reefer 20ft,15000,26.0,4.6935,Accepted,2024-09-24,2024-09-26,2,Delayed,Inbound
SHP-00552,LD-00552,2024-12-23,December,2024,Ekart Logistics,Road,Personal Care,India,West,Maharashtra,Pune,000000,Pune,India,North,Delhi,Delhi,110001,Delhi,1408,360.9,2,Delivered,2780.53,2024-12-23,20ft Container,18000,28.0,0.4085,Accepted,2024-12-25,2024-12-25,0,On-Time,Inbound
SHP-00553,LD-00553,2024-11-05,November,2024,Gati Kinetic,Road,Food & Beverages,India,West,Maharashtra,Mumbai,000000,Mumbai,India,South,Karnataka,Bangalore,560001,Bangalore,1021,1484.8,3,Delivered,2288.28,2024-11-05,MCV,8000,18.0,1.6752,Accepted,2024-11-08,2024-11-08,0,On-Time,Inbound
SHP-00554,LD-00554,2024-09-15,September,2024,Blue Dart,Road,Food & Beverages,India,North,Delhi,Delhi,000000,Delhi,India,West,Maharashtra,Mumbai,400001,Mumbai,1371,543.0,2,Delivered,4126.21,2024-09-15,20ft Container,18000,28.0,0.6118,Accepted,2024-09-17,2024-09-17,0,On-Time,Inbound
SHP-00555,LD-00555,2025-01-09,January,2025,Gati Kinetic,Road,Food & Beverages,India,West,Maharashtra,Pune,000000,Pune,India,South,Karnataka,Bangalore,560001,Bangalore,1016,3958.9,2,Delivered,2308.55,2025-01-09,MCV,8000,18.0,4.7876,Accepted,2025-01-11,2025-01-11,0,On-Time,Inbound
SHP-00556,LD-00556,2025-01-21,January,2025,Delhivery,Road,Household,India,East,West Bengal,Kolkata,000000,Kolkata,India,West,Maharashtra,Mumbai,400001,Mumbai,2056,1849.4,2,Delivered,5648.03,2025-01-21,Reefer 20ft,15000,26.0,2.3513,Accepted,2025-01-23,2025-01-23,0,On-Time,Inbound
SHP-00557,LD-00557,2025-01-16,January,2025,Delhivery,Road,Food & Beverages,India,North,Delhi,Delhi,000000,Delhi,India,South,Karnataka,Bangalore,560001,Bangalore,2107,2016.0,2,Delivered,5953.17,2025-01-16,20ft Container,18000,28.0,2.6188,Accepted,2025-01-18,2025-01-18,0,On-Time,Inbound
SHP-00558,LD-00558,2024-11-29,November,2024,Gati Kinetic,Road,Food & Beverages,India,North,Uttar Pradesh,Ghaziabad,000000,Ghaziabad,India,South,Karnataka,Bangalore,560001,Bangalore,2172,1704.9,2,Delivered,4764.43,2024-11-29,Reefer 20ft,15000,26.0,2.0448,Accepted,2024-12-01,2024-12-01,0,On-Time,Inbound
SHP-00559,LD-00559,2025-01-21,January,2025,Delhivery,Road,Personal Care,India,East,West Bengal,Kolkata,000000,Kolkata,India,South,Karnataka,Bangalore,560001,Bangalore,1854,1000.3,1,Delivered,4575.45,2025-01-21,MCV,8000,18.0,1.1323,Accepted,2025-01-22,2025-01-25,3,Delayed,Inbound
SHP-00560,LD-00560,2025-02-01,February,2025,Gati Kinetic,Road,Food & Beverages,India,West,Maharashtra,Pune,000000,Pune,India,West,Maharashtra,Mumbai,400001,Mumbai,66,226.8,3,Delivered,148.06,2025-02-01,20ft Container,18000,28.0,0.2521,Accepted,2025-02-04,2025-02-06,2,Delayed,Inbound
SHP-00561,LD-00561,2025-01-16,January,2025,Gati Kinetic,Road,Personal Care,India,West,Maharashtra,Mumbai,000000,Mumbai,India,South,Karnataka,Bangalore,560001,Bangalore,980,1178.5,3,Delivered,2574.05,2025-01-16,20ft Container,18000,28.0,1.3255,Accepted,2025-01-19,2025-01-19,0,On-Time,Inbound
SHP-00562,LD-00562,2024-10-16,October,2024,Gati Kinetic,Road,Personal Care,India,West,Maharashtra,Mumbai,000000,Mumbai,India,South,Karnataka,Bangalore,560001,Bangalore,936,113.3,2,Delivered,2121.28,2024-10-16,MCV,8000,18.0,0.1425,Rejected,2024-10-18,2024-10-18,0,On-Time,Inbound
SHP-00563,LD-00563,2024-09-24,September,2024,Delhivery,Road,Household,India,West,Maharashtra,Mumbai,000000,Mumbai,India,West,Maharashtra,Mumbai,400001,Mumbai,6,3597.3,1,Delivered,14.06,2024-09-24,Reefer 20ft,15000,26.0,4.5232,Accepted,2024-09-25,2024-09-25,0,On-Time,Inbound
SHP-00564,LD-00564,2024-11-11,November,2024,Blue Dart,Road,Food & Beverages,India,East,West Bengal,Kolkata,000000,Kolkata,India,South,Karnataka,Bangalore,560001,Bangalore,1892,423.9,1,Delivered,5661.5,2024-11-11,Reefer 20ft,15000,26.0,0.4799,Accepted,2024-11-12,2024-11-12,0,On-Time,Inbound
SHP-00565,LD-00565,2024-11-06,November,2024,Delhivery,Road,Household,India,East,West Bengal,Kolkata,000000,Kolkata,India,South,Karnataka,Bangalore,560001,Bangalore,1898,1531.5,3,Delivered,4690.94,2024-11-06,Reefer 20ft,15000,26.0,1.6913,Accepted,2024-11-09,2024-11-09,0,On-Time,Inbound
SHP-00566,LD-00566,2025-02-12,February,2025,Gati Kinetic,Road,Personal Care,India,West,Maharashtra,Mumbai,000000,Mumbai,India,West,Maharashtra,Mumbai,400001,Mumbai,67,392.8,1,Delivered,161.39,2025-02-12,20ft Container,18000,28.0,0.43,Accepted,2025-02-13,2025-02-13,0,On-Time,Inbound
SHP-00567,LD-00567,2024-09-13,September,2024,Delhivery,Road,Food & Beverages,India,West,Maharashtra,Mumbai,000000,Mumbai,India,South,Karnataka,Bangalore,560001,Bangalore,1029,678.4,1,Delivered,2528.59,2024-09-13,20ft Container,18000,28.0,0.8022,Accepted,2024-09-14,2024-09-14,0,On-Time,Inbound
SHP-00568,LD-00568,2024-10-13,October,2024,Delhivery,Road,Food & Beverages,India,West,Maharashtra,Pune,000000,Pune,India,North,Delhi,Delhi,110001,Delhi,1440,417.1,2,Delivered,3966.56,2024-10-13,20ft Container,18000,28.0,0.5139,Accepted,2024-10-15,2024-10-15,0,On-Time,Inbound
SHP-00569,LD-00569,2024-12-31,December,2024,Blue Dart,Road,Household,India,West,Maharashtra,Pune,000000,Pune,India,West,Maharashtra,Mumbai,400001,Mumbai,60,537.9,2,Delivered,189.94,2024-12-31,20ft Container,18000,28.0,0.6357,Accepted,2025-01-02,2025-01-02,0,On-Time,Inbound
SHP-00570,LD-00570,2024-11-20,November,2024,Gati Kinetic,Road,Personal Care,India,West,Maharashtra,Mumbai,000000,Mumbai,India,North,Delhi,Delhi,110001,Delhi,1403,123.4,1,Delivered,3441.78,2024-11-20,20ft Container,18000,28.0,0.1425,Accepted,2024-11-21,2024-11-21,0,On-Time,Inbound
SHP-00571,LD-00571,2024-09-14,September,2024,Ekart Logistics,Road,Household,India,West,Maharashtra,Mumbai,000000,Mumbai,India,North,Delhi,Delhi,110001,Delhi,1423,2984.4,3,Delivered,2779.93,2024-09-14,20ft Container,18000,28.0,3.6026,Accepted,2024-09-17,2024-09-17,0,On-Time,Inbound
SHP-00572,LD-00572,2025-02-14,February,2025,DTDC,Road,Personal Care,India,East,West Bengal,Kolkata,000000,Kolkata,India,South,Karnataka,Bangalore,560001,Bangalore,1896,483.8,3,Delivered,4349.14,2025-02-14,20ft Container,18000,28.0,0.5865,Accepted,2025-02-17,2025-02-17,0,On-Time,Inbound
SHP-00573,LD-00573,2024-11-05,November,2024,Ekart Logistics,Road,Food & Beverages,India,North,Delhi,Delhi,000000,Delhi,India,North,Delhi,Delhi,110001,Delhi,35,874.2,2,Delivered,70.18,2024-11-05,Reefer 20ft,15000,26.0,1.0583,Accepted,2024-11-07,2024-11-07,0,On-Time,Inbound
SHP-00574,LD-00574,2025-01-17,January,2025,Ekart Logistics,Road,Household,India,North,Uttar Pradesh,Ghaziabad,000000,Ghaziabad,India,West,Maharashtra,Mumbai,400001,Mumbai,1431,847.5,3,Delivered,2911.48,2025-01-17,20ft Container,18000,28.0,0.9913,Accepted,2025-01-20,2025-01-20,0,On-Time,Inbound
SHP-00575,LD-00575,2025-01-22,January,2025,Ekart Logistics,Road,Food & Beverages,India,West,Maharashtra,Pune,000000,Pune,India,North,Delhi,Delhi,110001,Delhi,1453,1573.6,2,Delivered,3017.5,2025-01-22,MCV,8000,18.0,1.8069,Accepted,2025-01-24,2025-01-24,0,On-Time,Inbound
SHP-00576,LD-00576,2025-01-23,January,2025,Ekart Logistics,Road,Personal Care,India,West,Maharashtra,Mumbai,000000,Mumbai,India,South,Karnataka,Bangalore,560001,Bangalore,998,178.8,3,Delivered,1883.99,2025-01-23,20ft Container,18000,28.0,0.2208,Rejected,2025-01-26,2025-01-26,0,On-Time,Inbound
SHP-00577,LD-00577,2025-02-07,February,2025,Gati Kinetic,Road,Personal Care,India,West,Maharashtra,Pune,000000,Pune,India,North,Delhi,Delhi,110001,Delhi,1411,474.2,1,Delivered,3054.46,2025-02-07,20ft Container,18000,28.0,0.5094,Accepted,2025-02-08,2025-02-08,0,On-Time,Inbound
SHP-00578,LD-00578,2024-11-14,November,2024,Delhivery,Road,Food & Beverages,India,East,West Bengal,Kolkata,000000,Kolkata,India,South,Karnataka,Bangalore,560001,Bangalore,1845,4355.6,2,Delivered,4589.87,2024-11-14,32ft Container,25000,38.0,5.553,Accepted,2024-11-16,2024-11-16,0,On-Time,Inbound
SHP-00579,LD-00579,2025-01-20,January,2025,DTDC,Road,Food & Beverages,India,North,Delhi,Delhi,000000,Delhi,India,West,Maharashtra,Mumbai,400001,Mumbai,1408,250.0,3,Delivered,3367.78,2025-01-20,20ft Container,18000,28.0,0.2799,Accepted,2025-01-23,2025-01-23,0,On-Time,Inbound
SHP-00580,LD-00580,2025-02-17,February,2025,DTDC,Road,Personal Care,India,West,Maharashtra,Mumbai,000000,Mumbai,India,North,Delhi,Delhi,110001,Delhi,1389,950.4,3,Delivered,2867.37,2025-02-17,32ft Container,25000,38.0,1.118,Accepted,2025-02-20,2025-02-24,4,Delayed,Inbound
SHP-00581,LD-00581,2024-12-19,December,2024,Ekart Logistics,Road,Household,India,West,Maharashtra,Mumbai,000000,Mumbai,India,West,Maharashtra,Mumbai,400001,Mumbai,-14,1142.4,4,Delivered,-28.72,2024-12-19,32ft Container,25000,38.0,1.3755,Accepted,2024-12-23,2024-12-23,0,On-Time,Inbound
SHP-00582,LD-00582,2024-09-21,September,2024,Delhivery,Road,Personal Care,India,West,Maharashtra,Mumbai,000000,Mumbai,India,North,Delhi,Delhi,110001,Delhi,1412,96.3,1,Delivered,3670.16,2024-09-21,Reefer 20ft,15000,26.0,0.1313,Accepted,2024-09-22,2024-09-22,0,On-Time,Inbound
SHP-00583,LD-00583,2025-01-02,January,2025,Ekart Logistics,Road,Personal Care,India,West,Maharashtra,Mumbai,000000,Mumbai,India,West,Maharashtra,Mumbai,400001,Mumbai,37,396.4,2,Delivered,79.37,2025-01-02,32ft Container,25000,38.0,0.4062,Accepted,2025-01-04,2025-01-04,0,On-Time,Inbound
SHP-00584,LD-00584,2025-01-25,January,2025,Gati Kinetic,Road,Household,India,East,West Bengal,Kolkata,000000,Kolkata,India,West,Maharashtra,Mumbai,400001,Mumbai,2086,3179.7,2,Delivered,5025.24,2025-01-25,LCV,3500,9.0,4.0812,Accepted,2025-01-27,2025-01-27,0,On-Time,Inbound
SHP-00585,LD-00585,2025-02-07,February,2025,Ekart Logistics,Road,Household,India,West,Maharashtra,Mumbai,000000,Mumbai,India,North,Delhi,Delhi,110001,Delhi,1394,3318.9,2,Delivered,2657.31,2025-02-07,MCV,8000,18.0,3.8815,Rejected,2025-02-09,2025-02-09,0,On-Time,Inbound
SHP-00586,LD-00586,2025-01-10,January,2025,Ekart Logistics,Road,Household,India,North,Uttar Pradesh,Ghaziabad,000000,Ghaziabad,India,North,Delhi,Delhi,110001,Delhi,49,1598.1,3,Delivered,92.13,2025-01-10,20ft Container,18000,28.0,1.9124,Accepted,2025-01-13,2025-01-13,0,On-Time,Inbound
SHP-00587,LD-00587,2024-11-10,November,2024,DTDC,Road,Personal Care,India,North,Uttar Pradesh,Ghaziabad,000000,Ghaziabad,India,West,Maharashtra,Mumbai,400001,Mumbai,1401,775.1,2,Delivered,3280.88,2024-11-10,LCV,3500,9.0,1.0044,Accepted,2024-11-12,2024-11-12,0,On-Time,Inbound
SHP-00588,LD-00588,2025-02-15,February,2025,Ekart Logistics,Road,Household,India,East,West Bengal,Kolkata,000000,Kolkata,India,West,Maharashtra,Mumbai,400001,Mumbai,2090,1832.1,3,Delivered,3957.39,2025-02-15,32ft Container,25000,38.0,2.0632,Accepted,2025-02-18,2025-02-18,0,On-Time,Inbound
SHP-00589,LD-00589,2024-11-27,November,2024,Gati Kinetic,Road,Personal Care,India,West,Maharashtra,Mumbai,000000,Mumbai,India,South,Karnataka,Bangalore,560001,Bangalore,938,461.0,2,Delivered,2194.79,2024-11-27,Reefer 20ft,15000,26.0,0.6298,Accepted,2024-11-29,2024-11-29,0,On-Time,Inbound
SHP-00590,LD-00590,2025-01-06,January,2025,Blue Dart,Road,Personal Care,India,North,Uttar Pradesh,Ghaziabad,000000,Ghaziabad,India,North,Delhi,Delhi,110001,Delhi,77,229.5,2,Delivered,260.13,2025-01-06,MCV,8000,18.0,0.2693,Accepted,2025-01-08,2025-01-08,0,On-Time,Inbound
SHP-00591,LD-00591,2024-09-09,September,2024,Ekart Logistics,Road,Food & Beverages,India,West,Maharashtra,Mumbai,000000,Mumbai,India,West,Maharashtra,Mumbai,400001,Mumbai,28,2040.4,4,Delivered,52.69,2024-09-09,MCV,8000,18.0,2.4125,Accepted,2024-09-13,2024-09-13,0,On-Time,Inbound
SHP-00592,LD-00592,2024-12-31,December,2024,Delhivery,Road,Food & Beverages,India,East,West Bengal,Kolkata,000000,Kolkata,India,South,Karnataka,Bangalore,560001,Bangalore,1906,4702.6,3,Delivered,5008.04,2024-12-31,20ft Container,18000,28.0,5.208,Rejected,2025-01-03,2025-01-03,0,On-Time,Inbound
SHP-00593,LD-00593,2024-10-18,October,2024,Blue Dart,Road,Household,India,West,Maharashtra,Mumbai,000000,Mumbai,India,South,Karnataka,Bangalore,560001,Bangalore,1001,932.3,2,Delivered,2889.96,2024-10-18,LCV,3500,9.0,1.0801,Accepted,2024-10-20,2024-10-20,0,On-Time,Inbound
SHP-00594,LD-00594,2024-09-29,September,2024,Delhivery,Road,Food & Beverages,India,East,West Bengal,Kolkata,000000,Kolkata,India,West,Maharashtra,Mumbai,400001,Mumbai,2046,218.5,2,Delivered,5713.73,2024-09-29,32ft Container,25000,38.0,0.283,Accepted,2024-10-01,2024-10-01,0,On-Time,Inbound
SHP-00595,LD-00595,2025-02-02,February,2025,Delhivery,Road,Household,India,West,Maharashtra,Mumbai,000000,Mumbai,India,South,Karnataka,Bangalore,560001,Bangalore,986,1457.0,1,Delivered,2617.36,2025-02-02,20ft Container,18000,28.0,1.7733,Accepted,2025-02-03,2025-02-03,0,On-Time,Inbound
SHP-00596,LD-00596,2024-12-28,December,2024,Gati Kinetic,Road,Household,India,West,Maharashtra,Mumbai,000000,Mumbai,India,West,Maharashtra,Mumbai,400001,Mumbai,30,948.6,2,Delivered,73.63,2024-12-28,LCV,3500,9.0,1.0614,Accepted,2024-12-30,2024-12-30,0,On-Time,Inbound
SHP-00597,LD-00597,2024-10-16,October,2024,Delhivery,Road,Personal Care,India,East,West Bengal,Kolkata,000000,Kolkata,India,North,Delhi,Delhi,110001,Delhi,1510,589.0,2,Delivered,4228.73,2024-10-16,20ft Container,18000,28.0,0.8347,Accepted,2024-10-18,2024-10-20,2,Delayed,Inbound
SHP-00598,LD-00598,2024-10-26,October,2024,Blue Dart,Road,Household,India,North,Uttar Pradesh,Ghaziabad,000000,Ghaziabad,India,South,Karnataka,Bangalore,560001,Bangalore,2164,4485.4,1,Delivered,7293.95,2024-10-26,20ft Container,18000,28.0,5.521,Accepted,2024-10-27,2024-10-27,0,On-Time,Inbound
SHP-00599,LD-00599,2024-10-24,October,2024,DTDC,Road,Food & Beverages,India,North,Delhi,Delhi,000000,Delhi,India,West,Maharashtra,Mumbai,400001,Mumbai,1415,735.4,2,Delivered,2825.22,2024-10-24,32ft Container,25000,38.0,0.9385,Accepted,2024-10-26,2024-10-26,0,On-Time,Inbound
SHP-00600,LD-00600,2024-12-28,December,2024,DTDC,Road,Food & Beverages,India,North,Delhi,Delhi,000000,Delhi,India,South,Karnataka,Bangalore,560001,Bangalore,2160,1053.6,2,Delivered,5056.53,2024-12-28,32ft Container,25000,38.0,1.2916,Accepted,2024-12-30,2024-12-30,0,On-Time,Inbound
SHP-00601,LD-00601,2024-09-26,September,2024,Ekart Logistics,Road,Household,India,North,Delhi,Delhi,110001,Delhi,India,West,Gujarat,Ahmedabad,380001,Ahmedabad,922,920.7,4,Delivered,1725.22,2024-09-26,MCV,8000,18.0,1.1181,Accepted,2024-09-30,2024-09-30,0,On-Time,Outbound
SHP-00602,LD-00602,2024-12-23,December,2024,Delhivery,Road,Personal Care,India,South,Karnataka,Bangalore,560001,Bangalore,India,Central,Madhya Pradesh,Bhopal,462001,Bhopal,1444,90.0,3,Delivered,3897.33,2024-12-23,20ft Container,18000,28.0,0.0972,Accepted,2024-12-26,2024-12-26,0,On-Time,Outbound
SHP-00603,LD-00603,2024-12-06,December,2024,Blue Dart,Road,Personal Care,India,South,Karnataka,Bangalore,560001,Bangalore,India,West,Gujarat,Ahmedabad,380001,Ahmedabad,1512,8.6,3,Delivered,4540.5,2024-12-06,LCV,3500,9.0,0.0122,Accepted,2024-12-09,2024-12-09,0,On-Time,Outbound
SHP-00604,LD-00604,2024-10-13,October,2024,Delhivery,Road,Food & Beverages,India,North,Delhi,Delhi,110001,Delhi,India,North,Rajasthan,Jaipur,302001,Jaipur,263,298.4,2,Delivered,743.2,2024-10-13,Reefer 20ft,15000,26.0,0.3736,Accepted,2024-10-15,2024-10-15,0,On-Time,Outbound
SHP-00605,LD-00605,2024-10-25,October,2024,Delhivery,Road,Personal Care,India,West,Maharashtra,Mumbai,400001,Mumbai,India,North,Rajasthan,Jaipur,302001,Jaipur,1171,60.5,2,Delivered,3120.05,2024-10-25,LCV,3500,9.0,0.0726,Rejected,2024-10-27,2024-10-27,0,On-Time,Outbound
SHP-00606,LD-00606,2025-02-01,February,2025,DTDC,Road,Personal Care,India,North,Delhi,Delhi,110001,Delhi,India,North,Punjab,Chandigarh,160001,Chandigarh,258,136.7,3,Delivered,547.66,2025-02-01,20ft Container,18000,28.0,0.1419,Accepted,2025-02-04,2025-02-04,0,On-Time,Outbound
SHP-00607,LD-00607,2024-10-15,October,2024,DTDC,Road,Household,India,West,Maharashtra,Mumbai,400001,Mumbai,India,North,Uttar Pradesh,Lucknow,226001,Lucknow,1448,330.5,3,Delivered,3110.66,2024-10-15,Reefer 20ft,15000,26.0,0.4076,Accepted,2024-10-18,2024-10-18,0,On-Time,Outbound
SHP-00608,LD-00608,2024-09-04,September,2024,Ekart Logistics,Road,Personal Care,India,North,Delhi,Delhi,110001,Delhi,India,Central,Madhya Pradesh,Bhopal,462001,Bhopal,779,66.5,3,Delivered,1426.94,2024-09-04,32ft Container,25000,38.0,0.081,Accepted,2024-09-07,2024-09-07,0,On-Time,Outbound
SHP-00609,LD-00609,2024-10-09,October,2024,Delhivery,Road,Food & Beverages,India,West,Maharashtra,Mumbai,400001,Mumbai,India,South,Tamil Nadu,Chennai,600001,Chennai,1341,1332.4,2,Delivered,3686.71,2024-10-09,LCV,3500,9.0,1.4844,Rejected,2024-10-11,2024-10-11,0,On-Time,Outbound
SHP-00610,LD-00610,2024-10-29,October,2024,Blue Dart,Road,Household,India,West,Maharashtra,Mumbai,400001,Mumbai,India,South,Tamil Nadu,Chennai,600001,Chennai,1351,233.4,2,Delivered,4485.19,2024-10-29,32ft Container,25000,38.0,0.2903,Accepted,2024-10-31,2024-10-31,0,On-Time,Outbound
SHP-00611,LD-00611,2024-11-22,November,2024,Ekart Logistics,Road,Food & Beverages,India,South,Karnataka,Bangalore,560001,Bangalore,India,North,Punjab,Chandigarh,160001,Chandigarh,2278,61.6,3,Delivered,4184.01,2024-11-22,32ft Container,25000,38.0,0.0659,Accepted,2024-11-25,2024-11-25,0,On-Time,Outbound
SHP-00612,LD-00612,2024-09-21,September,2024,Ekart Logistics,Road,Food & Beverages,India,North,Delhi,Delhi,110001,Delhi,India,South,Telangana,Hyderabad,500001,Hyderabad,1555,812.7,3,Delivered,2987.53,2024-09-21,Reefer 20ft,15000,26.0,0.998,Accepted,2024-09-24,2024-09-24,0,On-Time,Outbound
SHP-00613,LD-00613,2025-01-02,January,2025,DTDC,Road,Personal Care,India,South,Karnataka,Bangalore,560001,Bangalore,India,South,Telangana,Hyderabad,500001,Hyderabad,536,203.8,3,Delivered,1240.97,2025-01-02,MCV,8000,18.0,0.26,Accepted,2025-01-05,2025-01-05,0,On-Time,Outbound
SHP-00614,LD-00614,2025-01-16,January,2025,Ekart Logistics,Road,Household,India,North,Delhi,Delhi,110001,Delhi,India,South,Tamil Nadu,Chennai,600001,Chennai,2185,607.8,3,Delivered,4462.67,2025-01-16,MCV,8000,18.0,0.7286,Rejected,2025-01-19,2025-01-19,0,On-Time,Outbound
SHP-00615,LD-00615,2024-10-10,October,2024,Delhivery,Road,Food & Beverages,India,North,Delhi,Delhi,110001,Delhi,India,South,Kerala,Kochi,682001,Kochi,2717,268.3,4,Delivered,6884.97,2024-10-10,MCV,8000,18.0,0.3283,Accepted,2024-10-14,2024-10-14,0,On-Time,Outbound
SHP-00616,LD-00616,2024-12-14,December,2024,Blue Dart,Road,Household,India,South,Karnataka,Bangalore,560001,Bangalore,India,West,Maharashtra,Nagpur,440001,Nagpur,1079,393.1,2,Delivered,3738.06,2024-12-14,LCV,3500,9.0,0.4871,Accepted,2024-12-16,2024-12-17,1,Delayed,Outbound
SHP-00617,LD-00617,2024-09-15,September,2024,DTDC,Road,Personal Care,India,South,Karnataka,Bangalore,560001,Bangalore,India,South,Kerala,Kochi,682001,Kochi,654,183.8,4,Delivered,1486.47,2024-09-15,20ft Container,18000,28.0,0.2378,Accepted,2024-09-19,2024-09-19,0,On-Time,Outbound
SHP-00618,LD-00618,2024-11-05,November,2024,Delhivery,Road,Household,India,South,Karnataka,Bangalore,560001,Bangalore,India,South,Kerala,Kochi,682001,Kochi,651,1020.2,2,Delivered,1764.23,2024-11-05,20ft Container,18000,28.0,1.2002,Accepted,2024-11-07,2024-11-07,0,On-Time,Outbound
SHP-00619,LD-00619,2025-01-11,January,2025,Blue Dart,Road,Personal Care,India,South,Karnataka,Bangalore,560001,Bangalore,India,West,Maharashtra,Nagpur,440001,Nagpur,1067,91.8,2,Delivered,3283.27,2025-01-11,MCV,8000,18.0,0.1228,Accepted,2025-01-13,2025-01-13,0,On-Time,Outbound
SHP-00620,LD-00620,2025-02-10,February,2025,Blue Dart,Road,Food & Beverages,India,South,Karnataka,Bangalore,560001,Bangalore,India,North,Rajasthan,Jaipur,302001,Jaipur,1914,168.2,2,Delivered,5889.73,2025-02-10,MCV,8000,18.0,0.203,Accepted,2025-02-12,2025-02-12,0,On-Time,Outbound
SHP-00621,LD-00621,2024-09-18,September,2024,Blue Dart,Road,Personal Care,India,West,Maharashtra,Mumbai,400001,Mumbai,India,West,Gujarat,Ahmedabad,380001,Ahmedabad,512,26.5,1,Delivered,1633.97,2024-09-18,32ft Container,25000,38.0,0.0265,Accepted,2024-09-19,2024-09-19,0,On-Time,Outbound
SHP-00622,LD-00622,2024-10-25,October,2024,Ekart Logistics,Road,Food & Beverages,India,North,Delhi,Delhi,110001,Delhi,India,South,Kerala,Kochi,682001,Kochi,2698,952.1,4,Delivered,5532.88,2024-10-25,MCV,8000,18.0,1.0868,Accepted,2024-10-29,2024-10-29,0,On-Time,Outbound
SHP-00623,LD-00623,2024-11-15,November,2024,Blue Dart,Road,Household,India,South,Karnataka,Bangalore,560001,Bangalore,India,North,Uttar Pradesh,Lucknow,226001,Lucknow,2043,440.3,2,Delivered,6231.75,2024-11-15,20ft Container,18000,28.0,0.543,Accepted,2024-11-17,2024-11-17,0,On-Time,Outbound
SHP-00624,LD-00624,2024-09-25,September,2024,Blue Dart,Road,Household,India,South,Karnataka,Bangalore,560001,Bangalore,India,West,Maharashtra,Nagpur,440001,Nagpur,1089,430.5,2,Delivered,3474.99,2024-09-25,LCV,3500,9.0,0.5244,Accepted,2024-09-27,2024-09-27,0,On-Time,Outbound
SHP-00625,LD-00625,2024-12-04,December,2024,DTDC,Road,Food & Beverages,India,South,Karnataka,Bangalore,560001,Bangalore,India,North,Punjab,Chandigarh,160001,Chandigarh,2325,347.4,3,Delivered,4941.35,2024-12-04,LCV,3500,9.0,0.4338,Accepted,2024-12-07,2024-12-07,0,On-Time,Outbound
SHP-00626,LD-00626,2024-09-07,September,2024,Delhivery,Road,Household,India,West,Maharashtra,Mumbai,400001,Mumbai,India,North,Punjab,Chandigarh,160001,Chandigarh,1579,1045.6,3,Delivered,4258.27,2024-09-07,MCV,8000,18.0,1.1932,Accepted,2024-09-10,2024-09-10,0,On-Time,Outbound
SHP-00627,LD-00627,2024-09-01,September,2024,Delhivery,Road,Personal Care,India,South,Karnataka,Bangalore,560001,Bangalore,India,North,Punjab,Chandigarh,160001,Chandigarh,2301,117.2,2,Delivered,5863.15,2024-09-01,Reefer 20ft,15000,26.0,0.1271,Accepted,2024-09-03,2024-09-03,0,On-Time,Outbound
SHP-00628,LD-00628,2024-12-31,December,2024,Gati Kinetic,Road,Food & Beverages,India,North,Delhi,Delhi,110001,Delhi,India,West,Maharashtra,Pune,411001,Pune,1485,420.1,4,Delivered,3578.29,2024-12-31,32ft Container,25000,38.0,0.5155,Accepted,2025-01-04,2025-01-04,0,On-Time,Outbound
SHP-00629,LD-00629,2024-10-03,October,2024,Blue Dart,Road,Food & Beverages,India,South,Karnataka,Bangalore,560001,Bangalore,India,Central,Madhya Pradesh,Bhopal,462001,Bhopal,1435,581.3,3,Delivered,4356.3,2024-10-03,Reefer 20ft,15000,26.0,0.666,Accepted,2024-10-06,2024-10-10,4,Delayed,Outbound
SHP-00630,LD-00630,2024-12-21,December,2024,Blue Dart,Road,Food & Beverages,India,South,Karnataka,Bangalore,560001,Bangalore,India,North,Rajasthan,Jaipur,302001,Jaipur,1916,564.3,3,Delivered,5833.99,2024-12-21,32ft Container,25000,38.0,0.6683,Accepted,2024-12-24,2024-12-24,0,On-Time,Outbound
SHP-00631,LD-00631,2025-01-15,January,2025,Delhivery,Road,Household,India,South,Karnataka,Bangalore,560001,Bangalore,India,North,Rajasthan,Jaipur,302001,Jaipur,1894,529.7,1,Delivered,5328.37,2025-01-15,LCV,3500,9.0,0.6254,Accepted,2025-01-16,2025-01-16,0,On-Time,Outbound
SHP-00632,LD-00632,2024-12-21,December,2024,Ekart Logistics,Road,Food & Beverages,India,South,Karnataka,Bangalore,560001,Bangalore,India,North,Punjab,Chandigarh,160001,Chandigarh,2329,189.8,3,Delivered,4367.49,2024-12-21,Reefer 20ft,15000,26.0,0.2278,Accepted,2024-12-24,2024-12-24,0,On-Time,Outbound
SHP-00633,LD-00633,2024-11-20,November,2024,Delhivery,Road,Food & Beverages,India,South,Karnataka,Bangalore,560001,Bangalore,India,West,Maharashtra,Pune,411001,Pune,861,382.1,2,Delivered,2318.88,2024-11-20,LCV,3500,9.0,0.4314,Accepted,2024-11-22,2024-11-22,0,On-Time,Outbound
SHP-00634,LD-00634,2024-10-27,October,2024,Ekart Logistics,Road,Household,India,South,Karnataka,Bangalore,560001,Bangalore,India,West,Maharashtra,Nagpur,440001,Nagpur,1083,251.8,3,Delivered,2044.23,2024-10-27,LCV,3500,9.0,0.3234,Accepted,2024-10-30,2024-10-30,0,On-Time,Outbound
SHP-00635,LD-00635,2024-10-08,October,2024,DTDC,Road,Personal Care,India,North,Delhi,Delhi,110001,Delhi,India,West,Maharashtra,Nagpur,440001,Nagpur,1104,72.8,4,Delivered,2529.12,2024-10-08,LCV,3500,9.0,0.0848,Accepted,2024-10-12,2024-10-12,0,On-Time,Outbound
SHP-00636,LD-00636,2024-12-06,December,2024,DTDC,Road,Food & Beverages,India,North,Delhi,Delhi,110001,Delhi,India,South,Kerala,Kochi,682001,Kochi,2714,565.5,2,Delivered,6252.29,2024-12-06,32ft Container,25000,38.0,0.7237,Accepted,2024-12-08,2024-12-08,0,On-Time,Outbound
SHP-00637,LD-00637,2024-11-16,November,2024,Gati Kinetic,Road,Household,India,North,Delhi,Delhi,110001,Delhi,India,South,Kerala,Kochi,682001,Kochi,2718,264.3,3,Delivered,6381.47,2024-11-16,LCV,3500,9.0,0.31,Rejected,2024-11-19,2024-11-19,0,On-Time,Outbound
SHP-00638,LD-00638,2024-10-20,October,2024,DTDC,Road,Food & Beverages,India,South,Karnataka,Bangalore,560001,Bangalore,India,South,Tamil Nadu,Chennai,600001,Chennai,374,114.9,3,Delivered,894.31,2024-10-20,20ft Container,18000,28.0,0.1445,Accepted,2024-10-23,2024-10-23,0,On-Time,Outbound
SHP-00639,LD-00639,2024-10-06,October,2024,Ekart Logistics,Road,Personal Care,India,South,Karnataka,Bangalore,560001,Bangalore,India,North,Uttar Pradesh,Lucknow,226001,Lucknow,2086,117.6,2,Delivered,4469.16,2024-10-06,LCV,3500,9.0,0.1319,Accepted,2024-10-08,2024-10-08,0,On-Time,Outbound
SHP-00640,LD-00640,2024-10-14,October,2024,Gati Kinetic,Road,Household,India,North,Delhi,Delhi,110001,Delhi,India,North,Punjab,Chandigarh,160001,Chandigarh,261,589.1,3,Delivered,606.17,2024-10-14,Reefer 20ft,15000,26.0,0.6509,Accepted,2024-10-17,2024-10-17,0,On-Time,Outbound
SHP-00641,LD-00641,2024-09-09,September,2024,Delhivery,Road,Food & Beverages,India,North,Delhi,Delhi,110001,Delhi,India,North,Punjab,Chandigarh,160001,Chandigarh,269,786.8,2,Delivered,694.32,2024-09-09,20ft Container,18000,28.0,0.947,Accepted,2024-09-11,2024-09-11,0,On-Time,Outbound
SHP-00642,LD-00642,2024-12-04,December,2024,Gati Kinetic,Road,Food & Beverages,India,West,Maharashtra,Mumbai,400001,Mumbai,India,South,Tamil Nadu,Chennai,600001,Chennai,1301,304.2,3,Delivered,3176.64,2024-12-04,32ft Container,25000,38.0,0.3747,Accepted,2024-12-07,2024-12-07,0,On-Time,Outbound
SHP-00643,LD-00643,2025-01-30,January,2025,Blue Dart,Road,Household,India,West,Maharashtra,Mumbai,400001,Mumbai,India,South,Tamil Nadu,Chennai,600001,Chennai,1311,197.0,1,Delivered,4115.77,2025-01-30,Reefer 20ft,15000,26.0,0.2399,Accepted,2025-01-31,2025-01-31,0,On-Time,Outbound
SHP-00644,LD-00644,2025-01-14,January,2025,Ekart Logistics,Road,Household,India,West,Maharashtra,Mumbai,400001,Mumbai,India,Central,Madhya Pradesh,Bhopal,462001,Bhopal,798,597.5,3,Delivered,1676.75,2025-01-14,20ft Container,18000,28.0,0.7357,Accepted,2025-01-17,2025-01-17,0,On-Time,Outbound
SHP-00645,LD-00645,2024-10-17,October,2024,Ekart Logistics,Road,Household,India,North,Delhi,Delhi,110001,Delhi,India,North,Uttar Pradesh,Lucknow,226001,Lucknow,579,283.3,3,Delivered,1216.61,2024-10-17,LCV,3500,9.0,0.3269,Accepted,2024-10-20,2024-10-20,0,On-Time,Outbound
SHP-00646,LD-00646,2024-12-03,December,2024,DTDC,Road,Household,India,North,Delhi,Delhi,110001,Delhi,India,Central,Madhya Pradesh,Bhopal,462001,Bhopal,797,107.2,3,Delivered,1852.57,2024-12-03,Reefer 20ft,15000,26.0,0.1241,Accepted,2024-12-06,2024-12-06,0,On-Time,Outbound
SHP-00647,LD-00647,2025-01-04,January,2025,Ekart Logistics,Road,Food & Beverages,India,West,Maharashtra,Mumbai,400001,Mumbai,India,North,Uttar Pradesh,Lucknow,226001,Lucknow,1435,211.4,1,Delivered,2604.09,2025-01-04,20ft Container,18000,28.0,0.2388,Accepted,2025-01-05,2025-01-05,0,On-Time,Outbound
SHP-00648,LD-00648,2025-01-20,January,2025,Ekart Logistics,Road,Food & Beverages,India,North,Delhi,Delhi,110001,Delhi,India,North,Uttar Pradesh,Lucknow,226001,Lucknow,541,214.1,3,Delivered,1056.42,2025-01-20,LCV,3500,9.0,0.243,Accepted,2025-01-23,2025-01-23,0,On-Time,Outbound
SHP-00649,LD-00649,2024-11-05,November,2024,Blue Dart,Road,Food & Beverages,India,West,Maharashtra,Mumbai,400001,Mumbai,India,South,Kerala,Kochi,682001,Kochi,1225,456.7,3,Delivered,3819.76,2024-11-05,32ft Container,25000,38.0,0.5599,Accepted,2024-11-08,2024-11-08,0,On-Time,Outbound
SHP-00650,LD-00650,2024-12-17,December,2024,Delhivery,Road,Personal Care,India,South,Karnataka,Bangalore,560001,Bangalore,India,West,Maharashtra,Nagpur,440001,Nagpur,1034,75.2,2,Delivered,2564.8,2024-12-17,32ft Container,25000,38.0,0.0854,Accepted,2024-12-19,2024-12-19,0,On-Time,Outbound
SHP-00651,LD-00651,2024-09-17,September,2024,Gati Kinetic,Road,Food & Beverages,India,South,Karnataka,Bangalore,560001,Bangalore,India,Central,Madhya Pradesh,Bhopal,462001,Bhopal,1444,254.4,4,Delivered,3797.94,2024-09-17,20ft Container,18000,28.0,0.2897,Accepted,2024-09-21,2024-09-21,0,On-Time,Outbound
SHP-00652,LD-00652,2025-01-13,January,2025,Delhivery,Road,Food & Beverages,India,North,Delhi,Delhi,110001,Delhi,India,North,Rajasthan,Jaipur,302001,Jaipur,305,647.5,3,Delivered,758.42,2025-01-13,Reefer 20ft,15000,26.0,0.7894,Accepted,2025-01-16,2025-01-16,0,On-Time,Outbound
SHP-00653,LD-00653,2024-11-21,November,2024,Delhivery,Road,Personal Care,India,North,Delhi,Delhi,110001,Delhi,India,West,Gujarat,Ahmedabad,380001,Ahmedabad,930,90.6,3,Delivered,2462.64,2024-11-21,MCV,8000,18.0,0.1003,Accepted,2024-11-24,2024-11-24,0,On-Time,Outbound
SHP-00654,LD-00654,2025-02-16,February,2025,Delhivery,Road,Food & Beverages,India,South,Karnataka,Bangalore,560001,Bangalore,India,Central,Madhya Pradesh,Bhopal,462001,Bhopal,1465,115.5,4,Delivered,4020.42,2025-02-16,LCV,3500,9.0,0.1522,Accepted,2025-02-20,2025-02-20,0,On-Time,Outbound
SHP-00655,LD-00655,2024-12-22,December,2024,Delhivery,Road,Personal Care,India,West,Maharashtra,Mumbai,400001,Mumbai,India,South,Kerala,Kochi,682001,Kochi,1240,204.0,2,Delivered,3098.69,2024-12-22,20ft Container,18000,28.0,0.2834,Accepted,2024-12-24,2024-12-29,5,Delayed,Outbound
SHP-00656,LD-00656,2024-11-01,November,2024,Blue Dart,Road,Personal Care,India,North,Delhi,Delhi,110001,Delhi,India,North,Rajasthan,Jaipur,302001,Jaipur,310,63.1,2,Delivered,976.92,2024-11-01,20ft Container,18000,28.0,0.0897,Accepted,2024-11-03,2024-11-03,0,On-Time,Outbound
SHP-00657,LD-00657,2025-01-06,January,2025,Gati Kinetic,Road,Household,India,South,Karnataka,Bangalore,560001,Bangalore,India,North,Uttar Pradesh,Lucknow,226001,Lucknow,2085,69.2,4,Delivered,4928.92,2025-01-06,20ft Container,18000,28.0,0.0831,Accepted,2025-01-10,2025-01-10,0,On-Time,Outbound
SHP-00658,LD-00658,2025-02-03,February,2025,Ekart Logistics,Road,Food & Beverages,India,West,Maharashtra,Mumbai,400001,Mumbai,India,South,Telangana,Hyderabad,500001,Hyderabad,691,824.0,3,Delivered,1264.56,2025-02-03,32ft Container,25000,38.0,0.973,Accepted,2025-02-06,2025-02-06,0,On-Time,Outbound
SHP-00659,LD-00659,2024-12-18,December,2024,Blue Dart,Road,Household,India,South,Karnataka,Bangalore,560001,Bangalore,India,West,Maharashtra,Pune,411001,Pune,828,402.3,3,Delivered,2543.18,2024-12-18,20ft Container,18000,28.0,0.4763,Accepted,2024-12-21,2024-12-21,0,On-Time,Outbound
SHP-00660,LD-00660,2024-12-10,December,2024,Ekart Logistics,Road,Food & Beverages,India,North,Delhi,Delhi,110001,Delhi,India,West,Gujarat,Ahmedabad,380001,Ahmedabad,957,949.0,5,Delivered,1959.07,2024-12-10,MCV,8000,18.0,1.1817,Accepted,2024-12-15,2024-12-15,0,On-Time,Outbound
SHP-00661,LD-00661,2024-12-27,December,2024,Ekart Logistics,Road,Household,India,West,Maharashtra,Mumbai,400001,Mumbai,India,West,Gujarat,Ahmedabad,380001,Ahmedabad,505,263.6,3,Delivered,1015.88,2024-12-27,32ft Container,25000,38.0,0.3212,Accepted,2024-12-30,2025-01-01,2,Delayed,Outbound
SHP-00662,LD-00662,2024-09-02,September,2024,Gati Kinetic,Road,Household,India,West,Maharashtra,Mumbai,400001,Mumbai,India,North,Rajasthan,Jaipur,302001,Jaipur,1187,430.4,3,Delivered,2667.72,2024-09-02,MCV,8000,18.0,0.5115,Accepted,2024-09-05,2024-09-05,0,On-Time,Outbound
SHP-00663,LD-00663,2024-10-12,October,2024,Gati Kinetic,Road,Personal Care,India,North,Delhi,Delhi,110001,Delhi,India,South,Kerala,Kochi,682001,Kochi,2695,65.3,3,Delivered,6365.88,2024-10-12,32ft Container,25000,38.0,0.0887,Accepted,2024-10-15,2024-10-15,0,On-Time,Outbound
SHP-00664,LD-00664,2025-01-01,January,2025,Delhivery,Road,Household,India,North,Delhi,Delhi,110001,Delhi,India,North,Uttar Pradesh,Lucknow,226001,Lucknow,545,1323.4,2,Delivered,1488.16,2025-01-01,32ft Container,25000,38.0,1.6177,Accepted,2025-01-03,2025-01-03,0,On-Time,Outbound
SHP-00665,LD-00665,2024-10-04,October,2024,Gati Kinetic,Road,Personal Care,India,West,Maharashtra,Mumbai,400001,Mumbai,India,Central,Madhya Pradesh,Bhopal,462001,Bhopal,777,112.5,3,Delivered,2042.49,2024-10-04,LCV,3500,9.0,0.1267,Accepted,2024-10-07,2024-10-07,0,On-Time,Outbound
SHP-00666,LD-00666,2024-11-12,November,2024,DTDC,Road,Household,India,West,Maharashtra,Mumbai,400001,Mumbai,India,South,Kerala,Kochi,682001,Kochi,1197,529.9,2,Delivered,2773.88,2024-11-12,32ft Container,25000,38.0,0.6595,Accepted,2024-11-14,2024-11-14,0,On-Time,Outbound
SHP-00667,LD-00667,2024-10-21,October,2024,Gati Kinetic,Road,Personal Care,India,South,Karnataka,Bangalore,560001,Bangalore,India,South,Telangana,Hyderabad,500001,Hyderabad,549,41.3,3,Delivered,1217.58,2024-10-21,32ft Container,25000,38.0,0.0588,Accepted,2024-10-24,2024-10-24,0,On-Time,Outbound
SHP-00668,LD-00668,2024-12-19,December,2024,Delhivery,Road,Household,India,West,Maharashtra,Mumbai,400001,Mumbai,India,South,Telangana,Hyderabad,500001,Hyderabad,694,67.6,2,Delivered,1745.28,2024-12-19,32ft Container,25000,38.0,0.0838,Accepted,2024-12-21,2024-12-21,0,On-Time,Outbound
SHP-00669,LD-00669,2024-11-17,November,2024,Blue Dart,Road,Household,India,South,Karnataka,Bangalore,560001,Bangalore,India,North,Punjab,Chandigarh,160001,Chandigarh,2273,332.1,1,Delivered,7506.98,2024-11-17,20ft Container,18000,28.0,0.3712,Accepted,2024-11-18,2024-11-18,0,On-Time,Outbound
SHP-00670,LD-00670,2025-02-03,February,2025,DTDC,Road,Household,India,West,Maharashtra,Mumbai,400001,Mumbai,India,South,Kerala,Kochi,682001,Kochi,1223,928.4,4,Delivered,2718.46,2025-02-03,20ft Container,18000,28.0,1.0888,Accepted,2025-02-07,2025-02-07,0,On-Time,Outbound
SHP-00671,LD-00671,2025-01-29,January,2025,DTDC,Road,Household,India,West,Maharashtra,Mumbai,400001,Mumbai,India,West,Maharashtra,Pune,411001,Pune,127,117.2,2,Delivered,253.75,2025-01-29,Reefer 20ft,15000,26.0,0.1267,Accepted,2025-01-31,2025-01-31,0,On-Time,Outbound
SHP-00672,LD-00672,2024-12-24,December,2024,Delhivery,Road,Food & Beverages,India,South,Karnataka,Bangalore,560001,Bangalore,India,South,Telangana,Hyderabad,500001,Hyderabad,569,252.2,3,Delivered,1544.72,2024-12-24,32ft Container,25000,38.0,0.2994,Rejected,2024-12-27,2024-12-27,0,On-Time,Outbound
SHP-00673,LD-00673,2024-11-04,November,2024,Ekart Logistics,Road,Food & Beverages,India,North,Delhi,Delhi,110001,Delhi,India,North,Punjab,Chandigarh,160001,Chandigarh,224,212.2,3,Delivered,446.46,2024-11-04,MCV,8000,18.0,0.2664,Accepted,2024-11-07,2024-11-07,0,On-Time,Outbound
SHP-00674,LD-00674,2025-02-01,February,2025,Delhivery,Road,Personal Care,India,South,Karnataka,Bangalore,560001,Bangalore,India,West,Gujarat,Ahmedabad,380001,Ahmedabad,1507,129.6,1,Delivered,4164.68,2025-02-01,32ft Container,25000,38.0,0.1775,Accepted,2025-02-02,2025-02-05,3,Delayed,Outbound
SHP-00675,LD-00675,2024-10-13,October,2024,Blue Dart,Road,Personal Care,India,South,Karnataka,Bangalore,560001,Bangalore,India,Central,Madhya Pradesh,Bhopal,462001,Bhopal,1433,55.0,1,Delivered,4670.08,2024-10-13,Reefer 20ft,15000,26.0,0.0718,Rejected,2024-10-14,2024-10-14,0,On-Time,Outbound
SHP-00676,LD-00676,2025-01-13,January,2025,Ekart Logistics,Road,Personal Care,India,South,Karnataka,Bangalore,560001,Bangalore,India,South,Kerala,Kochi,682001,Kochi,644,84.6,3,Delivered,1220.56,2025-01-13,20ft Container,18000,28.0,0.1085,Rejected,2025-01-16,2025-01-19,3,Delayed,Outbound
SHP-00677,LD-00677,2024-11-09,November,2024,Delhivery,Road,Food & Beverages,India,North,Delhi,Delhi,110001,Delhi,India,South,Tamil Nadu,Chennai,600001,Chennai,2173,72.5,5,Delivered,5451.56,2024-11-09,Reefer 20ft,15000,26.0,0.0859,Accepted,2024-11-14,2024-11-16,2,Delayed,Outbound
SHP-00678,LD-00678,2024-12-14,December,2024,Delhivery,Road,Personal Care,India,South,Karnataka,Bangalore,560001,Bangalore,India,South,Tamil Nadu,Chennai,600001,Chennai,366,152.7,3,Delivered,1040.14,2024-12-14,32ft Container,25000,38.0,0.191,Accepted,2024-12-17,2024-12-17,0,On-Time,Outbound
SHP-00679,LD-00679,2024-09-28,September,2024,Ekart Logistics,Road,Food & Beverages,India,North,Delhi,Delhi,110001,Delhi,India,Central,Madhya Pradesh,Bhopal,462001,Bhopal,754,415.7,2,Delivered,1455.0,2024-09-28,MCV,8000,18.0,0.4719,Accepted,2024-09-30,2024-09-30,0,On-Time,Outbound
SHP-00680,LD-00680,2024-12-24,December,2024,Delhivery,Road,Food & Beverages,India,South,Karnataka,Bangalore,560001,Bangalore,India,North,Punjab,Chandigarh,160001,Chandigarh,2299,117.0,1,Delivered,5600.86,2024-12-24,32ft Container,25000,38.0,0.1319,Accepted,2024-12-25,2024-12-25,0,On-Time,Outbound
SHP-00681,LD-00681,2024-10-17,October,2024,Gati Kinetic,Road,Household,India,North,Delhi,Delhi,110001,Delhi,India,West,Maharashtra,Nagpur,440001,Nagpur,1077,486.4,3,Delivered,2453.11,2024-10-17,20ft Container,18000,28.0,0.5372,Accepted,2024-10-20,2024-10-20,0,On-Time,Outbound
SHP-00682,LD-00682,2024-10-06,October,2024,Ekart Logistics,Road,Personal Care,India,West,Maharashtra,Mumbai,400001,Mumbai,India,North,Rajasthan,Jaipur,302001,Jaipur,1178,29.9,3,Delivered,2511.74,2024-10-06,20ft Container,18000,28.0,0.0385,Accepted,2024-10-09,2024-10-09,0,On-Time,Outbound
SHP-00683,LD-00683,2024-11-08,November,2024,Blue Dart,Road,Personal Care,India,North,Delhi,Delhi,110001,Delhi,India,South,Telangana,Hyderabad,500001,Hyderabad,1552,29.2,1,Delivered,4608.05,2024-11-08,20ft Container,18000,28.0,0.0322,Accepted,2024-11-09,2024-11-09,0,On-Time,Outbound
SHP-00684,LD-00684,2024-11-24,November,2024,DTDC,Road,Food & Beverages,India,West,Maharashtra,Mumbai,400001,Mumbai,India,North,Uttar Pradesh,Lucknow,226001,Lucknow,1472,276.2,2,Delivered,2943.4,2024-11-24,20ft Container,18000,28.0,0.3246,Accepted,2024-11-26,2024-11-26,0,On-Time,Outbound
SHP-00685,LD-00685,2024-10-07,October,2024,Gati Kinetic,Road,Food & Beverages,India,North,Delhi,Delhi,110001,Delhi,India,Central,Madhya Pradesh,Bhopal,462001,Bhopal,783,339.1,3,Delivered,2023.61,2024-10-07,MCV,8000,18.0,0.4414,Accepted,2024-10-10,2024-10-10,0,On-Time,Outbound
SHP-00686,LD-00686,2024-09-29,September,2024,Delhivery,Road,Food & Beverages,India,North,Delhi,Delhi,110001,Delhi,India,South,Kerala,Kochi,682001,Kochi,2727,81.0,3,Delivered,6442.65,2024-09-29,20ft Container,18000,28.0,0.0942,Accepted,2024-10-02,2024-10-05,3,Delayed,Outbound
SHP-00687,LD-00687,2025-02-01,February,2025,DTDC,Road,Personal Care,India,West,Maharashtra,Mumbai,400001,Mumbai,India,Central,Madhya Pradesh,Bhopal,462001,Bhopal,808,137.4,1,Delivered,1777.33,2025-02-01,LCV,3500,9.0,0.1942,Accepted,2025-02-02,2025-02-02,0,On-Time,Outbound
SHP-00688,LD-00688,2024-10-09,October,2024,Blue Dart,Road,Food & Beverages,India,West,Maharashtra,Mumbai,400001,Mumbai,India,North,Rajasthan,Jaipur,302001,Jaipur,1182,123.8,3,Delivered,3455.08,2024-10-09,MCV,8000,18.0,0.1538,Accepted,2024-10-12,2024-10-12,0,On-Time,Outbound
SHP-00689,LD-00689,2024-09-24,September,2024,Delhivery,Road,Personal Care,India,South,Karnataka,Bangalore,560001,Bangalore,India,South,Tamil Nadu,Chennai,600001,Chennai,328,60.3,3,Delivered,904.33,2024-09-24,LCV,3500,9.0,0.0587,Accepted,2024-09-27,2024-09-27,0,On-Time,Outbound
SHP-00690,LD-00690,2025-01-19,January,2025,Gati Kinetic,Road,Food & Beverages,India,North,Delhi,Delhi,110001,Delhi,India,North,Punjab,Chandigarh,160001,Chandigarh,265,234.1,3,Delivered,626.06,2025-01-19,Reefer 20ft,15000,26.0,0.2562,Accepted,2025-01-22,2025-01-22,0,On-Time,Outbound
SHP-00691,LD-00691,2024-10-31,October,2024,Blue Dart,Road,Household,India,South,Karnataka,Bangalore,560001,Bangalore,India,South,Telangana,Hyderabad,500001,Hyderabad,558,491.9,3,Delivered,1910.15,2024-10-31,LCV,3500,9.0,0.5415,Accepted,2024-11-03,2024-11-03,0,On-Time,Outbound
SHP-00692,LD-00692,2024-10-07,October,2024,Gati Kinetic,Road,Food & Beverages,India,North,Delhi,Delhi,110001,Delhi,India,South,Tamil Nadu,Chennai,600001,Chennai,2197,645.4,4,Delivered,4890.84,2024-10-07,20ft Container,18000,28.0,0.8211,Accepted,2024-10-11,2024-10-11,0,On-Time,Outbound
SHP-00693,LD-00693,2024-09-07,September,2024,Gati Kinetic,Road,Personal Care,India,South,Karnataka,Bangalore,560001,Bangalore,India,North,Uttar Pradesh,Lucknow,226001,Lucknow,2049,45.6,2,Delivered,4785.06,2024-09-07,20ft Container,18000,28.0,0.061,Rejected,2024-09-09,2024-09-09,0,On-Time,Outbound
SHP-00694,LD-00694,2024-12-16,December,2024,Ekart Logistics,Road,Food & Beverages,India,North,Delhi,Delhi,110001,Delhi,India,West,Gujarat,Ahmedabad,380001,Ahmedabad,930,80.6,4,Delivered,1827.09,2024-12-16,LCV,3500,9.0,0.0987,Accepted,2024-12-20,2024-12-20,0,On-Time,Outbound
SHP-00695,LD-00695,2024-09-29,September,2024,DTDC,Road,Personal Care,India,South,Karnataka,Bangalore,560001,Bangalore,India,West,Gujarat,Ahmedabad,380001,Ahmedabad,1495,69.0,3,Delivered,3428.06,2024-09-29,MCV,8000,18.0,0.0955,Accepted,2024-10-02,2024-10-02,0,On-Time,Outbound
SHP-00696,LD-00696,2024-10-29,October,2024,DTDC,Road,Personal Care,India,South,Karnataka,Bangalore,560001,Bangalore,India,Central,Madhya Pradesh,Bhopal,462001,Bhopal,1445,47.0,3,Delivered,3254.69,2024-10-29,32ft Container,25000,38.0,0.0663,Accepted,2024-11-01,2024-11-01,0,On-Time,Outbound
SHP-00697,LD-00697,2024-09-20,September,2024,Ekart Logistics,Road,Food & Beverages,India,North,Delhi,Delhi,110001,Delhi,India,Central,Madhya Pradesh,Bhopal,462001,Bhopal,752,330.2,3,Delivered,1434.79,2024-09-20,MCV,8000,18.0,0.4274,Accepted,2024-09-23,2024-09-23,0,On-Time,Outbound
SHP-00698,LD-00698,2024-09-08,September,2024,DTDC,Road,Food & Beverages,India,West,Maharashtra,Mumbai,400001,Mumbai,India,West,Maharashtra,Nagpur,440001,Nagpur,812,80.6,3,Delivered,1804.87,2024-09-08,LCV,3500,9.0,0.0947,Accepted,2024-09-11,2024-09-11,0,On-Time,Outbound
SHP-00699,LD-00699,2024-09-22,September,2024,DTDC,Road,Personal Care,India,North,Delhi,Delhi,110001,Delhi,India,South,Telangana,Hyderabad,500001,Hyderabad,1588,81.0,5,Delivered,3341.56,2024-09-22,LCV,3500,9.0,0.1035,Accepted,2024-09-27,2024-09-27,0,On-Time,Outbound
SHP-00700,LD-00700,2024-12-01,December,2024,Gati Kinetic,Road,Personal Care,India,North,Delhi,Delhi,110001,Delhi,India,West,Maharashtra,Pune,411001,Pune,1481,93.9,3,Delivered,3749.93,2024-12-01,Reefer 20ft,15000,26.0,0.1032,Rejected,2024-12-04,2024-12-04,0,On-Time,Outbound
SHP-00701,LD-00701,2024-09-10,September,2024,Ekart Logistics,Road,Personal Care,India,West,Maharashtra,Mumbai,400001,Mumbai,India,South,Kerala,Kochi,682001,Kochi,1229,78.5,4,Delivered,2565.44,2024-09-10,32ft Container,25000,38.0,0.1039,Accepted,2024-09-14,2024-09-15,1,Delayed,Outbound
SHP-00702,LD-00702,2025-02-14,February,2025,Ekart Logistics,Road,Food & Beverages,India,South,Karnataka,Bangalore,560001,Bangalore,India,Central,Madhya Pradesh,Bhopal,462001,Bhopal,1474,1306.0,4,Delivered,3207.51,2025-02-14,Reefer 20ft,15000,26.0,1.5932,Rejected,2025-02-18,2025-02-18,0,On-Time,Outbound
SHP-00703,LD-00703,2024-10-24,October,2024,Delhivery,Road,Household,India,South,Karnataka,Bangalore,560001,Bangalore,India,North,Punjab,Chandigarh,160001,Chandigarh,2305,408.1,3,Delivered,6433.53,2024-10-24,LCV,3500,9.0,0.4582,Accepted,2024-10-27,2024-10-27,0,On-Time,Outbound
SHP-00704,LD-00704,2024-12-26,December,2024,Blue Dart,Road,Food & Beverages,India,North,Delhi,Delhi,110001,Delhi,India,South,Kerala,Kochi,682001,Kochi,2674,164.3,2,Delivered,8007.77,2024-12-26,20ft Container,18000,28.0,0.1988,Accepted,2024-12-28,2024-12-28,0,On-Time,Outbound
SHP-00705,LD-00705,2024-12-23,December,2024,DTDC,Road,Personal Care,India,West,Maharashtra,Mumbai,400001,Mumbai,India,South,Kerala,Kochi,682001,Kochi,1238,97.8,3,Delivered,2821.97,2024-12-23,Reefer 20ft,15000,26.0,0.1168,Accepted,2024-12-26,2024-12-26,0,On-Time,Outbound
SHP-00706,LD-00706,2024-12-05,December,2024,DTDC,Road,Food & Beverages,India,South,Karnataka,Bangalore,560001,Bangalore,India,West,Maharashtra,Nagpur,440001,Nagpur,1069,572.8,3,Delivered,2576.36,2024-12-05,20ft Container,18000,28.0,0.6949,Rejected,2024-12-08,2024-12-08,0,On-Time,Outbound
SHP-00707,LD-00707,2024-10-10,October,2024,Blue Dart,Road,Personal Care,India,North,Delhi,Delhi,110001,Delhi,India,Central,Madhya Pradesh,Bhopal,462001,Bhopal,762,24.3,2,Delivered,2421.76,2024-10-10,20ft Container,18000,28.0,0.0327,Accepted,2024-10-12,2024-10-12,0,On-Time,Outbound
SHP-00708,LD-00708,2024-10-17,October,2024,Blue Dart,Road,Food & Beverages,India,West,Maharashtra,Mumbai,400001,Mumbai,India,North,Rajasthan,Jaipur,302001,Jaipur,1134,649.5,3,Delivered,3496.19,2024-10-17,LCV,3500,9.0,0.7362,Accepted,2024-10-20,2024-10-20,0,On-Time,Outbound
SHP-00709,LD-00709,2024-09-30,September,2024,Gati Kinetic,Road,Food & Beverages,India,West,Maharashtra,Mumbai,400001,Mumbai,India,South,Telangana,Hyderabad,500001,Hyderabad,729,171.8,3,Delivered,1707.71,2024-09-30,Reefer 20ft,15000,26.0,0.197,Accepted,2024-10-03,2024-10-03,0,On-Time,Outbound
SHP-00710,LD-00710,2024-10-25,October,2024,Gati Kinetic,Road,Household,India,West,Maharashtra,Mumbai,400001,Mumbai,India,North,Punjab,Chandigarh,160001,Chandigarh,1545,1389.2,3,Delivered,3442.31,2024-10-25,32ft Container,25000,38.0,1.6383,Accepted,2024-10-28,2024-10-28,0,On-Time,Outbound
SHP-00711,LD-00711,2024-12-17,December,2024,Gati Kinetic,Road,Personal Care,India,North,Delhi,Delhi,110001,Delhi,India,South,Tamil Nadu,Chennai,600001,Chennai,2162,39.7,2,Delivered,5032.38,2024-12-17,32ft Container,25000,38.0,0.0552,Accepted,2024-12-19,2024-12-19,0,On-Time,Outbound
SHP-00712,LD-00712,2024-12-21,December,2024,Delhivery,Road,Household,India,West,Maharashtra,Mumbai,400001,Mumbai,India,Central,Madhya Pradesh,Bhopal,462001,Bhopal,762,537.5,2,Delivered,1813.91,2024-12-21,Reefer 20ft,15000,26.0,0.6781,Accepted,2024-12-23,2024-12-23,0,On-Time,Outbound
SHP-00713,LD-00713,2025-02-18,February,2025,DTDC,Road,Food & Beverages,India,South,Karnataka,Bangalore,560001,Bangalore,India,North,Uttar Pradesh,Lucknow,226001,Lucknow,2047,148.2,3,Delivered,4766.41,2025-02-18,LCV,3500,9.0,0.1704,Accepted,2025-02-21,2025-02-21,0,On-Time,Outbound
SHP-00714,LD-00714,2024-12-25,December,2024,Blue Dart,Road,Food & Beverages,India,West,Maharashtra,Mumbai,400001,Mumbai,India,Central,Madhya Pradesh,Bhopal,462001,Bhopal,797,1184.1,1,Delivered,2794.74,2024-12-25,32ft Container,25000,38.0,1.3026,Accepted,2024-12-26,2024-12-26,0,On-Time,Outbound
SHP-00715,LD-00715,2024-12-06,December,2024,Ekart Logistics,Road,Personal Care,India,South,Karnataka,Bangalore,560001,Bangalore,India,North,Uttar Pradesh,Lucknow,226001,Lucknow,2072,61.6,3,Delivered,4408.43,2024-12-06,LCV,3500,9.0,0.0682,Accepted,2024-12-09,2024-12-09,0,On-Time,Outbound
SHP-00716,LD-00716,2024-12-15,December,2024,Gati Kinetic,Road,Personal Care,India,West,Maharashtra,Mumbai,400001,Mumbai,India,South,Kerala,Kochi,682001,Kochi,1209,66.4,3,Delivered,2860.04,2024-12-15,32ft Container,25000,38.0,0.0624,Accepted,2024-12-18,2024-12-18,0,On-Time,Outbound
SHP-00717,LD-00717,2024-12-21,December,2024,Ekart Logistics,Road,Household,India,South,Karnataka,Bangalore,560001,Bangalore,India,North,Uttar Pradesh,Lucknow,226001,Lucknow,2045,248.4,4,Delivered,4340.26,2024-12-21,20ft Container,18000,28.0,0.2985,Accepted,2024-12-25,2024-12-25,0,On-Time,Outbound
SHP-00718,LD-00718,2024-12-15,December,2024,Ekart Logistics,Road,Personal Care,India,South,Karnataka,Bangalore,560001,Bangalore,India,West,Gujarat,Ahmedabad,380001,Ahmedabad,1511,94.5,2,Delivered,2739.52,2024-12-15,Reefer 20ft,15000,26.0,0.1305,Accepted,2024-12-17,2024-12-17,0,On-Time,Outbound
SHP-00719,LD-00719,2024-12-26,December,2024,Delhivery,Road,Personal Care,India,West,Maharashtra,Mumbai,400001,Mumbai,India,South,Telangana,Hyderabad,500001,Hyderabad,680,79.7,4,Delivered,1923.45,2024-12-26,MCV,8000,18.0,0.0889,Accepted,2024-12-30,2025-01-02,3,Delayed,Outbound
SHP-00720,LD-00720,2025-02-16,February,2025,DTDC,Road,Personal Care,India,South,Karnataka,Bangalore,560001,Bangalore,India,South,Tamil Nadu,Chennai,600001,Chennai,322,74.6,4,Delivered,639.76,2025-02-16,MCV,8000,18.0,0.0747,Accepted,2025-02-20,2025-02-20,0,On-Time,Outbound
SHP-00721,LD-00721,2024-11-21,November,2024,Ekart Logistics,Road,Household,India,West,Maharashtra,Mumbai,400001,Mumbai,India,Central,Madhya Pradesh,Bhopal,462001,Bhopal,801,179.7,6,Delivered,1740.39,2024-11-21,20ft Container,18000,28.0,0.205,Accepted,2024-11-27,2024-11-27,0,On-Time,Outbound
SHP-00722,LD-00722,2024-12-13,December,2024,Delhivery,Road,Personal Care,India,South,Karnataka,Bangalore,560001,Bangalore,India,North,Punjab,Chandigarh,160001,Chandigarh,2277,32.3,2,Delivered,6075.83,2024-12-13,Reefer 20ft,15000,26.0,0.0346,Accepted,2024-12-15,2024-12-15,0,On-Time,Outbound
SHP-00723,LD-00723,2024-10-11,October,2024,Ekart Logistics,Road,Household,India,South,Karnataka,Bangalore,560001,Bangalore,India,South,Tamil Nadu,Chennai,600001,Chennai,378,1192.6,3,Delivered,827.43,2024-10-11,Reefer 20ft,15000,26.0,1.5001,Accepted,2024-10-14,2024-10-14,0,On-Time,Outbound
SHP-00724,LD-00724,2025-02-10,February,2025,Gati Kinetic,Road,Household,India,North,Delhi,Delhi,110001,Delhi,India,North,Uttar Pradesh,Lucknow,226001,Lucknow,578,598.9,3,Delivered,1316.52,2025-02-10,Reefer 20ft,15000,26.0,0.6772,Accepted,2025-02-13,2025-02-13,0,On-Time,Outbound
SHP-00725,LD-00725,2024-11-10,November,2024,Blue Dart,Road,Food & Beverages,India,West,Maharashtra,Mumbai,400001,Mumbai,India,South,Tamil Nadu,Chennai,600001,Chennai,1318,297.2,2,Delivered,4016.84,2024-11-10,32ft Container,25000,38.0,0.3291,Accepted,2024-11-12,2024-11-13,1,Delayed,Outbound
SHP-00726,LD-00726,2024-10-24,October,2024,DTDC,Road,Personal Care,India,North,Delhi,Delhi,110001,Delhi,India,South,Kerala,Kochi,682001,Kochi,2683,62.5,3,Delivered,6123.75,2024-10-24,20ft Container,18000,28.0,0.0819,Accepted,2024-10-27,2024-10-27,0,On-Time,Outbound
SHP-00727,LD-00727,2024-10-17,October,2024,Delhivery,Road,Household,India,West,Maharashtra,Mumbai,400001,Mumbai,India,South,Kerala,Kochi,682001,Kochi,1210,57.1,3,Delivered,3457.4,2024-10-17,LCV,3500,9.0,0.0715,Accepted,2024-10-20,2024-10-20,0,On-Time,Outbound
SHP-00728,LD-00728,2024-11-05,November,2024,Ekart Logistics,Road,Personal Care,India,North,Delhi,Delhi,110001,Delhi,India,North,Uttar Pradesh,Lucknow,226001,Lucknow,538,77.1,3,Delivered,1154.95,2024-11-05,32ft Container,25000,38.0,0.0973,Accepted,2024-11-08,2024-11-08,0,On-Time,Outbound
SHP-00729,LD-00729,2024-10-06,October,2024,DTDC,Road,Household,India,North,Delhi,Delhi,110001,Delhi,India,West,Gujarat,Ahmedabad,380001,Ahmedabad,941,635.6,3,Delivered,1985.04,2024-10-06,Reefer 20ft,15000,26.0,0.7186,Accepted,2024-10-09,2024-10-09,0,On-Time,Outbound
SHP-00730,LD-00730,2024-12-12,December,2024,Ekart Logistics,Road,Food & Beverages,India,West,Maharashtra,Mumbai,400001,Mumbai,India,North,Punjab,Chandigarh,160001,Chandigarh,1546,331.9,1,Delivered,3143.73,2024-12-12,MCV,8000,18.0,0.3687,Accepted,2024-12-13,2024-12-13,0,On-Time,Outbound
SHP-00731,LD-00731,2025-01-03,January,2025,Delhivery,Road,Personal Care,India,West,Maharashtra,Mumbai,400001,Mumbai,India,North,Uttar Pradesh,Lucknow,226001,Lucknow,1456,123.7,1,Delivered,3674.24,2025-01-03,32ft Container,25000,38.0,0.1455,Accepted,2025-01-04,2025-01-04,0,On-Time,Outbound
SHP-00732,LD-00732,2024-09-09,September,2024,Delhivery,Road,Household,India,North,Delhi,Delhi,110001,Delhi,India,South,Kerala,Kochi,682001,Kochi,2692,222.4,3,Delivered,6856.85,2024-09-09,Reefer 20ft,15000,26.0,0.2549,Accepted,2024-09-12,2024-09-12,0,On-Time,Outbound
SHP-00733,LD-00733,2024-12-01,December,2024,Delhivery,Road,Personal Care,India,West,Maharashtra,Mumbai,400001,Mumbai,India,North,Punjab,Chandigarh,160001,Chandigarh,1553,37.3,3,Delivered,4009.84,2024-12-01,LCV,3500,9.0,0.0456,Accepted,2024-12-04,2024-12-04,0,On-Time,Outbound
SHP-00734,LD-00734,2024-12-08,December,2024,Blue Dart,Road,Food & Beverages,India,North,Delhi,Delhi,110001,Delhi,India,Central,Madhya Pradesh,Bhopal,462001,Bhopal,776,82.1,3,Delivered,2678.21,2024-12-08,20ft Container,18000,28.0,0.0938,Accepted,2024-12-11,2024-12-11,0,On-Time,Outbound
SHP-00735,LD-00735,2024-10-21,October,2024,DTDC,Road,Food & Beverages,India,West,Maharashtra,Mumbai,400001,Mumbai,India,West,Maharashtra,Pune,411001,Pune,144,112.5,3,Delivered,300.1,2024-10-21,Reefer 20ft,15000,26.0,0.137,Rejected,2024-10-24,2024-10-28,4,Delayed,Outbound
SHP-00736,LD-00736,2024-12-28,December,2024,Blue Dart,Road,Household,India,North,Delhi,Delhi,110001,Delhi,India,West,Maharashtra,Nagpur,440001,Nagpur,1071,84.8,1,Delivered,3526.44,2024-12-28,20ft Container,18000,28.0,0.0992,Rejected,2024-12-29,2024-12-29,0,On-Time,Outbound
SHP-00737,LD-00737,2024-11-10,November,2024,DTDC,Road,Household,India,North,Delhi,Delhi,110001,Delhi,India,North,Punjab,Chandigarh,160001,Chandigarh,251,1386.2,3,Delivered,590.71,2024-11-10,MCV,8000,18.0,1.7073,Accepted,2024-11-13,2024-11-13,0,On-Time,Outbound
SHP-00738,LD-00738,2024-09-27,September,2024,Ekart Logistics,Road,Personal Care,India,North,Delhi,Delhi,110001,Delhi,India,West,Maharashtra,Pune,411001,Pune,1444,29.1,3,Delivered,2697.5,2024-09-27,MCV,8000,18.0,0.0357,Accepted,2024-09-30,2024-09-30,0,On-Time,Outbound
SHP-00739,LD-00739,2024-09-14,September,2024,Blue Dart,Road,Household,India,West,Maharashtra,Mumbai,400001,Mumbai,India,Central,Madhya Pradesh,Bhopal,462001,Bhopal,767,555.2,2,Delivered,2551.92,2024-09-14,MCV,8000,18.0,0.6731,Accepted,2024-09-16,2024-09-17,1,Delayed,Outbound
SHP-00740,LD-00740,2024-10-03,October,2024,Blue Dart,Road,Household,India,South,Karnataka,Bangalore,560001,Bangalore,India,South,Kerala,Kochi,682001,Kochi,652,913.7,2,Delivered,1928.82,2024-10-03,MCV,8000,18.0,1.0577,Accepted,2024-10-05,2024-10-05,0,On-Time,Outbound
SHP-00741,LD-00741,2024-11-11,November,2024,Gati Kinetic,Road,Household,India,South,Karnataka,Bangalore,560001,Bangalore,India,South,Kerala,Kochi,682001,Kochi,652,238.0,3,Delivered,1610.85,2024-11-11,32ft Container,25000,38.0,0.2915,Accepted,2024-11-14,2024-11-14,0,On-Time,Outbound
SHP-00742,LD-00742,2025-01-05,January,2025,Blue Dart,Road,Food & Beverages,India,South,Karnataka,Bangalore,560001,Bangalore,India,North,Rajasthan,Jaipur,302001,Jaipur,1891,238.6,2,Delivered,5698.61,2025-01-05,20ft Container,18000,28.0,0.252,Accepted,2025-01-07,2025-01-07,0,On-Time,Outbound
SHP-00743,LD-00743,2024-11-19,November,2024,DTDC,Road,Food & Beverages,India,South,Karnataka,Bangalore,560001,Bangalore,India,Central,Madhya Pradesh,Bhopal,462001,Bhopal,1475,84.4,2,Delivered,3323.19,2024-11-19,MCV,8000,18.0,0.0961,Accepted,2024-11-21,2024-11-21,0,On-Time,Outbound
SHP-00744,LD-00744,2024-11-11,November,2024,Blue Dart,Road,Household,India,West,Maharashtra,Mumbai,400001,Mumbai,India,South,Telangana,Hyderabad,500001,Hyderabad,727,315.1,1,Delivered,2145.03,2024-11-11,20ft Container,18000,28.0,0.3661,Rejected,2024-11-12,2024-11-12,0,On-Time,Outbound
SHP-00745,LD-00745,2024-09-08,September,2024,DTDC,Road,Food & Beverages,India,West,Maharashtra,Mumbai,400001,Mumbai,India,North,Uttar Pradesh,Lucknow,226001,Lucknow,1452,64.2,2,Delivered,3150.22,2024-09-08,MCV,8000,18.0,0.0723,Accepted,2024-09-10,2024-09-10,0,On-Time,Outbound
SHP-00746,LD-00746,2024-09-26,September,2024,DTDC,Road,Food & Beverages,India,West,Maharashtra,Mumbai,400001,Mumbai,India,South,Tamil Nadu,Chennai,600001,Chennai,1338,644.6,3,Delivered,2811.68,2024-09-26,32ft Container,25000,38.0,0.7732,Accepted,2024-09-29,2024-09-29,0,On-Time,Outbound
SHP-00747,LD-00747,2024-09-13,September,2024,Blue Dart,Road,Personal Care,India,South,Karnataka,Bangalore,560001,Bangalore,India,North,Punjab,Chandigarh,160001,Chandigarh,2287,134.4,3,Delivered,6918.03,2024-09-13,20ft Container,18000,28.0,0.1645,Accepted,2024-09-16,2024-09-16,0,On-Time,Outbound
SHP-00748,LD-00748,2024-12-10,December,2024,Gati Kinetic,Road,Personal Care,India,South,Karnataka,Bangalore,560001,Bangalore,India,North,Punjab,Chandigarh,160001,Chandigarh,2292,236.8,3,Delivered,5651.41,2024-12-10,32ft Container,25000,38.0,0.2745,Accepted,2024-12-13,2024-12-13,0,On-Time,Outbound
SHP-00749,LD-00749,2024-10-18,October,2024,Blue Dart,Road,Food & Beverages,India,West,Maharashtra,Mumbai,400001,Mumbai,India,West,Gujarat,Ahmedabad,380001,Ahmedabad,510,978.7,2,Delivered,1529.95,2024-10-18,20ft Container,18000,28.0,1.1837,Accepted,2024-10-20,2024-10-20,0,On-Time,Outbound
SHP-00750,LD-00750,2024-12-19,December,2024,Gati Kinetic,Road,Household,India,North,Delhi,Delhi,110001,Delhi,India,West,Gujarat,Ahmedabad,380001,Ahmedabad,938,215.2,2,Delivered,2184.63,2024-12-19,20ft Container,18000,28.0,0.2739,Accepted,2024-12-21,2024-12-21,0,On-Time,Outbound
SHP-00751,LD-00751,2024-12-30,December,2024,Delhivery,Road,Personal Care,India,North,Delhi,Delhi,110001,Delhi,India,South,Kerala,Kochi,682001,Kochi,2676,163.2,3,Delivered,6685.7,2024-12-30,20ft Container,18000,28.0,0.2073,Accepted,2025-01-02,2025-01-04,2,Delayed,Outbound
SHP-00752,LD-00752,2025-01-18,January,2025,DTDC,Road,Food & Beverages,India,West,Maharashtra,Mumbai,400001,Mumbai,India,South,Kerala,Kochi,682001,Kochi,1237,243.2,2,Delivered,2731.11,2025-01-18,LCV,3500,9.0,0.3078,Accepted,2025-01-20,2025-01-20,0,On-Time,Outbound
SHP-00753,LD-00753,2024-11-09,November,2024,Blue Dart,Road,Household,India,South,Karnataka,Bangalore,560001,Bangalore,India,South,Kerala,Kochi,682001,Kochi,657,264.6,2,Delivered,2184.73,2024-11-09,Reefer 20ft,15000,26.0,0.3023,Accepted,2024-11-11,2024-11-13,2,Delayed,Outbound
SHP-00754,LD-00754,2024-12-06,December,2024,Delhivery,Road,Personal Care,India,North,Delhi,Delhi,110001,Delhi,India,North,Rajasthan,Jaipur,302001,Jaipur,266,176.2,2,Delivered,748.36,2024-12-06,32ft Container,25000,38.0,0.2034,Accepted,2024-12-08,2024-12-13,5,Delayed,Outbound
SHP-00755,LD-00755,2024-12-16,December,2024,Ekart Logistics,Road,Food & Beverages,India,West,Maharashtra,Mumbai,400001,Mumbai,India,North,Punjab,Chandigarh,160001,Chandigarh,1590,489.0,4,Delivered,3365.93,2024-12-16,Reefer 20ft,15000,26.0,0.6353,Accepted,2024-12-20,2024-12-20,0,On-Time,Outbound
SHP-00756,LD-00756,2024-12-29,December,2024,Delhivery,Road,Household,India,North,Delhi,Delhi,110001,Delhi,India,South,Kerala,Kochi,682001,Kochi,2688,222.7,3,Delivered,6380.24,2024-12-29,MCV,8000,18.0,0.2496,Accepted,2025-01-01,2025-01-01,0,On-Time,Outbound
SHP-00757,LD-00757,2024-11-12,November,2024,Delhivery,Road,Food & Beverages,India,West,Maharashtra,Mumbai,400001,Mumbai,India,West,Gujarat,Ahmedabad,380001,Ahmedabad,522,360.9,3,Delivered,1460.0,2024-11-12,32ft Container,25000,38.0,0.4076,Accepted,2024-11-15,2024-11-15,0,On-Time,Outbound
SHP-00758,LD-00758,2024-09-23,September,2024,Delhivery,Road,Food & Beverages,India,South,Karnataka,Bangalore,560001,Bangalore,India,Central,Madhya Pradesh,Bhopal,462001,Bhopal,1434,96.8,3,Delivered,3379.52,2024-09-23,LCV,3500,9.0,0.125,Accepted,2024-09-26,2024-09-26,0,On-Time,Outbound
SHP-00759,LD-00759,2024-12-12,December,2024,Gati Kinetic,Road,Food & Beverages,India,North,Delhi,Delhi,110001,Delhi,India,North,Punjab,Chandigarh,160001,Chandigarh,228,671.7,4,Delivered,567.26,2024-12-12,Reefer 20ft,15000,26.0,0.8417,Accepted,2024-12-16,2024-12-16,0,On-Time,Outbound
SHP-00760,LD-00760,2024-10-22,October,2024,Ekart Logistics,Road,Household,India,North,Delhi,Delhi,110001,Delhi,India,North,Punjab,Chandigarh,160001,Chandigarh,226,665.2,2,Delivered,419.33,2024-10-22,MCV,8000,18.0,0.7904,Accepted,2024-10-24,2024-10-24,0,On-Time,Outbound
SHP-00761,LD-00761,2024-12-29,December,2024,DTDC,Road,Food & Beverages,India,West,Maharashtra,Mumbai,400001,Mumbai,India,Central,Madhya Pradesh,Bhopal,462001,Bhopal,798,800.2,1,Delivered,1629.4,2024-12-29,20ft Container,18000,28.0,1.0349,Accepted,2024-12-30,2024-12-30,0,On-Time,Outbound
SHP-00762,LD-00762,2024-12-05,December,2024,Ekart Logistics,Road,Household,India,North,Delhi,Delhi,110001,Delhi,India,West,Maharashtra,Nagpur,440001,Nagpur,1058,879.6,4,Delivered,2074.93,2024-12-05,MCV,8000,18.0,1.1258,Rejected,2024-12-09,2024-12-09,0,On-Time,Outbound
SHP-00763,LD-00763,2024-09-22,September,2024,Blue Dart,Road,Food & Beverages,India,South,Karnataka,Bangalore,560001,Bangalore,India,South,Kerala,Kochi,682001,Kochi,665,460.2,3,Delivered,1941.1,2024-09-22,LCV,3500,9.0,0.563,Accepted,2024-09-25,2024-09-25,0,On-Time,Outbound
SHP-00764,LD-00764,2024-10-23,October,2024,Blue Dart,Road,Household,India,South,Karnataka,Bangalore,560001,Bangalore,India,Central,Madhya Pradesh,Bhopal,462001,Bhopal,1439,462.8,1,Delivered,4722.9,2024-10-23,32ft Container,25000,38.0,0.5812,Accepted,2024-10-24,2024-10-24,0,On-Time,Outbound
SHP-00765,LD-00765,2024-10-22,October,2024,Ekart Logistics,Road,Food & Beverages,India,North,Delhi,Delhi,110001,Delhi,India,South,Kerala,Kochi,682001,Kochi,2698,170.8,4,Delivered,5278.06,2024-10-22,Reefer 20ft,15000,26.0,0.2106,Accepted,2024-10-26,2024-10-26,0,On-Time,Outbound
SHP-00766,LD-00766,2024-10-18,October,2024,Gati Kinetic,Road,Food & Beverages,India,West,Maharashtra,Mumbai,400001,Mumbai,India,North,Punjab,Chandigarh,160001,Chandigarh,1547,132.2,3,Delivered,3662.57,2024-10-18,Reefer 20ft,15000,26.0,0.1491,Accepted,2024-10-21,2024-10-21,0,On-Time,Outbound
SHP-00767,LD-00767,2024-10-14,October,2024,Delhivery,Road,Household,India,North,Delhi,Delhi,110001,Delhi,India,North,Uttar Pradesh,Lucknow,226001,Lucknow,567,225.2,2,Delivered,1407.91,2024-10-14,LCV,3500,9.0,0.2761,Accepted,2024-10-16,2024-10-16,0,On-Time,Outbound
SHP-00768,LD-00768,2024-12-18,December,2024,Gati Kinetic,Road,Food & Beverages,India,North,Delhi,Delhi,110001,Delhi,India,South,Kerala,Kochi,682001,Kochi,2711,334.3,2,Delivered,6702.14,2024-12-18,20ft Container,18000,28.0,0.4089,Accepted,2024-12-20,2024-12-20,0,On-Time,Outbound
SHP-00769,LD-00769,2024-10-06,October,2024,DTDC,Road,Personal Care,India,West,Maharashtra,Mumbai,400001,Mumbai,India,West,Gujarat,Ahmedabad,380001,Ahmedabad,524,278.1,3,Delivered,1155.81,2024-10-06,Reefer 20ft,15000,26.0,0.3317,Accepted,2024-10-09,2024-10-12,3,Delayed,Outbound
SHP-00770,LD-00770,2024-11-26,November,2024,Ekart Logistics,Road,Household,India,North,Delhi,Delhi,110001,Delhi,India,West,Maharashtra,Pune,411001,Pune,1434,1157.1,3,Delivered,3106.71,2024-11-26,MCV,8000,18.0,1.3263,Accepted,2024-11-29,2024-12-01,2,Delayed,Outbound
SHP-00771,LD-00771,2025-02-16,February,2025,Ekart Logistics,Road,Household,India,West,Maharashtra,Mumbai,400001,Mumbai,India,South,Kerala,Kochi,682001,Kochi,1202,295.7,3,Delivered,2444.62,2025-02-16,Reefer 20ft,15000,26.0,0.3511,Accepted,2025-02-19,2025-02-19,0,On-Time,Outbound
SHP-00772,LD-00772,2024-10-11,October,2024,Blue Dart,Road,Household,India,North,Delhi,Delhi,110001,Delhi,India,West,Gujarat,Ahmedabad,380001,Ahmedabad,906,1584.3,1,Delivered,3131.02,2024-10-11,32ft Container,25000,38.0,1.9551,Accepted,2024-10-12,2024-10-12,0,On-Time,Outbound
SHP-00773,LD-00773,2024-09-16,September,2024,Blue Dart,Road,Household,India,West,Maharashtra,Mumbai,400001,Mumbai,India,North,Punjab,Chandigarh,160001,Chandigarh,1560,852.5,3,Delivered,4600.29,2024-09-16,32ft Container,25000,38.0,1.0467,Accepted,2024-09-19,2024-09-19,0,On-Time,Outbound
SHP-00774,LD-00774,2024-10-22,October,2024,Ekart Logistics,Road,Household,India,North,Delhi,Delhi,110001,Delhi,India,West,Maharashtra,Nagpur,440001,Nagpur,1102,419.4,4,Delivered,2216.58,2024-10-22,MCV,8000,18.0,0.5219,Accepted,2024-10-26,2024-10-26,0,On-Time,Outbound
SHP-00775,LD-00775,2025-02-09,February,2025,Blue Dart,Road,Food & Beverages,India,North,Delhi,Delhi,110001,Delhi,India,West,Maharashtra,Nagpur,440001,Nagpur,1071,397.7,3,Delivered,3211.5,2025-02-09,20ft Container,18000,28.0,0.4929,Accepted,2025-02-12,2025-02-12,0,On-Time,Outbound
SHP-00776,LD-00776,2024-10-19,October,2024,Gati Kinetic,Road,Household,India,South,Karnataka,Bangalore,560001,Bangalore,India,Central,Madhya Pradesh,Bhopal,462001,Bhopal,1474,1205.9,4,Delivered,3281.39,2024-10-19,Reefer 20ft,15000,26.0,1.4862,Rejected,2024-10-23,2024-10-23,0,On-Time,Outbound
SHP-00777,LD-00777,2025-01-24,January,2025,Blue Dart,Road,Household,India,West,Maharashtra,Mumbai,400001,Mumbai,India,North,Punjab,Chandigarh,160001,Chandigarh,1592,115.2,2,Delivered,5543.34,2025-01-24,32ft Container,25000,38.0,0.1345,Accepted,2025-01-26,2025-01-26,0,On-Time,Outbound
SHP-00778,LD-00778,2024-09-18,September,2024,DTDC,Road,Household,India,West,Maharashtra,Mumbai,400001,Mumbai,India,North,Punjab,Chandigarh,160001,Chandigarh,1599,53.0,2,Delivered,3596.07,2024-09-18,Reefer 20ft,15000,26.0,0.06,Accepted,2024-09-20,2024-09-20,0,On-Time,Outbound
SHP-00779,LD-00779,2024-09-29,September,2024,Ekart Logistics,Road,Personal Care,India,South,Karnataka,Bangalore,560001,Bangalore,India,West,Gujarat,Ahmedabad,380001,Ahmedabad,1468,88.5,5,Delivered,2762.33,2024-09-29,20ft Container,18000,28.0,0.1082,Accepted,2024-10-04,2024-10-04,0,On-Time,Outbound
SHP-00780,LD-00780,2025-01-05,January,2025,Delhivery,Road,Personal Care,India,West,Maharashtra,Mumbai,400001,Mumbai,India,West,Gujarat,Ahmedabad,380001,Ahmedabad,560,220.4,2,Delivered,1431.61,2025-01-05,20ft Container,18000,28.0,0.2729,Accepted,2025-01-07,2025-01-12,5,Delayed,Outbound
SHP-00781,LD-00781,2024-10-04,October,2024,Gati Kinetic,Road,Food & Beverages,India,North,Delhi,Delhi,110001,Delhi,India,Central,Madhya Pradesh,Bhopal,462001,Bhopal,741,250.2,3,Delivered,1931.79,2024-10-04,32ft Container,25000,38.0,0.2918,Rejected,2024-10-07,2024-10-07,0,On-Time,Outbound
SHP-00782,LD-00782,2024-12-07,December,2024,Ekart Logistics,Road,Food & Beverages,India,North,Delhi,Delhi,110001,Delhi,India,Central,Madhya Pradesh,Bhopal,462001,Bhopal,767,197.9,3,Delivered,1595.77,2024-12-07,32ft Container,25000,38.0,0.2431,Accepted,2024-12-10,2024-12-10,0,On-Time,Outbound
SHP-00783,LD-00783,2025-02-05,February,2025,Blue Dart,Road,Household,India,North,Delhi,Delhi,110001,Delhi,India,South,Kerala,Kochi,682001,Kochi,2717,241.7,2,Delivered,9133.59,2025-02-05,MCV,8000,18.0,0.2876,Accepted,2025-02-07,2025-02-07,0,On-Time,Outbound
SHP-00784,LD-00784,2024-09-04,September,2024,Blue Dart,Road,Personal Care,India,South,Karnataka,Bangalore,560001,Bangalore,India,West,Maharashtra,Nagpur,440001,Nagpur,1032,34.0,3,Delivered,3179.63,2024-09-04,LCV,3500,9.0,0.0442,Accepted,2024-09-07,2024-09-07,0,On-Time,Outbound
SHP-00785,LD-00785,2025-02-03,February,2025,Delhivery,Road,Food & Beverages,India,North,Delhi,Delhi,110001,Delhi,India,South,Tamil Nadu,Chennai,600001,Chennai,2207,108.4,2,Delivered,6214.59,2025-02-03,LCV,3500,9.0,0.1269,Accepted,2025-02-05,2025-02-05,0,On-Time,Outbound
SHP-00786,LD-00786,2025-01-20,January,2025,DTDC,Road,Personal Care,India,South,Karnataka,Bangalore,560001,Bangalore,India,South,Tamil Nadu,Chennai,600001,Chennai,323,100.4,2,Delivered,688.8,2025-01-20,20ft Container,18000,28.0,0.1307,Accepted,2025-01-22,2025-01-22,0,On-Time,Outbound
SHP-00787,LD-00787,2024-09-21,September,2024,DTDC,Road,Food & Beverages,India,South,Karnataka,Bangalore,560001,Bangalore,India,South,Kerala,Kochi,682001,Kochi,612,210.2,4,Delivered,1475.09,2024-09-21,32ft Container,25000,38.0,0.263,Accepted,2024-09-25,2024-09-25,0,On-Time,Outbound
SHP-00788,LD-00788,2024-09-06,September,2024,Blue Dart,Road,Household,India,South,Karnataka,Bangalore,560001,Bangalore,India,South,Kerala,Kochi,682001,Kochi,613,867.3,4,Delivered,1874.93,2024-09-06,20ft Container,18000,28.0,1.0875,Accepted,2024-09-10,2024-09-10,0,On-Time,Outbound
SHP-00789,LD-00789,2024-12-08,December,2024,Gati Kinetic,Road,Food & Beverages,India,West,Maharashtra,Mumbai,400001,Mumbai,India,West,Gujarat,Ahmedabad,380001,Ahmedabad,559,54.1,3,Delivered,1214.41,2024-12-08,LCV,3500,9.0,0.058,Accepted,2024-12-11,2024-12-11,0,On-Time,Outbound
SHP-00790,LD-00790,2024-10-26,October,2024,Ekart Logistics,Road,Food & Beverages,India,West,Maharashtra,Mumbai,400001,Mumbai,India,South,Tamil Nadu,Chennai,600001,Chennai,1351,511.8,4,Delivered,2490.82,2024-10-26,20ft Container,18000,28.0,0.6211,Accepted,2024-10-30,2024-10-30,0,On-Time,Outbound
SHP-00791,LD-00791,2024-12-28,December,2024,Ekart Logistics,Road,Household,India,South,Karnataka,Bangalore,560001,Bangalore,India,South,Tamil Nadu,Chennai,600001,Chennai,378,355.3,3,Delivered,682.7,2024-12-28,32ft Container,25000,38.0,0.4218,Accepted,2024-12-31,2024-12-31,0,On-Time,Outbound
SHP-00792,LD-00792,2025-01-17,January,2025,Delhivery,Road,Personal Care,India,West,Maharashtra,Mumbai,400001,Mumbai,India,North,Rajasthan,Jaipur,302001,Jaipur,1180,142.7,1,Delivered,3161.9,2025-01-17,LCV,3500,9.0,0.1783,Accepted,2025-01-18,2025-01-18,0,On-Time,Outbound
SHP-00793,LD-00793,2025-01-24,January,2025,DTDC,Road,Personal Care,India,North,Delhi,Delhi,110001,Delhi,India,North,Rajasthan,Jaipur,302001,Jaipur,280,65.4,4,Delivered,632.97,2025-01-24,LCV,3500,9.0,0.0787,Accepted,2025-01-28,2025-01-28,0,On-Time,Outbound
SHP-00794,LD-00794,2024-09-21,September,2024,Ekart Logistics,Road,Personal Care,India,West,Maharashtra,Mumbai,400001,Mumbai,India,West,Gujarat,Ahmedabad,380001,Ahmedabad,516,28.5,2,Delivered,1108.17,2024-09-21,LCV,3500,9.0,0.032,Accepted,2024-09-23,2024-09-23,0,On-Time,Outbound
SHP-00795,LD-00795,2025-02-06,February,2025,Delhivery,Road,Personal Care,India,South,Karnataka,Bangalore,560001,Bangalore,India,North,Uttar Pradesh,Lucknow,226001,Lucknow,2085,267.9,3,Delivered,5126.05,2025-02-06,Reefer 20ft,15000,26.0,0.3367,Accepted,2025-02-09,2025-02-09,0,On-Time,Outbound
SHP-00796,LD-00796,2024-11-30,November,2024,Blue Dart,Road,Household,India,West,Maharashtra,Mumbai,400001,Mumbai,India,South,Tamil Nadu,Chennai,600001,Chennai,1332,330.1,3,Delivered,3902.18,2024-11-30,20ft Container,18000,28.0,0.4125,Accepted,2024-12-03,2024-12-03,0,On-Time,Outbound
SHP-00797,LD-00797,2024-09-19,September,2024,Gati Kinetic,Road,Personal Care,India,South,Karnataka,Bangalore,560001,Bangalore,India,West,Maharashtra,Pune,411001,Pune,840,64.4,3,Delivered,2194.41,2024-09-19,LCV,3500,9.0,0.0696,Accepted,2024-09-22,2024-09-22,0,On-Time,Outbound
SHP-00798,LD-00798,2024-09-12,September,2024,DTDC,Road,Household,India,North,Delhi,Delhi,110001,Delhi,India,North,Uttar Pradesh,Lucknow,226001,Lucknow,557,108.9,3,Delivered,1278.28,2024-09-12,LCV,3500,9.0,0.1346,Accepted,2024-09-15,2024-09-15,0,On-Time,Outbound
SHP-00799,LD-00799,2024-12-06,December,2024,Delhivery,Road,Food & Beverages,India,South,Karnataka,Bangalore,560001,Bangalore,India,West,Maharashtra,Pune,411001,Pune,846,103.5,4,Delivered,2201.14,2024-12-06,32ft Container,25000,38.0,0.1224,Accepted,2024-12-10,2024-12-10,0,On-Time,Outbound
SHP-00800,LD-00800,2024-10-02,October,2024,Ekart Logistics,Road,Personal Care,India,South,Karnataka,Bangalore,560001,Bangalore,India,North,Punjab,Chandigarh,160001,Chandigarh,2290,143.6,3,Delivered,4368.57,2024-10-02,MCV,8000,18.0,0.1804,Accepted,2024-10-05,2024-10-05,0,On-Time,Outbound
SHP-00801,LD-00801,2024-11-02,November,2024,DTDC,Road,Food & Beverages,India,West,Maharashtra,Mumbai,400001,Mumbai,India,South,Telangana,Hyderabad,500001,Hyderabad,703,393.5,3,Delivered,1416.59,2024-11-02,MCV,8000,18.0,0.4961,Accepted,2024-11-05,2024-11-05,0,On-Time,Outbound
SHP-00802,LD-00802,2025-02-02,February,2025,Gati Kinetic,Road,Household,India,North,Delhi,Delhi,110001,Delhi,India,West,Maharashtra,Pune,411001,Pune,1445,528.3,3,Delivered,3659.74,2025-02-02,Reefer 20ft,15000,26.0,0.6437,Accepted,2025-02-05,2025-02-05,0,On-Time,Outbound
SHP-00803,LD-00803,2024-11-06,November,2024,Ekart Logistics,Road,Personal Care,India,South,Karnataka,Bangalore,560001,Bangalore,India,North,Uttar Pradesh,Lucknow,226001,Lucknow,2097,69.3,3,Delivered,3925.51,2024-11-06,32ft Container,25000,38.0,0.0887,Accepted,2024-11-09,2024-11-09,0,On-Time,Outbound
SHP-00804,LD-00804,2024-11-07,November,2024,Gati Kinetic,Road,Household,India,North,Delhi,Delhi,110001,Delhi,India,North,Rajasthan,Jaipur,302001,Jaipur,251,1651.4,3,Delivered,625.3,2024-11-07,MCV,8000,18.0,2.1403,Accepted,2024-11-10,2024-11-10,0,On-Time,Outbound
SHP-00805,LD-00805,2024-12-09,December,2024,Ekart Logistics,Road,Personal Care,India,North,Delhi,Delhi,110001,Delhi,India,Central,Madhya Pradesh,Bhopal,462001,Bhopal,777,86.6,3,Delivered,1587.8,2024-12-09,LCV,3500,9.0,0.1248,Accepted,2024-12-12,2024-12-12,0,On-Time,Outbound
SHP-00806,LD-00806,2024-11-30,November,2024,Blue Dart,Road,Food & Beverages,India,South,Karnataka,Bangalore,560001,Bangalore,India,West,Gujarat,Ahmedabad,380001,Ahmedabad,1504,1330.1,3,Delivered,4461.09,2024-11-30,MCV,8000,18.0,1.5119,Accepted,2024-12-03,2024-12-03,0,On-Time,Outbound
SHP-00807,LD-00807,2024-10-09,October,2024,Blue Dart,Road,Household,India,South,Karnataka,Bangalore,560001,Bangalore,India,Central,Madhya Pradesh,Bhopal,462001,Bhopal,1437,255.2,1,Delivered,5007.44,2024-10-09,Reefer 20ft,15000,26.0,0.2999,Accepted,2024-10-10,2024-10-10,0,On-Time,Outbound
SHP-00808,LD-00808,2024-09-13,September,2024,DTDC,Road,Personal Care,India,West,Maharashtra,Mumbai,400001,Mumbai,India,South,Kerala,Kochi,682001,Kochi,1200,276.4,2,Delivered,2775.85,2024-09-13,MCV,8000,18.0,0.3302,Accepted,2024-09-15,2024-09-20,5,Delayed,Outbound
SHP-00809,LD-00809,2025-01-11,January,2025,Gati Kinetic,Road,Food & Beverages,India,North,Delhi,Delhi,110001,Delhi,India,South,Telangana,Hyderabad,500001,Hyderabad,1596,215.3,3,Delivered,3577.07,2025-01-11,32ft Container,25000,38.0,0.2636,Accepted,2025-01-14,2025-01-14,0,On-Time,Outbound
SHP-00810,LD-00810,2024-10-30,October,2024,Blue Dart,Road,Food & Beverages,India,West,Maharashtra,Mumbai,400001,Mumbai,India,West,Maharashtra,Nagpur,440001,Nagpur,838,274.6,2,Delivered,2897.49,2024-10-30,20ft Container,18000,28.0,0.3064,Accepted,2024-11-01,2024-11-01,0,On-Time,Outbound
SHP-00811,LD-00811,2024-09-02,September,2024,Delhivery,Road,Household,India,South,Karnataka,Bangalore,560001,Bangalore,India,Central,Madhya Pradesh,Bhopal,462001,Bhopal,1438,493.6,3,Delivered,4051.36,2024-09-02,MCV,8000,18.0,0.5908,Accepted,2024-09-05,2024-09-05,0,On-Time,Outbound
SHP-00812,LD-00812,2025-01-05,January,2025,Gati Kinetic,Road,Household,India,North,Delhi,Delhi,110001,Delhi,India,South,Kerala,Kochi,682001,Kochi,2717,1077.9,2,Delivered,6903.34,2025-01-05,20ft Container,18000,28.0,1.3316,Accepted,2025-01-07,2025-01-07,0,On-Time,Outbound
SHP-00813,LD-00813,2024-11-25,November,2024,Ekart Logistics,Road,Personal Care,India,West,Maharashtra,Mumbai,400001,Mumbai,India,North,Uttar Pradesh,Lucknow,226001,Lucknow,1426,177.5,3,Delivered,3098.62,2024-11-25,MCV,8000,18.0,0.2514,Accepted,2024-11-28,2024-11-28,0,On-Time,Outbound
SHP-00814,LD-00814,2025-02-17,February,2025,Ekart Logistics,Road,Food & Beverages,India,West,Maharashtra,Mumbai,400001,Mumbai,India,South,Telangana,Hyderabad,500001,Hyderabad,735,388.0,2,Delivered,1600.29,2025-02-17,MCV,8000,18.0,0.4648,Accepted,2025-02-19,2025-02-19,0,On-Time,Outbound
SHP-00815,LD-00815,2025-01-03,January,2025,Delhivery,Road,Personal Care,India,West,Maharashtra,Mumbai,400001,Mumbai,India,South,Kerala,Kochi,682001,Kochi,1180,59.6,2,Delivered,3027.7,2025-01-03,32ft Container,25000,38.0,0.0689,Accepted,2025-01-05,2025-01-05,0,On-Time,Outbound
SHP-00816,LD-00816,2024-09-10,September,2024,Delhivery,Road,Household,India,South,Karnataka,Bangalore,560001,Bangalore,India,South,Telangana,Hyderabad,500001,Hyderabad,568,451.4,2,Delivered,1523.15,2024-09-10,MCV,8000,18.0,0.5294,Accepted,2024-09-12,2024-09-12,0,On-Time,Outbound
SHP-00817,LD-00817,2025-01-03,January,2025,DTDC,Road,Household,India,West,Maharashtra,Mumbai,400001,Mumbai,India,South,Telangana,Hyderabad,500001,Hyderabad,706,57.7,2,Delivered,1699.0,2025-01-03,LCV,3500,9.0,0.0725,Accepted,2025-01-05,2025-01-05,0,On-Time,Outbound
SHP-00818,LD-00818,2024-10-16,October,2024,Blue Dart,Road,Food & Beverages,India,South,Karnataka,Bangalore,560001,Bangalore,India,North,Punjab,Chandigarh,160001,Chandigarh,2323,361.7,1,Delivered,7886.64,2024-10-16,MCV,8000,18.0,0.43,Accepted,2024-10-17,2024-10-17,0,On-Time,Outbound
SHP-00819,LD-00819,2024-11-14,November,2024,Blue Dart,Road,Food & Beverages,India,West,Maharashtra,Mumbai,400001,Mumbai,India,South,Telangana,Hyderabad,500001,Hyderabad,705,306.0,2,Delivered,2395.43,2024-11-14,MCV,8000,18.0,0.3622,Accepted,2024-11-16,2024-11-16,0,On-Time,Outbound
SHP-00820,LD-00820,2025-01-03,January,2025,DTDC,Road,Food & Beverages,India,West,Maharashtra,Mumbai,400001,Mumbai,India,West,Gujarat,Ahmedabad,380001,Ahmedabad,556,100.2,4,Delivered,1141.62,2025-01-03,Reefer 20ft,15000,26.0,0.123,Accepted,2025-01-07,2025-01-07,0,On-Time,Outbound
SHP-00821,LD-00821,2025-02-04,February,2025,Ekart Logistics,Road,Personal Care,India,South,Karnataka,Bangalore,560001,Bangalore,India,North,Rajasthan,Jaipur,302001,Jaipur,1919,65.5,3,Delivered,4042.19,2025-02-04,LCV,3500,9.0,0.0747,Rejected,2025-02-07,2025-02-07,0,On-Time,Outbound
SHP-00822,LD-00822,2024-12-02,December,2024,Delhivery,Road,Household,India,North,Delhi,Delhi,110001,Delhi,India,Central,Madhya Pradesh,Bhopal,462001,Bhopal,798,600.8,2,Delivered,2022.47,2024-12-02,32ft Container,25000,38.0,0.6716,Accepted,2024-12-04,2024-12-09,5,Delayed,Outbound
SHP-00823,LD-00823,2024-09-10,September,2024,Blue Dart,Road,Personal Care,India,South,Karnataka,Bangalore,560001,Bangalore,India,South,Telangana,Hyderabad,500001,Hyderabad,549,79.6,2,Delivered,1803.02,2024-09-10,20ft Container,18000,28.0,0.0875,Accepted,2024-09-12,2024-09-12,0,On-Time,Outbound
SHP-00824,LD-00824,2024-12-06,December,2024,Blue Dart,Road,Food & Beverages,India,North,Delhi,Delhi,110001,Delhi,India,South,Tamil Nadu,Chennai,600001,Chennai,2182,316.3,1,Delivered,7292.58,2024-12-06,20ft Container,18000,28.0,0.3819,Accepted,2024-12-07,2024-12-07,0,On-Time,Outbound
SHP-00825,LD-00825,2025-01-17,January,2025,Blue Dart,Road,Food & Beverages,India,West,Maharashtra,Mumbai,400001,Mumbai,India,West,Gujarat,Ahmedabad,380001,Ahmedabad,527,384.0,3,Delivered,1690.57,2025-01-17,LCV,3500,9.0,0.4195,Rejected,2025-01-20,2025-01-20,0,On-Time,Outbound
SHP-00826,LD-00826,2024-09-26,September,2024,Delhivery,Road,Household,India,West,Maharashtra,Mumbai,400001,Mumbai,India,South,Kerala,Kochi,682001,Kochi,1215,237.1,3,Delivered,3019.09,2024-09-26,MCV,8000,18.0,0.2709,Accepted,2024-09-29,2024-09-29,0,On-Time,Outbound
SHP-00827,LD-00827,2024-11-02,November,2024,Ekart Logistics,Road,Personal Care,India,South,Karnataka,Bangalore,560001,Bangalore,India,Central,Madhya Pradesh,Bhopal,462001,Bhopal,1445,47.0,4,Delivered,3046.76,2024-11-02,20ft Container,18000,28.0,0.0635,Accepted,2024-11-06,2024-11-11,5,Delayed,Outbound
SHP-00828,LD-00828,2025-02-12,February,2025,Blue Dart,Road,Food & Beverages,India,West,Maharashtra,Mumbai,400001,Mumbai,India,West,Maharashtra,Nagpur,440001,Nagpur,837,97.1,2,Delivered,2544.46,2025-02-12,MCV,8000,18.0,0.1156,Accepted,2025-02-14,2025-02-14,0,On-Time,Outbound
SHP-00829,LD-00829,2025-01-24,January,2025,Ekart Logistics,Road,Food & Beverages,India,South,Karnataka,Bangalore,560001,Bangalore,India,South,Kerala,Kochi,682001,Kochi,648,149.1,4,Delivered,1271.77,2025-01-24,Reefer 20ft,15000,26.0,0.1694,Rejected,2025-01-28,2025-01-28,0,On-Time,Outbound
SHP-00830,LD-00830,2025-01-04,January,2025,Ekart Logistics,Road,Food & Beverages,India,South,Karnataka,Bangalore,560001,Bangalore,India,South,Telangana,Hyderabad,500001,Hyderabad,570,183.7,4,Delivered,1221.77,2025-01-04,Reefer 20ft,15000,26.0,0.2256,Accepted,2025-01-08,2025-01-08,0,On-Time,Outbound
SHP-00831,LD-00831,2024-09-20,September,2024,Gati Kinetic,Road,Food & Beverages,India,North,Delhi,Delhi,110001,Delhi,India,North,Rajasthan,Jaipur,302001,Jaipur,306,300.1,3,Delivered,723.26,2024-09-20,20ft Container,18000,28.0,0.3795,Accepted,2024-09-23,2024-09-23,0,On-Time,Outbound
SHP-00832,LD-00832,2025-01-19,January,2025,Delhivery,Road,Food & Beverages,India,South,Karnataka,Bangalore,560001,Bangalore,India,South,Kerala,Kochi,682001,Kochi,643,285.5,2,Delivered,1612.41,2025-01-19,LCV,3500,9.0,0.3336,Accepted,2025-01-21,2025-01-21,0,On-Time,Outbound
SHP-00833,LD-00833,2024-11-14,November,2024,Delhivery,Road,Personal Care,India,South,Karnataka,Bangalore,560001,Bangalore,India,North,Uttar Pradesh,Lucknow,226001,Lucknow,2099,192.5,3,Delivered,5726.74,2024-11-14,LCV,3500,9.0,0.2504,Accepted,2024-11-17,2024-11-17,0,On-Time,Outbound
SHP-00834,LD-00834,2024-12-31,December,2024,Ekart Logistics,Road,Food & Beverages,India,North,Delhi,Delhi,110001,Delhi,India,North,Uttar Pradesh,Lucknow,226001,Lucknow,569,138.7,4,Delivered,1066.91,2024-12-31,LCV,3500,9.0,0.1823,Accepted,2025-01-04,2025-01-04,0,On-Time,Outbound
SHP-00835,LD-00835,2024-09-25,September,2024,DTDC,Road,Food & Beverages,India,South,Karnataka,Bangalore,560001,Bangalore,India,South,Kerala,Kochi,682001,Kochi,627,113.7,2,Delivered,1319.86,2024-09-25,32ft Container,25000,38.0,0.1256,Accepted,2024-09-27,2024-09-27,0,On-Time,Outbound
SHP-00836,LD-00836,2024-12-04,December,2024,DTDC,Road,Household,India,West,Maharashtra,Mumbai,400001,Mumbai,India,West,Maharashtra,Nagpur,440001,Nagpur,837,846.0,3,Delivered,1713.39,2024-12-04,20ft Container,18000,28.0,1.0271,Accepted,2024-12-07,2024-12-07,0,On-Time,Outbound
SHP-00837,LD-00837,2025-01-23,January,2025,DTDC,Road,Personal Care,India,West,Maharashtra,Mumbai,400001,Mumbai,India,North,Uttar Pradesh,Lucknow,226001,Lucknow,1471,123.7,3,Delivered,3389.77,2025-01-23,LCV,3500,9.0,0.1389,Accepted,2025-01-26,2025-01-26,0,On-Time,Outbound
SHP-00838,LD-00838,2024-09-01,September,2024,Delhivery,Road,Food & Beverages,India,West,Maharashtra,Mumbai,400001,Mumbai,India,South,Telangana,Hyderabad,500001,Hyderabad,735,1165.7,1,Delivered,1719.99,2024-09-01,MCV,8000,18.0,1.3337,Rejected,2024-09-02,2024-09-03,1,Delayed,Outbound
SHP-00839,LD-00839,2024-12-22,December,2024,Ekart Logistics,Road,Household,India,North,Delhi,Delhi,110001,Delhi,India,North,Uttar Pradesh,Lucknow,226001,Lucknow,547,498.6,3,Delivered,1052.81,2024-12-22,MCV,8000,18.0,0.6214,Accepted,2024-12-25,2024-12-25,0,On-Time,Outbound
SHP-00840,LD-00840,2024-10-25,October,2024,Ekart Logistics,Road,Personal Care,India,South,Karnataka,Bangalore,560001,Bangalore,India,North,Rajasthan,Jaipur,302001,Jaipur,1914,57.2,3,Delivered,4049.23,2024-10-25,MCV,8000,18.0,0.0742,Accepted,2024-10-28,2024-10-28,0,On-Time,Outbound
SHP-00841,LD-00841,2024-10-16,October,2024,DTDC,Road,Food & Beverages,India,South,Karnataka,Bangalore,560001,Bangalore,India,North,Punjab,Chandigarh,160001,Chandigarh,2294,168.6,2,Delivered,4919.83,2024-10-16,32ft Container,25000,38.0,0.2149,Accepted,2024-10-18,2024-10-18,0,On-Time,Outbound
SHP-00842,LD-00842,2024-12-02,December,2024,Gati Kinetic,Road,Household,India,North,Delhi,Delhi,110001,Delhi,India,South,Telangana,Hyderabad,500001,Hyderabad,1572,125.5,3,Delivered,4090.9,2024-12-02,LCV,3500,9.0,0.1506,Accepted,2024-12-05,2024-12-05,0,On-Time,Outbound
SHP-00843,LD-00843,2024-12-11,December,2024,Gati Kinetic,Road,Household,India,North,Delhi,Delhi,110001,Delhi,India,South,Tamil Nadu,Chennai,600001,Chennai,2188,808.0,3,Delivered,5390.08,2024-12-11,MCV,8000,18.0,1.0588,Accepted,2024-12-14,2024-12-14,0,On-Time,Outbound
SHP-00844,LD-00844,2024-09-10,September,2024,Blue Dart,Road,Personal Care,India,West,Maharashtra,Mumbai,400001,Mumbai,India,Central,Madhya Pradesh,Bhopal,462001,Bhopal,755,58.8,1,Delivered,2377.14,2024-09-10,32ft Container,25000,38.0,0.0743,Accepted,2024-09-11,2024-09-11,0,On-Time,Outbound
SHP-00845,LD-00845,2024-11-20,November,2024,Blue Dart,Road,Personal Care,India,North,Delhi,Delhi,110001,Delhi,India,South,Kerala,Kochi,682001,Kochi,2727,121.9,1,Delivered,9091.7,2024-11-20,LCV,3500,9.0,0.1766,Accepted,2024-11-21,2024-11-21,0,On-Time,Outbound
SHP-00846,LD-00846,2024-09-04,September,2024,Ekart Logistics,Road,Household,India,South,Karnataka,Bangalore,560001,Bangalore,India,West,Maharashtra,Pune,411001,Pune,819,824.6,3,Delivered,1713.01,2024-09-04,Reefer 20ft,15000,26.0,0.9879,Accepted,2024-09-07,2024-09-07,0,On-Time,Outbound
SHP-00847,LD-00847,2025-02-03,February,2025,DTDC,Road,Food & Beverages,India,West,Maharashtra,Mumbai,400001,Mumbai,India,West,Gujarat,Ahmedabad,380001,Ahmedabad,521,70.1,2,Delivered,1138.46,2025-02-03,20ft Container,18000,28.0,0.0872,Accepted,2025-02-05,2025-02-05,0,On-Time,Outbound
SHP-00848,LD-00848,2024-09-23,September,2024,Gati Kinetic,Road,Food & Beverages,India,North,Delhi,Delhi,110001,Delhi,India,West,Maharashtra,Nagpur,440001,Nagpur,1099,59.2,3,Delivered,2463.17,2024-09-23,20ft Container,18000,28.0,0.0759,Rejected,2024-09-26,2024-09-26,0,On-Time,Outbound
SHP-00849,LD-00849,2024-09-21,September,2024,Gati Kinetic,Road,Personal Care,India,South,Karnataka,Bangalore,560001,Bangalore,India,West,Maharashtra,Pune,411001,Pune,829,286.1,3,Delivered,1811.86,2024-09-21,32ft Container,25000,38.0,0.3532,Accepted,2024-09-24,2024-09-24,0,On-Time,Outbound
SHP-00850,LD-00850,2025-01-23,January,2025,Delhivery,Road,Food & Beverages,India,North,Delhi,Delhi,110001,Delhi,India,South,Tamil Nadu,Chennai,600001,Chennai,2166,157.0,2,Delivered,5854.11,2025-01-23,LCV,3500,9.0,0.1646,Accepted,2025-01-25,2025-01-25,0,On-Time,Outbound
SHP-00851,LD-00851,2024-12-03,December,2024,Ekart Logistics,Road,Food & Beverages,India,West,Maharashtra,Mumbai,400001,Mumbai,India,West,Maharashtra,Pune,411001,Pune,129,182.9,3,Delivered,259.96,2024-12-03,MCV,8000,18.0,0.2407,Accepted,2024-12-06,2024-12-06,0,On-Time,Outbound
SHP-00852,LD-00852,2025-02-13,February,2025,DTDC,Road,Food & Beverages,India,South,Karnataka,Bangalore,560001,Bangalore,India,North,Punjab,Chandigarh,160001,Chandigarh,2275,183.6,2,Delivered,5018.29,2025-02-13,LCV,3500,9.0,0.2026,Accepted,2025-02-15,2025-02-15,0,On-Time,Outbound
SHP-00853,LD-00853,2024-09-09,September,2024,DTDC,Road,Food & Beverages,India,North,Delhi,Delhi,110001,Delhi,India,South,Kerala,Kochi,682001,Kochi,2727,1031.4,2,Delivered,5440.08,2024-09-09,Reefer 20ft,15000,26.0,1.268,Accepted,2024-09-11,2024-09-11,0,On-Time,Outbound
SHP-00854,LD-00854,2024-10-11,October,2024,Blue Dart,Road,Food & Beverages,India,South,Karnataka,Bangalore,560001,Bangalore,India,West,Maharashtra,Pune,411001,Pune,839,107.6,2,Delivered,2709.92,2024-10-11,32ft Container,25000,38.0,0.1294,Accepted,2024-10-13,2024-10-13,0,On-Time,Outbound
SHP-00855,LD-00855,2025-01-30,January,2025,Gati Kinetic,Road,Household,India,West,Maharashtra,Mumbai,400001,Mumbai,India,West,Maharashtra,Nagpur,440001,Nagpur,819,1036.7,2,Delivered,1784.82,2025-01-30,MCV,8000,18.0,1.2396,Accepted,2025-02-01,2025-02-01,0,On-Time,Outbound
SHP-00856,LD-00856,2024-12-17,December,2024,Blue Dart,Road,Household,India,North,Delhi,Delhi,110001,Delhi,India,Central,Madhya Pradesh,Bhopal,462001,Bhopal,799,463.3,2,Delivered,2454.83,2024-12-17,32ft Container,25000,38.0,0.5422,Accepted,2024-12-19,2024-12-19,0,On-Time,Outbound
SHP-00857,LD-00857,2025-01-24,January,2025,Delhivery,Road,Household,India,South,Karnataka,Bangalore,560001,Bangalore,India,Central,Madhya Pradesh,Bhopal,462001,Bhopal,1445,280.3,3,Delivered,3505.54,2025-01-24,MCV,8000,18.0,0.3281,Rejected,2025-01-27,2025-01-28,1,Delayed,Outbound
SHP-00858,LD-00858,2024-11-17,November,2024,Delhivery,Road,Household,India,North,Delhi,Delhi,110001,Delhi,India,South,Telangana,Hyderabad,500001,Hyderabad,1583,137.7,3,Delivered,4161.36,2024-11-17,32ft Container,25000,38.0,0.1732,Accepted,2024-11-20,2024-11-20,0,On-Time,Outbound
SHP-00859,LD-00859,2024-11-28,November,2024,Delhivery,Road,Household,India,North,Delhi,Delhi,110001,Delhi,India,South,Kerala,Kochi,682001,Kochi,2718,1548.6,2,Delivered,7656.1,2024-11-28,32ft Container,25000,38.0,1.8747,Accepted,2024-11-30,2024-11-30,0,On-Time,Outbound
SHP-00860,LD-00860,2024-11-23,November,2024,Gati Kinetic,Road,Food & Beverages,India,West,Maharashtra,Mumbai,400001,Mumbai,India,North,Uttar Pradesh,Lucknow,226001,Lucknow,1442,320.0,2,Delivered,3452.71,2024-11-23,20ft Container,18000,28.0,0.3926,Accepted,2024-11-25,2024-11-25,0,On-Time,Outbound
SHP-00861,LD-00861,2025-02-03,February,2025,Delhivery,Road,Personal Care,India,South,Karnataka,Bangalore,560001,Bangalore,India,West,Gujarat,Ahmedabad,380001,Ahmedabad,1501,91.4,2,Delivered,3691.92,2025-02-03,20ft Container,18000,28.0,0.1075,Accepted,2025-02-05,2025-02-05,0,On-Time,Outbound
SHP-00862,LD-00862,2024-12-21,December,2024,DTDC,Road,Food & Beverages,India,North,Delhi,Delhi,110001,Delhi,India,South,Telangana,Hyderabad,500001,Hyderabad,1542,515.3,4,Delivered,3230.26,2024-12-21,MCV,8000,18.0,0.6287,Accepted,2024-12-25,2024-12-25,0,On-Time,Outbound
SHP-00863,LD-00863,2025-01-11,January,2025,Gati Kinetic,Road,Food & Beverages,India,North,Delhi,Delhi,110001,Delhi,India,North,Uttar Pradesh,Lucknow,226001,Lucknow,535,399.0,2,Delivered,1237.53,2025-01-11,20ft Container,18000,28.0,0.476,Accepted,2025-01-13,2025-01-13,0,On-Time,Outbound
SHP-00864,LD-00864,2025-01-03,January,2025,Blue Dart,Road,Household,India,West,Maharashtra,Mumbai,400001,Mumbai,India,South,Kerala,Kochi,682001,Kochi,1218,264.2,2,Delivered,4137.01,2025-01-03,20ft Container,18000,28.0,0.3156,Accepted,2025-01-05,2025-01-05,0,On-Time,Outbound
SHP-00865,LD-00865,2024-11-25,November,2024,Gati Kinetic,Road,Personal Care,India,South,Karnataka,Bangalore,560001,Bangalore,India,West,Maharashtra,Pune,411001,Pune,819,66.1,3,Delivered,1771.77,2024-11-25,20ft Container,18000,28.0,0.0668,Accepted,2024-11-28,2024-11-28,0,On-Time,Outbound
SHP-00866,LD-00866,2024-10-21,October,2024,DTDC,Road,Household,India,South,Karnataka,Bangalore,560001,Bangalore,India,West,Maharashtra,Nagpur,440001,Nagpur,1037,252.1,3,Delivered,2449.26,2024-10-21,20ft Container,18000,28.0,0.3091,Accepted,2024-10-24,2024-10-24,0,On-Time,Outbound
SHP-00867,LD-00867,2024-11-04,November,2024,DTDC,Road,Household,India,North,Delhi,Delhi,110001,Delhi,India,West,Maharashtra,Nagpur,440001,Nagpur,1070,345.2,2,Delivered,2258.75,2024-11-04,MCV,8000,18.0,0.4195,Rejected,2024-11-06,2024-11-06,0,On-Time,Outbound
SHP-00868,LD-00868,2025-01-15,January,2025,Blue Dart,Road,Personal Care,India,North,Delhi,Delhi,110001,Delhi,India,West,Maharashtra,Pune,411001,Pune,1457,46.5,1,Delivered,5028.6,2025-01-15,MCV,8000,18.0,0.0661,Accepted,2025-01-16,2025-01-16,0,On-Time,Outbound
SHP-00869,LD-00869,2025-01-13,January,2025,Delhivery,Road,Personal Care,India,West,Maharashtra,Mumbai,400001,Mumbai,India,West,Maharashtra,Nagpur,440001,Nagpur,832,127.7,3,Delivered,2370.98,2025-01-13,MCV,8000,18.0,0.1744,Rejected,2025-01-16,2025-01-16,0,On-Time,Outbound
SHP-00870,LD-00870,2024-12-12,December,2024,Gati Kinetic,Road,Food & Beverages,India,South,Karnataka,Bangalore,560001,Bangalore,India,South,Tamil Nadu,Chennai,600001,Chennai,327,255.7,3,Delivered,830.89,2024-12-12,MCV,8000,18.0,0.2943,Accepted,2024-12-15,2024-12-18,3,Delayed,Outbound
SHP-00871,LD-00871,2025-01-17,January,2025,Ekart Logistics,Road,Household,India,West,Maharashtra,Mumbai,400001,Mumbai,India,West,Maharashtra,Nagpur,440001,Nagpur,817,656.7,3,Delivered,1634.51,2025-01-17,32ft Container,25000,38.0,0.7632,Rejected,2025-01-20,2025-01-20,0,On-Time,Outbound
SHP-00872,LD-00872,2024-11-09,November,2024,DTDC,Road,Personal Care,India,West,Maharashtra,Mumbai,400001,Mumbai,India,North,Uttar Pradesh,Lucknow,226001,Lucknow,1458,74.5,4,Delivered,3393.81,2024-11-09,MCV,8000,18.0,0.0768,Accepted,2024-11-13,2024-11-13,0,On-Time,Outbound
SHP-00873,LD-00873,2024-09-05,September,2024,Delhivery,Road,Personal Care,India,North,Delhi,Delhi,110001,Delhi,India,South,Telangana,Hyderabad,500001,Hyderabad,1561,141.3,3,Delivered,4092.25,2024-09-05,Reefer 20ft,15000,26.0,0.1877,Accepted,2024-09-08,2024-09-08,0,On-Time,Outbound
SHP-00874,LD-00874,2024-11-27,November,2024,DTDC,Road,Food & Beverages,India,South,Karnataka,Bangalore,560001,Bangalore,India,West,Gujarat,Ahmedabad,380001,Ahmedabad,1504,148.1,4,Delivered,3090.43,2024-11-27,Reefer 20ft,15000,26.0,0.1716,Accepted,2024-12-01,2024-12-01,0,On-Time,Outbound
SHP-00875,LD-00875,2024-09-21,September,2024,Ekart Logistics,Road,Personal Care,India,West,Maharashtra,Mumbai,400001,Mumbai,India,West,Gujarat,Ahmedabad,380001,Ahmedabad,543,128.9,3,Delivered,1078.91,2024-09-21,MCV,8000,18.0,0.1715,Accepted,2024-09-24,2024-09-24,0,On-Time,Outbound
SHP-00876,LD-00876,2024-11-30,November,2024,Ekart Logistics,Road,Household,India,South,Karnataka,Bangalore,560001,Bangalore,India,North,Uttar Pradesh,Lucknow,226001,Lucknow,2055,218.9,3,Delivered,4007.48,2024-11-30,MCV,8000,18.0,0.2507,Accepted,2024-12-03,2024-12-03,0,On-Time,Outbound
SHP-00877,LD-00877,2024-09-25,September,2024,Blue Dart,Road,Household,India,West,Maharashtra,Mumbai,400001,Mumbai,India,West,Maharashtra,Nagpur,440001,Nagpur,835,121.0,2,Delivered,2623.11,2024-09-25,MCV,8000,18.0,0.1511,Accepted,2024-09-27,2024-09-27,0,On-Time,Outbound
SHP-00878,LD-00878,2024-11-21,November,2024,DTDC,Road,Household,India,West,Maharashtra,Mumbai,400001,Mumbai,India,West,Maharashtra,Nagpur,440001,Nagpur,832,922.8,3,Delivered,1843.44,2024-11-21,LCV,3500,9.0,1.0699,Accepted,2024-11-24,2024-11-24,0,On-Time,Outbound
SHP-00879,LD-00879,2024-11-13,November,2024,Gati Kinetic,Road,Household,India,West,Maharashtra,Mumbai,400001,Mumbai,India,South,Kerala,Kochi,682001,Kochi,1221,30.7,1,Delivered,2738.32,2024-11-13,MCV,8000,18.0,0.0351,Accepted,2024-11-14,2024-11-14,0,On-Time,Outbound
SHP-00880,LD-00880,2024-12-17,December,2024,Gati Kinetic,Road,Personal Care,India,West,Maharashtra,Mumbai,400001,Mumbai,India,West,Maharashtra,Nagpur,440001,Nagpur,838,47.4,3,Delivered,2039.59,2024-12-17,20ft Container,18000,28.0,0.0664,Accepted,2024-12-20,2024-12-20,0,On-Time,Outbound
SHP-00881,LD-00881,2024-11-03,November,2024,Ekart Logistics,Road,Food & Beverages,India,North,Delhi,Delhi,110001,Delhi,India,West,Maharashtra,Pune,411001,Pune,1462,240.9,2,Delivered,3136.54,2024-11-03,Reefer 20ft,15000,26.0,0.29,Accepted,2024-11-05,2024-11-06,1,Delayed,Outbound
SHP-00882,LD-00882,2024-11-01,November,2024,DTDC,Road,Personal Care,India,North,Delhi,Delhi,110001,Delhi,India,South,Kerala,Kochi,682001,Kochi,2706,40.1,2,Delivered,5906.98,2024-11-01,32ft Container,25000,38.0,0.0486,Accepted,2024-11-03,2024-11-05,2,Delayed,Outbound
SHP-00883,LD-00883,2024-10-16,October,2024,Delhivery,Road,Household,India,South,Karnataka,Bangalore,560001,Bangalore,India,South,Kerala,Kochi,682001,Kochi,610,114.9,1,Delivered,1664.86,2024-10-16,20ft Container,18000,28.0,0.1473,Accepted,2024-10-17,2024-10-17,0,On-Time,Outbound
SHP-00884,LD-00884,2024-12-08,December,2024,Gati Kinetic,Road,Household,India,West,Maharashtra,Mumbai,400001,Mumbai,India,Central,Madhya Pradesh,Bhopal,462001,Bhopal,791,1043.9,2,Delivered,2084.14,2024-12-08,Reefer 20ft,15000,26.0,1.2749,Accepted,2024-12-10,2024-12-10,0,On-Time,Outbound
SHP-00885,LD-00885,2024-11-14,November,2024,Blue Dart,Road,Household,India,West,Maharashtra,Mumbai,400001,Mumbai,India,South,Kerala,Kochi,682001,Kochi,1207,520.5,3,Delivered,4084.43,2024-11-14,MCV,8000,18.0,0.5899,Accepted,2024-11-17,2024-11-17,0,On-Time,Outbound
SHP-00886,LD-00886,2024-10-14,October,2024,Blue Dart,Road,Food & Beverages,India,West,Maharashtra,Mumbai,400001,Mumbai,India,West,Maharashtra,Nagpur,440001,Nagpur,821,89.6,1,Delivered,2701.83,2024-10-14,20ft Container,18000,28.0,0.1014,Rejected,2024-10-15,2024-10-15,0,On-Time,Outbound
SHP-00887,LD-00887,2024-11-06,November,2024,Delhivery,Road,Household,India,South,Karnataka,Bangalore,560001,Bangalore,India,South,Kerala,Kochi,682001,Kochi,619,830.9,2,Delivered,1616.41,2024-11-06,32ft Container,25000,38.0,0.9726,Rejected,2024-11-08,2024-11-08,0,On-Time,Outbound
SHP-00888,LD-00888,2024-11-14,November,2024,DTDC,Road,Food & Beverages,India,West,Maharashtra,Mumbai,400001,Mumbai,India,West,Maharashtra,Nagpur,440001,Nagpur,809,226.0,2,Delivered,1866.56,2024-11-14,LCV,3500,9.0,0.2662,Accepted,2024-11-16,2024-11-16,0,On-Time,Outbound
SHP-00889,LD-00889,2024-12-08,December,2024,DTDC,Road,Food & Beverages,India,North,Delhi,Delhi,110001,Delhi,India,West,Maharashtra,Nagpur,440001,Nagpur,1097,166.0,3,Delivered,2592.1,2024-12-08,Reefer 20ft,15000,26.0,0.2066,Accepted,2024-12-11,2024-12-11,0,On-Time,Outbound
SHP-00890,LD-00890,2024-11-28,November,2024,Delhivery,Road,Personal Care,India,West,Maharashtra,Mumbai,400001,Mumbai,India,West,Maharashtra,Nagpur,440001,Nagpur,841,115.8,4,Delivered,2041.9,2024-11-28,MCV,8000,18.0,0.1452,Accepted,2024-12-02,2024-12-02,0,On-Time,Outbound
SHP-00891,LD-00891,2024-09-04,September,2024,Gati Kinetic,Road,Household,India,North,Delhi,Delhi,110001,Delhi,India,South,Kerala,Kochi,682001,Kochi,2692,927.6,2,Delivered,6459.24,2024-09-04,32ft Container,25000,38.0,1.1143,Accepted,2024-09-06,2024-09-06,0,On-Time,Outbound
SHP-00892,LD-00892,2024-10-29,October,2024,Ekart Logistics,Road,Personal Care,India,South,Karnataka,Bangalore,560001,Bangalore,India,West,Gujarat,Ahmedabad,380001,Ahmedabad,1464,102.9,4,Delivered,2794.17,2024-10-29,Reefer 20ft,15000,26.0,0.1327,Accepted,2024-11-02,2024-11-02,0,On-Time,Outbound
SHP-00893,LD-00893,2024-09-15,September,2024,Blue Dart,Road,Food & Beverages,India,South,Karnataka,Bangalore,560001,Bangalore,India,Central,Madhya Pradesh,Bhopal,462001,Bhopal,1464,841.2,2,Delivered,4888.48,2024-09-15,32ft Container,25000,38.0,1.0018,Accepted,2024-09-17,2024-09-17,0,On-Time,Outbound
SHP-00894,LD-00894,2024-11-11,November,2024,Ekart Logistics,Road,Food & Beverages,India,South,Karnataka,Bangalore,560001,Bangalore,India,South,Tamil Nadu,Chennai,600001,Chennai,323,119.5,3,Delivered,608.24,2024-11-11,LCV,3500,9.0,0.1343,Accepted,2024-11-14,2024-11-14,0,On-Time,Outbound
SHP-00895,LD-00895,2024-09-26,September,2024,Gati Kinetic,Road,Food & Beverages,India,South,Karnataka,Bangalore,560001,Bangalore,India,South,Kerala,Kochi,682001,Kochi,616,226.2,3,Delivered,1490.93,2024-09-26,32ft Container,25000,38.0,0.2536,Accepted,2024-09-29,2024-09-29,0,On-Time,Outbound
SHP-00896,LD-00896,2024-09-03,September,2024,Ekart Logistics,Road,Food & Beverages,India,West,Maharashtra,Mumbai,400001,Mumbai,India,South,Tamil Nadu,Chennai,600001,Chennai,1348,184.4,3,Delivered,2672.41,2024-09-03,Reefer 20ft,15000,26.0,0.2141,Rejected,2024-09-06,2024-09-07,1,Delayed,Outbound
SHP-00897,LD-00897,2025-01-05,January,2025,DTDC,Road,Food & Beverages,India,West,Maharashtra,Mumbai,400001,Mumbai,India,West,Maharashtra,Nagpur,440001,Nagpur,817,218.0,2,Delivered,1861.33,2025-01-05,LCV,3500,9.0,0.2647,Accepted,2025-01-07,2025-01-07,0,On-Time,Outbound
SHP-00898,LD-00898,2024-10-17,October,2024,Blue Dart,Road,Personal Care,India,South,Karnataka,Bangalore,560001,Bangalore,India,South,Kerala,Kochi,682001,Kochi,653,159.4,3,Delivered,2007.96,2024-10-17,MCV,8000,18.0,0.1965,Accepted,2024-10-20,2024-10-20,0,On-Time,Outbound
SHP-00899,LD-00899,2024-10-17,October,2024,Ekart Logistics,Road,Household,India,West,Maharashtra,Mumbai,400001,Mumbai,India,West,Maharashtra,Pune,411001,Pune,179,131.2,4,Delivered,365.84,2024-10-17,LCV,3500,9.0,0.1487,Accepted,2024-10-21,2024-10-21,0,On-Time,Outbound
SHP-00900,LD-00900,2024-10-20,October,2024,Delhivery,Road,Household,India,North,Delhi,Delhi,110001,Delhi,India,West,Maharashtra,Pune,411001,Pune,1460,118.3,3,Delivered,3912.53,2024-10-20,Reefer 20ft,15000,26.0,0.1381,Accepted,2024-10-23,2024-10-23,0,On-Time,Outbound
SHP-00901,LD-00901,2024-11-07,November,2024,Delhivery,Road,Personal Care,India,South,Karnataka,Bangalore,560001,Bangalore,India,South,Tamil Nadu,Chennai,600001,Chennai,339,145.5,3,Delivered,868.23,2024-11-07,MCV,8000,18.0,0.1729,Accepted,2024-11-10,2024-11-10,0,On-Time,Outbound
SHP-00902,LD-00902,2024-09-15,September,2024,Gati Kinetic,Road,Food & Beverages,India,West,Maharashtra,Mumbai,400001,Mumbai,India,West,Gujarat,Ahmedabad,380001,Ahmedabad,513,145.3,2,Delivered,1271.1,2024-09-15,32ft Container,25000,38.0,0.1616,Accepted,2024-09-17,2024-09-17,0,On-Time,Outbound
SHP-00903,LD-00903,2024-12-19,December,2024,DTDC,Road,Food & Beverages,India,West,Maharashtra,Mumbai,400001,Mumbai,India,West,Gujarat,Ahmedabad,380001,Ahmedabad,504,292.9,2,Delivered,1051.84,2024-12-19,20ft Container,18000,28.0,0.3411,Accepted,2024-12-21,2024-12-21,0,On-Time,Outbound
SHP-00904,LD-00904,2024-09-12,September,2024,Gati Kinetic,Road,Food & Beverages,India,West,Maharashtra,Mumbai,400001,Mumbai,India,West,Maharashtra,Nagpur,440001,Nagpur,837,1026.2,4,Delivered,1958.59,2024-09-12,Reefer 20ft,15000,26.0,1.2059,Accepted,2024-09-16,2024-09-16,0,On-Time,Outbound
SHP-00905,LD-00905,2025-01-16,January,2025,DTDC,Road,Food & Beverages,India,South,Karnataka,Bangalore,560001,Bangalore,India,West,Maharashtra,Pune,411001,Pune,862,55.6,3,Delivered,1764.32,2025-01-16,MCV,8000,18.0,0.0715,Accepted,2025-01-19,2025-01-19,0,On-Time,Outbound
SHP-00906,LD-00906,2025-01-22,January,2025,Delhivery,Road,Household,India,West,Maharashtra,Mumbai,400001,Mumbai,India,West,Maharashtra,Nagpur,440001,Nagpur,852,607.8,2,Delivered,2122.79,2025-01-22,Reefer 20ft,15000,26.0,0.7065,Rejected,2025-01-24,2025-01-24,0,On-Time,Outbound
SHP-00907,LD-00907,2024-12-24,December,2024,DTDC,Road,Food & Beverages,India,North,Delhi,Delhi,110001,Delhi,India,West,Maharashtra,Pune,411001,Pune,1446,192.0,3,Delivered,3247.13,2024-12-24,LCV,3500,9.0,0.2534,Accepted,2024-12-27,2024-12-27,0,On-Time,Outbound
SHP-00908,LD-00908,2024-12-19,December,2024,Gati Kinetic,Road,Personal Care,India,North,Delhi,Delhi,110001,Delhi,India,North,Rajasthan,Jaipur,302001,Jaipur,273,190.5,3,Delivered,591.8,2024-12-19,Reefer 20ft,15000,26.0,0.2473,Accepted,2024-12-22,2024-12-22,0,On-Time,Outbound
SHP-00909,LD-00909,2025-01-16,January,2025,DTDC,Road,Household,India,North,Delhi,Delhi,110001,Delhi,India,Central,Madhya Pradesh,Bhopal,462001,Bhopal,750,182.9,2,Delivered,1748.54,2025-01-16,Reefer 20ft,15000,26.0,0.2194,Accepted,2025-01-18,2025-01-18,0,On-Time,Outbound
SHP-00910,LD-00910,2025-02-04,February,2025,Gati Kinetic,Road,Household,India,North,Delhi,Delhi,110001,Delhi,India,West,Maharashtra,Nagpur,440001,Nagpur,1106,1390.3,2,Delivered,2856.42,2025-02-04,MCV,8000,18.0,1.6425,Accepted,2025-02-06,2025-02-06,0,On-Time,Outbound
SHP-00911,LD-00911,2024-10-17,October,2024,Blue Dart,Road,Food & Beverages,India,South,Karnataka,Bangalore,560001,Bangalore,India,West,Maharashtra,Pune,411001,Pune,810,394.2,2,Delivered,2656.12,2024-10-17,LCV,3500,9.0,0.4562,Accepted,2024-10-19,2024-10-19,0,On-Time,Outbound
SHP-00912,LD-00912,2024-12-19,December,2024,DTDC,Road,Household,India,North,Delhi,Delhi,110001,Delhi,India,South,Telangana,Hyderabad,500001,Hyderabad,1589,730.0,4,Delivered,3720.6,2024-12-19,32ft Container,25000,38.0,0.8718,Accepted,2024-12-23,2024-12-23,0,On-Time,Outbound
SHP-00913,LD-00913,2024-10-19,October,2024,Delhivery,Road,Personal Care,India,South,Karnataka,Bangalore,560001,Bangalore,India,West,Maharashtra,Nagpur,440001,Nagpur,1034,137.9,3,Delivered,2595.63,2024-10-19,LCV,3500,9.0,0.1856,Accepted,2024-10-22,2024-10-22,0,On-Time,Outbound
SHP-00914,LD-00914,2024-11-17,November,2024,Delhivery,Road,Food & Beverages,India,North,Delhi,Delhi,110001,Delhi,India,South,Telangana,Hyderabad,500001,Hyderabad,1547,413.5,3,Delivered,4291.01,2024-11-17,MCV,8000,18.0,0.4602,Accepted,2024-11-20,2024-11-22,2,Delayed,Outbound
SHP-00915,LD-00915,2024-09-13,September,2024,Gati Kinetic,Road,Food & Beverages,India,West,Maharashtra,Mumbai,400001,Mumbai,India,South,Telangana,Hyderabad,500001,Hyderabad,726,151.8,2,Delivered,1748.15,2024-09-13,Reefer 20ft,15000,26.0,0.1859,Accepted,2024-09-15,2024-09-15,0,On-Time,Outbound
SHP-00916,LD-00916,2025-02-02,February,2025,Gati Kinetic,Road,Food & Beverages,India,North,Delhi,Delhi,110001,Delhi,India,North,Rajasthan,Jaipur,302001,Jaipur,280,131.7,3,Delivered,639.11,2025-02-02,LCV,3500,9.0,0.1455,Accepted,2025-02-05,2025-02-09,4,Delayed,Outbound
SHP-00917,LD-00917,2024-12-07,December,2024,Blue Dart,Road,Household,India,West,Maharashtra,Mumbai,400001,Mumbai,India,West,Gujarat,Ahmedabad,380001,Ahmedabad,514,274.3,1,Delivered,1809.18,2024-12-07,LCV,3500,9.0,0.3495,Accepted,2024-12-08,2024-12-08,0,On-Time,Outbound
SHP-00918,LD-00918,2024-09-05,September,2024,Gati Kinetic,Road,Personal Care,India,South,Karnataka,Bangalore,560001,Bangalore,India,North,Punjab,Chandigarh,160001,Chandigarh,2270,24.6,4,Delivered,5042.61,2024-09-05,Reefer 20ft,15000,26.0,0.0285,Accepted,2024-09-09,2024-09-09,0,On-Time,Outbound
SHP-00919,LD-00919,2024-09-16,September,2024,Blue Dart,Road,Personal Care,India,South,Karnataka,Bangalore,560001,Bangalore,India,South,Kerala,Kochi,682001,Kochi,669,81.1,2,Delivered,2148.76,2024-09-16,32ft Container,25000,38.0,0.104,Accepted,2024-09-18,2024-09-18,0,On-Time,Outbound
SHP-00920,LD-00920,2024-09-29,September,2024,DTDC,Road,Food & Beverages,India,South,Karnataka,Bangalore,560001,Bangalore,India,North,Uttar Pradesh,Lucknow,226001,Lucknow,2079,163.2,4,Delivered,4410.12,2024-09-29,LCV,3500,9.0,0.183,Accepted,2024-10-03,2024-10-03,0,On-Time,Outbound
SHP-00921,LD-00921,2024-09-09,September,2024,Gati Kinetic,Road,Household,India,West,Maharashtra,Mumbai,400001,Mumbai,India,West,Gujarat,Ahmedabad,380001,Ahmedabad,500,1273.7,3,Delivered,1163.68,2024-09-09,20ft Container,18000,28.0,1.4458,Accepted,2024-09-12,2024-09-12,0,On-Time,Outbound
SHP-00922,LD-00922,2024-12-31,December,2024,Blue Dart,Road,Food & Beverages,India,West,Maharashtra,Mumbai,400001,Mumbai,India,North,Rajasthan,Jaipur,302001,Jaipur,1149,185.5,3,Delivered,3659.33,2024-12-31,20ft Container,18000,28.0,0.2223,Accepted,2025-01-03,2025-01-03,0,On-Time,Outbound
SHP-00923,LD-00923,2025-02-16,February,2025,DTDC,Road,Household,India,West,Maharashtra,Mumbai,400001,Mumbai,India,North,Uttar Pradesh,Lucknow,226001,Lucknow,1434,1789.3,4,Delivered,3164.1,2025-02-16,32ft Container,25000,38.0,2.0932,Accepted,2025-02-20,2025-02-20,0,On-Time,Outbound
SHP-00924,LD-00924,2024-09-25,September,2024,Blue Dart,Road,Personal Care,India,North,Delhi,Delhi,110001,Delhi,India,South,Telangana,Hyderabad,500001,Hyderabad,1561,30.1,2,Delivered,5205.46,2024-09-25,LCV,3500,9.0,0.0402,Accepted,2024-09-27,2024-09-27,0,On-Time,Outbound
SHP-00925,LD-00925,2025-01-26,January,2025,Ekart Logistics,Road,Household,India,South,Karnataka,Bangalore,560001,Bangalore,India,Central,Madhya Pradesh,Bhopal,462001,Bhopal,1467,275.0,3,Delivered,3172.25,2025-01-26,20ft Container,18000,28.0,0.3364,Accepted,2025-01-29,2025-01-29,0,On-Time,Outbound
SHP-00926,LD-00926,2024-09-04,September,2024,Delhivery,Road,Personal Care,India,North,Delhi,Delhi,110001,Delhi,India,South,Telangana,Hyderabad,500001,Hyderabad,1570,46.3,2,Delivered,4068.81,2024-09-04,Reefer 20ft,15000,26.0,0.0504,Accepted,2024-09-06,2024-09-06,0,On-Time,Outbound
SHP-00927,LD-00927,2024-12-25,December,2024,Gati Kinetic,Road,Household,India,South,Karnataka,Bangalore,560001,Bangalore,India,West,Maharashtra,Nagpur,440001,Nagpur,1087,988.3,2,Delivered,2445.13,2024-12-25,LCV,3500,9.0,1.204,Accepted,2024-12-27,2024-12-27,0,On-Time,Outbound
SHP-00928,LD-00928,2025-02-17,February,2025,Gati Kinetic,Road,Household,India,West,Maharashtra,Mumbai,400001,Mumbai,India,Central,Madhya Pradesh,Bhopal,462001,Bhopal,791,1076.4,2,Delivered,1718.21,2025-02-17,MCV,8000,18.0,1.3603,Accepted,2025-02-19,2025-02-19,0,On-Time,Outbound
SHP-00929,LD-00929,2024-09-29,September,2024,Gati Kinetic,Road,Food & Beverages,India,North,Delhi,Delhi,110001,Delhi,India,South,Telangana,Hyderabad,500001,Hyderabad,1551,823.4,3,Delivered,3646.13,2024-09-29,Reefer 20ft,15000,26.0,1.026,Accepted,2024-10-02,2024-10-02,0,On-Time,Outbound
SHP-00930,LD-00930,2024-10-27,October,2024,Delhivery,Road,Food & Beverages,India,South,Karnataka,Bangalore,560001,Bangalore,India,South,Telangana,Hyderabad,500001,Hyderabad,590,150.5,2,Delivered,1543.38,2024-10-27,Reefer 20ft,15000,26.0,0.19,Rejected,2024-10-29,2024-10-29,0,On-Time,Outbound
SHP-00931,LD-00931,2024-10-29,October,2024,Ekart Logistics,Road,Food & Beverages,India,South,Karnataka,Bangalore,560001,Bangalore,India,West,Maharashtra,Pune,411001,Pune,844,426.2,3,Delivered,1837.28,2024-10-29,32ft Container,25000,38.0,0.4729,Accepted,2024-11-01,2024-11-01,0,On-Time,Outbound
SHP-00932,LD-00932,2024-12-12,December,2024,Blue Dart,Road,Personal Care,India,North,Delhi,Delhi,110001,Delhi,India,South,Tamil Nadu,Chennai,600001,Chennai,2150,58.4,3,Delivered,6295.02,2024-12-12,LCV,3500,9.0,0.0565,Accepted,2024-12-15,2024-12-15,0,On-Time,Outbound
SHP-00933,LD-00933,2025-02-04,February,2025,Delhivery,Road,Food & Beverages,India,South,Karnataka,Bangalore,560001,Bangalore,India,South,Tamil Nadu,Chennai,600001,Chennai,345,189.7,3,Delivered,948.36,2025-02-04,32ft Container,25000,38.0,0.2313,Accepted,2025-02-07,2025-02-07,0,On-Time,Outbound
SHP-00934,LD-00934,2024-11-03,November,2024,Delhivery,Road,Household,India,West,Maharashtra,Mumbai,400001,Mumbai,India,West,Maharashtra,Nagpur,440001,Nagpur,860,314.4,3,Delivered,2313.06,2024-11-03,Reefer 20ft,15000,26.0,0.3493,Accepted,2024-11-06,2024-11-06,0,On-Time,Outbound
SHP-00935,LD-00935,2024-09-03,September,2024,DTDC,Road,Personal Care,India,North,Delhi,Delhi,110001,Delhi,India,South,Tamil Nadu,Chennai,600001,Chennai,2184,85.0,2,Delivered,5038.23,2024-09-03,20ft Container,18000,28.0,0.1157,Accepted,2024-09-05,2024-09-05,0,On-Time,Outbound
SHP-00936,LD-00936,2024-09-11,September,2024,DTDC,Road,Food & Beverages,India,North,Delhi,Delhi,110001,Delhi,India,West,Maharashtra,Pune,411001,Pune,1478,314.5,3,Delivered,3115.75,2024-09-11,MCV,8000,18.0,0.362,Accepted,2024-09-14,2024-09-15,1,Delayed,Outbound
SHP-00937,LD-00937,2024-12-02,December,2024,Ekart Logistics,Road,Personal Care,India,North,Delhi,Delhi,110001,Delhi,India,West,Maharashtra,Nagpur,440001,Nagpur,1103,50.7,4,Delivered,2304.85,2024-12-02,LCV,3500,9.0,0.0509,Accepted,2024-12-06,2024-12-06,0,On-Time,Outbound
SHP-00938,LD-00938,2024-12-17,December,2024,DTDC,Road,Food & Beverages,India,West,Maharashtra,Mumbai,400001,Mumbai,India,Central,Madhya Pradesh,Bhopal,462001,Bhopal,765,78.8,2,Delivered,1711.87,2024-12-17,MCV,8000,18.0,0.1034,Accepted,2024-12-19,2024-12-19,0,On-Time,Outbound
SHP-00939,LD-00939,2025-01-03,January,2025,Blue Dart,Road,Food & Beverages,India,West,Maharashtra,Mumbai,400001,Mumbai,India,South,Tamil Nadu,Chennai,600001,Chennai,1353,966.0,3,Delivered,4583.83,2025-01-03,Reefer 20ft,15000,26.0,1.1849,Accepted,2025-01-06,2025-01-06,0,On-Time,Outbound
SHP-00940,LD-00940,2024-11-01,November,2024,Blue Dart,Road,Personal Care,India,South,Karnataka,Bangalore,560001,Bangalore,India,North,Rajasthan,Jaipur,302001,Jaipur,1892,213.7,1,Delivered,6232.51,2024-11-01,20ft Container,18000,28.0,0.2486,Accepted,2024-11-02,2024-11-02,0,On-Time,Outbound
SHP-00941,LD-00941,2024-09-10,September,2024,Ekart Logistics,Road,Food & Beverages,India,West,Maharashtra,Mumbai,400001,Mumbai,India,West,Maharashtra,Nagpur,440001,Nagpur,806,153.0,4,Delivered,1545.03,2024-09-10,LCV,3500,9.0,0.183,Accepted,2024-09-14,2024-09-14,0,On-Time,Outbound
SHP-00942,LD-00942,2024-12-01,December,2024,DTDC,Road,Household,India,North,Delhi,Delhi,110001,Delhi,India,South,Kerala,Kochi,682001,Kochi,2714,285.0,2,Delivered,6557.1,2024-12-01,MCV,8000,18.0,0.3283,Accepted,2024-12-03,2024-12-03,0,On-Time,Outbound
SHP-00943,LD-00943,2025-01-19,January,2025,Ekart Logistics,Road,Food & Beverages,India,North,Delhi,Delhi,110001,Delhi,India,South,Telangana,Hyderabad,500001,Hyderabad,1579,964.0,3,Delivered,3182.15,2025-01-19,LCV,3500,9.0,1.1092,Accepted,2025-01-22,2025-01-22,0,On-Time,Outbound
SHP-00944,LD-00944,2024-09-26,September,2024,DTDC,Road,Household,India,North,Delhi,Delhi,110001,Delhi,India,West,Maharashtra,Pune,411001,Pune,1442,255.1,2,Delivered,3023.09,2024-09-26,MCV,8000,18.0,0.2981,Accepted,2024-09-28,2024-09-28,0,On-Time,Outbound
SHP-00945,LD-00945,2024-12-02,December,2024,Gati Kinetic,Road,Household,India,West,Maharashtra,Mumbai,400001,Mumbai,India,West,Maharashtra,Pune,411001,Pune,138,389.7,3,Delivered,348.21,2024-12-02,Reefer 20ft,15000,26.0,0.4668,Accepted,2024-12-05,2024-12-05,0,On-Time,Outbound
SHP-00946,LD-00946,2024-10-21,October,2024,Blue Dart,Road,Food & Beverages,India,West,Maharashtra,Mumbai,400001,Mumbai,India,West,Maharashtra,Nagpur,440001,Nagpur,845,1265.3,2,Delivered,2617.56,2024-10-21,32ft Container,25000,38.0,1.5466,Accepted,2024-10-23,2024-10-23,0,On-Time,Outbound
SHP-00947,LD-00947,2024-11-15,November,2024,Blue Dart,Road,Food & Beverages,India,North,Delhi,Delhi,110001,Delhi,India,North,Punjab,Chandigarh,160001,Chandigarh,221,95.5,3,Delivered,706.42,2024-11-15,LCV,3500,9.0,0.1149,Accepted,2024-11-18,2024-11-18,0,On-Time,Outbound
SHP-00948,LD-00948,2024-12-22,December,2024,Delhivery,Road,Personal Care,India,North,Delhi,Delhi,110001,Delhi,India,South,Telangana,Hyderabad,500001,Hyderabad,1570,49.0,2,Delivered,4357.89,2024-12-22,Reefer 20ft,15000,26.0,0.0574,Accepted,2024-12-24,2024-12-24,0,On-Time,Outbound
SHP-00949,LD-00949,2024-12-15,December,2024,Delhivery,Road,Personal Care,India,South,Karnataka,Bangalore,560001,Bangalore,India,West,Maharashtra,Nagpur,440001,Nagpur,1081,152.5,2,Delivered,2980.21,2024-12-15,LCV,3500,9.0,0.1772,Accepted,2024-12-17,2024-12-17,0,On-Time,Outbound
SHP-00950,LD-00950,2025-01-17,January,2025,DTDC,Road,Personal Care,India,West,Maharashtra,Mumbai,400001,Mumbai,India,South,Telangana,Hyderabad,500001,Hyderabad,717,177.1,3,Delivered,1460.28,2025-01-17,Reefer 20ft,15000,26.0,0.2,Accepted,2025-01-20,2025-01-22,2,Delayed,Outbound
SHP-00951,LD-00951,2024-11-20,November,2024,Ekart Logistics,Road,Personal Care,India,South,Karnataka,Bangalore,560001,Bangalore,India,South,Kerala,Kochi,682001,Kochi,639,179.1,3,Delivered,1218.99,2024-11-20,32ft Container,25000,38.0,0.2353,Accepted,2024-11-23,2024-11-23,0,On-Time,Outbound
SHP-00952,LD-00952,2025-01-06,January,2025,Gati Kinetic,Road,Food & Beverages,India,West,Maharashtra,Mumbai,400001,Mumbai,India,West,Maharashtra,Nagpur,440001,Nagpur,857,122.7,2,Delivered,1994.11,2025-01-06,20ft Container,18000,28.0,0.1473,Accepted,2025-01-08,2025-01-08,0,On-Time,Outbound
SHP-00953,LD-00953,2024-09-17,September,2024,DTDC,Road,Personal Care,India,North,Delhi,Delhi,110001,Delhi,India,North,Rajasthan,Jaipur,302001,Jaipur,275,160.1,1,Delivered,570.54,2024-09-17,32ft Container,25000,38.0,0.218,Accepted,2024-09-18,2024-09-18,0,On-Time,Outbound
SHP-00954,LD-00954,2024-10-30,October,2024,DTDC,Road,Food & Beverages,India,South,Karnataka,Bangalore,560001,Bangalore,India,South,Tamil Nadu,Chennai,600001,Chennai,375,221.9,2,Delivered,743.62,2024-10-30,LCV,3500,9.0,0.27,Accepted,2024-11-01,2024-11-05,4,Delayed,Outbound
SHP-00955,LD-00955,2024-10-01,October,2024,Ekart Logistics,Road,Food & Beverages,India,South,Karnataka,Bangalore,560001,Bangalore,India,West,Maharashtra,Pune,411001,Pune,863,94.4,2,Delivered,1615.96,2024-10-01,32ft Container,25000,38.0,0.1204,Accepted,2024-10-03,2024-10-03,0,On-Time,Outbound
SHP-00956,LD-00956,2024-09-23,September,2024,DTDC,Road,Household,India,West,Maharashtra,Mumbai,400001,Mumbai,India,North,Rajasthan,Jaipur,302001,Jaipur,1138,562.2,2,Delivered,2677.48,2024-09-23,MCV,8000,18.0,0.6371,Accepted,2024-09-25,2024-09-25,0,On-Time,Outbound
SHP-00957,LD-00957,2024-12-20,December,2024,Delhivery,Road,Household,India,West,Maharashtra,Mumbai,400001,Mumbai,India,West,Maharashtra,Pune,411001,Pune,148,360.2,2,Delivered,404.18,2024-12-20,LCV,3500,9.0,0.4177,Accepted,2024-12-22,2024-12-22,0,On-Time,Outbound
SHP-00958,LD-00958,2025-01-21,January,2025,Blue Dart,Road,Food & Beverages,India,North,Delhi,Delhi,110001,Delhi,India,West,Maharashtra,Nagpur,440001,Nagpur,1070,104.6,2,Delivered,3345.08,2025-01-21,20ft Container,18000,28.0,0.1203,Rejected,2025-01-23,2025-01-23,0,On-Time,Outbound
SHP-00959,LD-00959,2024-09-18,September,2024,DTDC,Road,Food & Beverages,India,South,Karnataka,Bangalore,560001,Bangalore,India,West,Maharashtra,Nagpur,440001,Nagpur,1053,92.4,2,Delivered,2350.88,2024-09-18,Reefer 20ft,15000,26.0,0.1134,Accepted,2024-09-20,2024-09-20,0,On-Time,Outbound
SHP-00960,LD-00960,2024-10-09,October,2024,Ekart Logistics,Road,Personal Care,India,South,Karnataka,Bangalore,560001,Bangalore,India,North,Uttar Pradesh,Lucknow,226001,Lucknow,2091,21.6,2,Delivered,4545.2,2024-10-09,20ft Container,18000,28.0,0.0287,Accepted,2024-10-11,2024-10-11,0,On-Time,Outbound
SHP-00961,LD-00961,2025-01-30,January,2025,Delhivery,Road,Personal Care,India,North,Delhi,Delhi,110001,Delhi,India,West,Maharashtra,Pune,411001,Pune,1483,69.5,3,Delivered,3770.08,2025-01-30,Reefer 20ft,15000,26.0,0.0926,Accepted,2025-02-02,2025-02-02,0,On-Time,Outbound
SHP-00962,LD-00962,2024-11-26,November,2024,Blue Dart,Road,Food & Beverages,India,North,Delhi,Delhi,110001,Delhi,India,Central,Madhya Pradesh,Bhopal,462001,Bhopal,743,408.3,2,Delivered,2575.71,2024-11-26,LCV,3500,9.0,0.5068,Accepted,2024-11-28,2024-11-28,0,On-Time,Outbound
SHP-00963,LD-00963,2025-01-12,January,2025,Blue Dart,Road,Personal Care,India,South,Karnataka,Bangalore,560001,Bangalore,India,West,Maharashtra,Nagpur,440001,Nagpur,1048,145.2,1,Delivered,3233.08,2025-01-12,32ft Container,25000,38.0,0.1982,Accepted,2025-01-13,2025-01-13,0,On-Time,Outbound
SHP-00964,LD-00964,2024-12-13,December,2024,Gati Kinetic,Road,Personal Care,India,North,Delhi,Delhi,110001,Delhi,India,South,Tamil Nadu,Chennai,600001,Chennai,2174,72.3,1,Delivered,5015.05,2024-12-13,Reefer 20ft,15000,26.0,0.0909,Accepted,2024-12-14,2024-12-14,0,On-Time,Outbound
SHP-00965,LD-00965,2024-09-11,September,2024,Ekart Logistics,Road,Food & Beverages,India,West,Maharashtra,Mumbai,400001,Mumbai,India,West,Gujarat,Ahmedabad,380001,Ahmedabad,503,741.9,3,Delivered,1099.91,2024-09-11,20ft Container,18000,28.0,0.8662,Accepted,2024-09-14,2024-09-19,5,Delayed,Outbound
SHP-00966,LD-00966,2024-12-21,December,2024,Blue Dart,Road,Food & Beverages,India,West,Maharashtra,Mumbai,400001,Mumbai,India,Central,Madhya Pradesh,Bhopal,462001,Bhopal,756,612.0,3,Delivered,2398.51,2024-12-21,32ft Container,25000,38.0,0.7588,Accepted,2024-12-24,2024-12-24,0,On-Time,Outbound
SHP-00967,LD-00967,2024-10-23,October,2024,Blue Dart,Road,Household,India,North,Delhi,Delhi,110001,Delhi,India,West,Maharashtra,Pune,411001,Pune,1430,193.4,1,Delivered,4946.1,2024-10-23,LCV,3500,9.0,0.2087,Accepted,2024-10-24,2024-10-24,0,On-Time,Outbound
SHP-00968,LD-00968,2024-10-29,October,2024,Gati Kinetic,Road,Personal Care,India,West,Maharashtra,Mumbai,400001,Mumbai,India,North,Uttar Pradesh,Lucknow,226001,Lucknow,1476,49.8,2,Delivered,3841.5,2024-10-29,LCV,3500,9.0,0.0629,Accepted,2024-10-31,2024-10-31,0,On-Time,Outbound
SHP-00969,LD-00969,2025-02-15,February,2025,Delhivery,Road,Personal Care,India,South,Karnataka,Bangalore,560001,Bangalore,India,South,Tamil Nadu,Chennai,600001,Chennai,336,47.5,2,Delivered,891.09,2025-02-15,MCV,8000,18.0,0.0505,Accepted,2025-02-17,2025-02-17,0,On-Time,Outbound
SHP-00970,LD-00970,2024-10-03,October,2024,Gati Kinetic,Road,Food & Beverages,India,West,Maharashtra,Mumbai,400001,Mumbai,India,West,Gujarat,Ahmedabad,380001,Ahmedabad,504,114.2,4,Delivered,1133.0,2024-10-03,MCV,8000,18.0,0.146,Accepted,2024-10-07,2024-10-07,0,On-Time,Outbound
SHP-00971,LD-00971,2024-11-12,November,2024,Gati Kinetic,Road,Food & Beverages,India,South,Karnataka,Bangalore,560001,Bangalore,India,South,Tamil Nadu,Chennai,600001,Chennai,355,260.1,2,Delivered,911.04,2024-11-12,20ft Container,18000,28.0,0.314,Accepted,2024-11-14,2024-11-14,0,On-Time,Outbound
SHP-00972,LD-00972,2025-01-01,January,2025,Gati Kinetic,Road,Food & Beverages,India,South,Karnataka,Bangalore,560001,Bangalore,India,West,Gujarat,Ahmedabad,380001,Ahmedabad,1475,336.2,4,Delivered,3494.65,2025-01-01,20ft Container,18000,28.0,0.4327,Accepted,2025-01-05,2025-01-05,0,On-Time,Outbound
SHP-00973,LD-00973,2025-01-31,January,2025,Gati Kinetic,Road,Food & Beverages,India,South,Karnataka,Bangalore,560001,Bangalore,India,North,Uttar Pradesh,Lucknow,226001,Lucknow,2061,131.5,2,Delivered,5302.03,2025-01-31,32ft Container,25000,38.0,0.1614,Accepted,2025-02-02,2025-02-04,2,Delayed,Outbound
SHP-00974,LD-00974,2024-10-22,October,2024,Gati Kinetic,Road,Household,India,North,Delhi,Delhi,110001,Delhi,India,West,Maharashtra,Pune,411001,Pune,1441,160.5,2,Delivered,3546.39,2024-10-22,32ft Container,25000,38.0,0.1793,Accepted,2024-10-24,2024-10-24,0,On-Time,Outbound
SHP-00975,LD-00975,2024-12-22,December,2024,Blue Dart,Road,Food & Beverages,India,South,Karnataka,Bangalore,560001,Bangalore,India,South,Kerala,Kochi,682001,Kochi,636,172.7,2,Delivered,2042.55,2024-12-22,20ft Container,18000,28.0,0.1892,Rejected,2024-12-24,2024-12-24,0,On-Time,Outbound
SHP-00976,LD-00976,2024-12-04,December,2024,DTDC,Road,Personal Care,India,South,Karnataka,Bangalore,560001,Bangalore,India,North,Uttar Pradesh,Lucknow,226001,Lucknow,2089,58.2,4,Delivered,4657.34,2024-12-04,MCV,8000,18.0,0.0703,Accepted,2024-12-08,2024-12-10,2,Delayed,Outbound
SHP-00977,LD-00977,2025-01-18,January,2025,Ekart Logistics,Road,Household,India,South,Karnataka,Bangalore,560001,Bangalore,India,West,Gujarat,Ahmedabad,380001,Ahmedabad,1503,243.4,2,Delivered,3000.33,2025-01-18,32ft Container,25000,38.0,0.2793,Accepted,2025-01-20,2025-01-24,4,Delayed,Outbound
SHP-00978,LD-00978,2024-10-10,October,2024,Gati Kinetic,Road,Household,India,South,Karnataka,Bangalore,560001,Bangalore,India,South,Kerala,Kochi,682001,Kochi,626,180.6,1,Delivered,1617.16,2024-10-10,MCV,8000,18.0,0.2265,Accepted,2024-10-11,2024-10-11,0,On-Time,Outbound
SHP-00979,LD-00979,2024-10-07,October,2024,DTDC,Road,Household,India,North,Delhi,Delhi,110001,Delhi,India,North,Punjab,Chandigarh,160001,Chandigarh,246,141.5,2,Delivered,582.72,2024-10-07,MCV,8000,18.0,0.1573,Accepted,2024-10-09,2024-10-09,0,On-Time,Outbound
SHP-00980,LD-00980,2024-12-28,December,2024,Gati Kinetic,Road,Household,India,West,Maharashtra,Mumbai,400001,Mumbai,India,South,Kerala,Kochi,682001,Kochi,1225,144.8,4,Delivered,2758.29,2024-12-28,32ft Container,25000,38.0,0.1603,Accepted,2025-01-01,2025-01-01,0,On-Time,Outbound
SHP-00981,LD-00981,2024-12-28,December,2024,DTDC,Road,Food & Beverages,India,South,Karnataka,Bangalore,560001,Bangalore,India,West,Maharashtra,Nagpur,440001,Nagpur,1049,193.6,3,Delivered,2494.58,2024-12-28,MCV,8000,18.0,0.2171,Accepted,2024-12-31,2024-12-31,0,On-Time,Outbound
SHP-00982,LD-00982,2024-10-22,October,2024,Blue Dart,Road,Food & Beverages,India,South,Karnataka,Bangalore,560001,Bangalore,India,North,Punjab,Chandigarh,160001,Chandigarh,2330,765.0,1,Delivered,7370.97,2024-10-22,32ft Container,25000,38.0,0.9304,Accepted,2024-10-23,2024-10-23,0,On-Time,Outbound
SHP-00983,LD-00983,2024-11-09,November,2024,Delhivery,Road,Personal Care,India,West,Maharashtra,Mumbai,400001,Mumbai,India,West,Maharashtra,Nagpur,440001,Nagpur,815,124.9,2,Delivered,2274.97,2024-11-09,MCV,8000,18.0,0.1368,Accepted,2024-11-11,2024-11-11,0,On-Time,Outbound
SHP-00984,LD-00984,2025-02-04,February,2025,Ekart Logistics,Road,Personal Care,India,West,Maharashtra,Mumbai,400001,Mumbai,India,West,Maharashtra,Pune,411001,Pune,120,152.0,3,Delivered,260.17,2025-02-04,20ft Container,18000,28.0,0.1894,Accepted,2025-02-07,2025-02-07,0,On-Time,Outbound
SHP-00985,LD-00985,2024-12-01,December,2024,DTDC,Road,Food & Beverages,India,West,Maharashtra,Mumbai,400001,Mumbai,India,North,Rajasthan,Jaipur,302001,Jaipur,1160,345.7,3,Delivered,2469.63,2024-12-01,MCV,8000,18.0,0.4093,Accepted,2024-12-04,2024-12-04,0,On-Time,Outbound
SHP-00986,LD-00986,2024-10-11,October,2024,Ekart Logistics,Road,Personal Care,India,West,Maharashtra,Mumbai,400001,Mumbai,India,North,Rajasthan,Jaipur,302001,Jaipur,1165,22.1,4,Delivered,2354.38,2024-10-11,32ft Container,25000,38.0,0.0223,Accepted,2024-10-15,2024-10-15,0,On-Time,Outbound
SHP-00987,LD-00987,2025-02-17,February,2025,Blue Dart,Road,Household,India,West,Maharashtra,Mumbai,400001,Mumbai,India,South,Telangana,Hyderabad,500001,Hyderabad,717,346.2,1,Delivered,2380.73,2025-02-17,20ft Container,18000,28.0,0.3953,Accepted,2025-02-18,2025-02-18,0,On-Time,Outbound
SHP-00988,LD-00988,2024-10-17,October,2024,Ekart Logistics,Road,Household,India,West,Maharashtra,Mumbai,400001,Mumbai,India,West,Maharashtra,Nagpur,440001,Nagpur,856,1582.5,4,Delivered,1667.48,2024-10-17,20ft Container,18000,28.0,1.9591,Accepted,2024-10-21,2024-10-21,0,On-Time,Outbound
SHP-00989,LD-00989,2024-10-09,October,2024,Gati Kinetic,Road,Household,India,South,Karnataka,Bangalore,560001,Bangalore,India,South,Tamil Nadu,Chennai,600001,Chennai,358,255.7,3,Delivered,942.3,2024-10-09,LCV,3500,9.0,0.2981,Accepted,2024-10-12,2024-10-15,3,Delayed,Outbound
SHP-00990,LD-00990,2024-10-14,October,2024,Gati Kinetic,Road,Personal Care,India,South,Karnataka,Bangalore,560001,Bangalore,India,West,Maharashtra,Nagpur,440001,Nagpur,1061,111.3,2,Delivered,2454.0,2024-10-14,20ft Container,18000,28.0,0.1406,Accepted,2024-10-16,2024-10-16,0,On-Time,Outbound
SHP-00991,LD-00991,2024-11-07,November,2024,DTDC,Road,Household,India,South,Karnataka,Bangalore,560001,Bangalore,India,South,Telangana,Hyderabad,500001,Hyderabad,535,196.9,3,Delivered,1232.23,2024-11-07,Reefer 20ft,15000,26.0,0.2255,Rejected,2024-11-10,2024-11-14,4,Delayed,Outbound
SHP-00992,LD-00992,2024-12-07,December,2024,Gati Kinetic,Road,Household,India,West,Maharashtra,Mumbai,400001,Mumbai,India,South,Telangana,Hyderabad,500001,Hyderabad,734,1002.3,3,Delivered,1935.52,2024-12-07,Reefer 20ft,15000,26.0,1.2018,Accepted,2024-12-10,2024-12-10,0,On-Time,Outbound
SHP-00993,LD-00993,2024-11-28,November,2024,Delhivery,Road,Food & Beverages,India,South,Karnataka,Bangalore,560001,Bangalore,India,West,Maharashtra,Pune,411001,Pune,865,729.3,2,Delivered,2252.95,2024-11-28,LCV,3500,9.0,0.8051,Accepted,2024-11-30,2024-11-30,0,On-Time,Outbound
SHP-00994,LD-00994,2024-09-20,September,2024,Delhivery,Road,Household,India,North,Delhi,Delhi,110001,Delhi,India,North,Rajasthan,Jaipur,302001,Jaipur,250,806.2,2,Delivered,679.0,2024-09-20,20ft Container,18000,28.0,0.9702,Accepted,2024-09-22,2024-09-22,0,On-Time,Outbound
SHP-00995,LD-00995,2024-10-10,October,2024,Blue Dart,Road,Personal Care,India,West,Maharashtra,Mumbai,400001,Mumbai,India,West,Maharashtra,Nagpur,440001,Nagpur,845,160.8,4,Delivered,2508.62,2024-10-10,20ft Container,18000,28.0,0.1828,Accepted,2024-10-14,2024-10-14,0,On-Time,Outbound
SHP-00996,LD-00996,2024-09-24,September,2024,Blue Dart,Road,Household,India,North,Delhi,Delhi,110001,Delhi,India,North,Uttar Pradesh,Lucknow,226001,Lucknow,565,224.9,2,Delivered,1818.61,2024-09-24,LCV,3500,9.0,0.2707,Accepted,2024-09-26,2024-09-26,0,On-Time,Outbound
SHP-00997,LD-00997,2024-10-18,October,2024,Ekart Logistics,Road,Food & Beverages,India,North,Delhi,Delhi,110001,Delhi,India,South,Kerala,Kochi,682001,Kochi,2686,587.5,3,Delivered,4989.4,2024-10-18,32ft Container,25000,38.0,0.7176,Accepted,2024-10-21,2024-10-25,4,Delayed,Outbound
SHP-00998,LD-00998,2024-10-19,October,2024,Blue Dart,Road,Household,India,North,Delhi,Delhi,110001,Delhi,India,North,Rajasthan,Jaipur,302001,Jaipur,288,197.4,1,Delivered,905.43,2024-10-19,LCV,3500,9.0,0.2474,Accepted,2024-10-20,2024-10-20,0,On-Time,Outbound
SHP-00999,LD-00999,2024-11-28,November,2024,DTDC,Road,Household,India,North,Delhi,Delhi,110001,Delhi,India,North,Punjab,Chandigarh,160001,Chandigarh,242,252.7,2,Delivered,575.28,2024-11-28,MCV,8000,18.0,0.2918,Rejected,2024-11-30,2024-12-03,3,Delayed,Outbound
SHP-01000,LD-01000,2024-09-04,September,2024,Gati Kinetic,Road,Household,India,West,Maharashtra,Mumbai,400001,Mumbai,India,North,Rajasthan,Jaipur,302001,Jaipur,1173,832.5,2,Delivered,3073.8,2024-09-04,Reefer 20ft,15000,26.0,0.9633,Accepted,2024-09-06,2024-09-06,0,On-Time,Outbound
SHP-01001,LD-01001,2024-12-01,December,2024,Gati Kinetic,Road,Personal Care,India,South,Karnataka,Bangalore,560001,Bangalore,India,West,Maharashtra,Pune,411001,Pune,820,120.9,2,Delivered,1788.01,2024-12-01,Reefer 20ft,15000,26.0,0.1275,Accepted,2024-12-03,2024-12-03,0,On-Time,Outbound
SHP-01002,LD-01002,2024-12-13,December,2024,DTDC,Road,Food & Beverages,India,West,Maharashtra,Mumbai,400001,Mumbai,India,South,Kerala,Kochi,682001,Kochi,1235,62.5,3,Delivered,2521.07,2024-12-13,20ft Container,18000,28.0,0.0724,Accepted,2024-12-16,2024-12-20,4,Delayed,Outbound
SHP-01003,LD-01003,2024-12-03,December,2024,Gati Kinetic,Road,Household,India,South,Karnataka,Bangalore,560001,Bangalore,India,North,Uttar Pradesh,Lucknow,226001,Lucknow,2049,251.9,3,Delivered,4692.27,2024-12-03,MCV,8000,18.0,0.3015,Accepted,2024-12-06,2024-12-06,0,On-Time,Outbound
SHP-01004,LD-01004,2024-11-17,November,2024,Delhivery,Road,Household,India,West,Maharashtra,Mumbai,400001,Mumbai,India,North,Punjab,Chandigarh,160001,Chandigarh,1567,220.2,1,Delivered,4438.7,2024-11-17,MCV,8000,18.0,0.2705,Accepted,2024-11-18,2024-11-18,0,On-Time,Outbound
SHP-01005,LD-01005,2024-09-28,September,2024,DTDC,Road,Personal Care,India,South,Karnataka,Bangalore,560001,Bangalore,India,West,Gujarat,Ahmedabad,380001,Ahmedabad,1479,171.7,3,Delivered,3339.38,2024-09-28,20ft Container,18000,28.0,0.2103,Accepted,2024-10-01,2024-10-01,0,On-Time,Outbound
SHP-01006,LD-01006,2025-02-04,February,2025,Gati Kinetic,Road,Household,India,West,Maharashtra,Mumbai,400001,Mumbai,India,West,Maharashtra,Nagpur,440001,Nagpur,823,137.4,2,Delivered,2001.01,2025-02-04,32ft Container,25000,38.0,0.1616,Accepted,2025-02-06,2025-02-06,0,On-Time,Outbound
SHP-01007,LD-01007,2024-12-16,December,2024,DTDC,Road,Food & Beverages,India,North,Delhi,Delhi,110001,Delhi,India,South,Kerala,Kochi,682001,Kochi,2720,331.5,4,Delivered,5781.81,2024-12-16,Reefer 20ft,15000,26.0,0.383,Accepted,2024-12-20,2024-12-23,3,Delayed,Outbound
SHP-01008,LD-01008,2024-10-29,October,2024,Ekart Logistics,Road,Food & Beverages,India,North,Delhi,Delhi,110001,Delhi,India,West,Maharashtra,Pune,411001,Pune,1450,640.1,3,Delivered,2906.36,2024-10-29,20ft Container,18000,28.0,0.8023,Accepted,2024-11-01,2024-11-01,0,On-Time,Outbound
SHP-01009,LD-01009,2024-09-21,September,2024,DTDC,Road,Personal Care,India,North,Delhi,Delhi,110001,Delhi,India,West,Maharashtra,Nagpur,440001,Nagpur,1095,41.5,1,Delivered,2237.04,2024-09-21,LCV,3500,9.0,0.0543,Accepted,2024-09-22,2024-09-25,3,Delayed,Outbound
SHP-01010,LD-01010,2024-10-28,October,2024,Delhivery,Road,Food & Beverages,India,North,Delhi,Delhi,110001,Delhi,India,South,Kerala,Kochi,682001,Kochi,2690,512.9,3,Delivered,6972.6,2024-10-28,LCV,3500,9.0,0.6018,Accepted,2024-10-31,2024-10-31,0,On-Time,Outbound
SHP-01011,LD-01011,2025-01-31,January,2025,Delhivery,Road,Personal Care,India,South,Karnataka,Bangalore,560001,Bangalore,India,South,Telangana,Hyderabad,500001,Hyderabad,562,252.6,2,Delivered,1519.84,2025-01-31,MCV,8000,18.0,0.3132,Accepted,2025-02-02,2025-02-02,0,On-Time,Outbound
SHP-01012,LD-01012,2024-10-07,October,2024,Delhivery,Road,Food & Beverages,India,West,Maharashtra,Mumbai,400001,Mumbai,India,South,Tamil Nadu,Chennai,600001,Chennai,1328,480.2,3,Delivered,3539.73,2024-10-07,32ft Container,25000,38.0,0.5645,Accepted,2024-10-10,2024-10-10,0,On-Time,Outbound
SHP-01013,LD-01013,2024-09-28,September,2024,DTDC,Road,Household,India,South,Karnataka,Bangalore,560001,Bangalore,India,South,Kerala,Kochi,682001,Kochi,617,80.5,2,Delivered,1235.89,2024-09-28,20ft Container,18000,28.0,0.0915,Accepted,2024-09-30,2024-09-30,0,On-Time,Outbound
SHP-01014,LD-01014,2024-11-20,November,2024,Delhivery,Road,Personal Care,India,West,Maharashtra,Mumbai,400001,Mumbai,India,West,Maharashtra,Pune,411001,Pune,140,92.1,3,Delivered,372.23,2024-11-20,32ft Container,25000,38.0,0.1093,Accepted,2024-11-23,2024-11-23,0,On-Time,Outbound
SHP-01015,LD-01015,2025-01-23,January,2025,DTDC,Road,Personal Care,India,South,Karnataka,Bangalore,560001,Bangalore,India,South,Tamil Nadu,Chennai,600001,Chennai,329,52.6,4,Delivered,666.22,2025-01-23,32ft Container,25000,38.0,0.0732,Accepted,2025-01-27,2025-01-27,0,On-Time,Outbound
SHP-01016,LD-01016,2024-12-02,December,2024,Blue Dart,Road,Personal Care,India,South,Karnataka,Bangalore,560001,Bangalore,India,South,Telangana,Hyderabad,500001,Hyderabad,568,145.4,2,Delivered,1787.19,2024-12-02,20ft Container,18000,28.0,0.1719,Accepted,2024-12-04,2024-12-04,0,On-Time,Outbound
SHP-01017,LD-01017,2024-09-23,September,2024,Ekart Logistics,Road,Household,India,South,Karnataka,Bangalore,560001,Bangalore,India,North,Uttar Pradesh,Lucknow,226001,Lucknow,2043,246.6,3,Delivered,4202.78,2024-09-23,20ft Container,18000,28.0,0.3153,Accepted,2024-09-26,2024-09-29,3,Delayed,Outbound
SHP-01018,LD-01018,2024-10-27,October,2024,Blue Dart,Road,Personal Care,India,West,Maharashtra,Mumbai,400001,Mumbai,India,West,Gujarat,Ahmedabad,380001,Ahmedabad,501,115.1,2,Delivered,1606.49,2024-10-27,MCV,8000,18.0,0.1529,Accepted,2024-10-29,2024-10-31,2,Delayed,Outbound
SHP-01019,LD-01019,2024-09-18,September,2024,Ekart Logistics,Road,Personal Care,India,North,Delhi,Delhi,110001,Delhi,India,North,Punjab,Chandigarh,160001,Chandigarh,252,58.2,3,Delivered,544.18,2024-09-18,LCV,3500,9.0,0.069,Accepted,2024-09-21,2024-09-21,0,On-Time,Outbound
SHP-01020,LD-01020,2024-09-02,September,2024,Ekart Logistics,Road,Household,India,North,Delhi,Delhi,110001,Delhi,India,North,Uttar Pradesh,Lucknow,226001,Lucknow,578,112.2,3,Delivered,1087.01,2024-09-02,32ft Container,25000,38.0,0.1303,Accepted,2024-09-05,2024-09-05,0,On-Time,Outbound
SHP-01021,LD-01021,2024-11-06,November,2024,DTDC,Road,Food & Beverages,India,West,Maharashtra,Mumbai,400001,Mumbai,India,South,Telangana,Hyderabad,500001,Hyderabad,687,432.8,2,Delivered,1372.85,2024-11-06,32ft Container,25000,38.0,0.5061,Accepted,2024-11-08,2024-11-08,0,On-Time,Outbound
SHP-01022,LD-01022,2025-01-24,January,2025,Delhivery,Road,Personal Care,India,South,Karnataka,Bangalore,560001,Bangalore,India,South,Telangana,Hyderabad,500001,Hyderabad,558,172.7,2,Delivered,1440.29,2025-01-24,LCV,3500,9.0,0.2392,Accepted,2025-01-26,2025-01-26,0,On-Time,Outbound
SHP-01023,LD-01023,2024-10-26,October,2024,DTDC,Road,Personal Care,India,North,Delhi,Delhi,110001,Delhi,India,West,Maharashtra,Nagpur,440001,Nagpur,1079,54.2,3,Delivered,2603.69,2024-10-26,LCV,3500,9.0,0.0634,Accepted,2024-10-29,2024-10-29,0,On-Time,Outbound
SHP-01024,LD-01024,2025-01-22,January,2025,Gati Kinetic,Road,Household,India,North,Delhi,Delhi,110001,Delhi,India,South,Kerala,Kochi,682001,Kochi,2726,1120.6,3,Delivered,5888.51,2025-01-22,20ft Container,18000,28.0,1.2152,Rejected,2025-01-25,2025-01-25,0,On-Time,Outbound
SHP-01025,LD-01025,2024-09-01,September,2024,DTDC,Road,Personal Care,India,North,Delhi,Delhi,110001,Delhi,India,West,Gujarat,Ahmedabad,380001,Ahmedabad,947,92.5,2,Delivered,2240.26,2024-09-01,MCV,8000,18.0,0.1153,Rejected,2024-09-03,2024-09-03,0,On-Time,Outbound
SHP-01026,LD-01026,2024-09-09,September,2024,DTDC,Road,Household,India,West,Maharashtra,Mumbai,400001,Mumbai,India,West,Gujarat,Ahmedabad,380001,Ahmedabad,507,737.9,4,Delivered,1208.96,2024-09-09,32ft Container,25000,38.0,0.8819,Accepted,2024-09-13,2024-09-13,0,On-Time,Outbound
SHP-01027,LD-01027,2024-10-15,October,2024,Gati Kinetic,Road,Household,India,South,Karnataka,Bangalore,560001,Bangalore,India,West,Gujarat,Ahmedabad,380001,Ahmedabad,1490,733.2,3,Delivered,3263.66,2024-10-15,Reefer 20ft,15000,26.0,0.8705,Accepted,2024-10-18,2024-10-18,0,On-Time,Outbound
SHP-01028,LD-01028,2024-12-06,December,2024,Gati Kinetic,Road,Food & Beverages,India,North,Delhi,Delhi,110001,Delhi,India,North,Rajasthan,Jaipur,302001,Jaipur,307,399.7,3,Delivered,669.61,2024-12-06,Reefer 20ft,15000,26.0,0.5128,Rejected,2024-12-09,2024-12-09,0,On-Time,Outbound
SHP-01029,LD-01029,2024-10-22,October,2024,Gati Kinetic,Road,Household,India,West,Maharashtra,Mumbai,400001,Mumbai,India,South,Tamil Nadu,Chennai,600001,Chennai,1355,601.4,3,Delivered,3293.11,2024-10-22,20ft Container,18000,28.0,0.6893,Accepted,2024-10-25,2024-10-25,0,On-Time,Outbound
SHP-01030,LD-01030,2024-09-13,September,2024,Delhivery,Road,Food & Beverages,India,South,Karnataka,Bangalore,560001,Bangalore,India,South,Kerala,Kochi,682001,Kochi,652,262.9,2,Delivered,1831.43,2024-09-13,LCV,3500,9.0,0.3127,Accepted,2024-09-15,2024-09-15,0,On-Time,Outbound
SHP-01031,LD-01031,2025-02-11,February,2025,DTDC,Road,Food & Beverages,India,South,Karnataka,Bangalore,560001,Bangalore,India,North,Uttar Pradesh,Lucknow,226001,Lucknow,2083,389.5,3,Delivered,4621.34,2025-02-11,MCV,8000,18.0,0.5015,Accepted,2025-02-14,2025-02-14,0,On-Time,Outbound
SHP-01032,LD-01032,2024-11-04,November,2024,Ekart Logistics,Road,Food & Beverages,India,West,Maharashtra,Mumbai,400001,Mumbai,India,North,Rajasthan,Jaipur,302001,Jaipur,1186,340.9,4,Delivered,2155.08,2024-11-04,32ft Container,25000,38.0,0.4286,Accepted,2024-11-08,2024-11-08,0,On-Time,Outbound
SHP-01033,LD-01033,2024-11-27,November,2024,Ekart Logistics,Road,Food & Beverages,India,South,Karnataka,Bangalore,560001,Bangalore,India,North,Uttar Pradesh,Lucknow,226001,Lucknow,2045,240.3,3,Delivered,4354.58,2024-11-27,MCV,8000,18.0,0.2893,Accepted,2024-11-30,2024-11-30,0,On-Time,Outbound
SHP-01034,LD-01034,2025-01-12,January,2025,Blue Dart,Road,Food & Beverages,India,South,Karnataka,Bangalore,560001,Bangalore,India,Central,Madhya Pradesh,Bhopal,462001,Bhopal,1463,841.1,2,Delivered,4878.0,2025-01-12,32ft Container,25000,38.0,0.9597,Accepted,2025-01-14,2025-01-14,0,On-Time,Outbound
SHP-01035,LD-01035,2025-01-19,January,2025,DTDC,Road,Food & Beverages,India,North,Delhi,Delhi,110001,Delhi,India,West,Maharashtra,Pune,411001,Pune,1444,386.1,1,Delivered,3266.05,2025-01-19,20ft Container,18000,28.0,0.4883,Accepted,2025-01-20,2025-01-20,0,On-Time,Outbound
SHP-01036,LD-01036,2025-01-08,January,2025,Blue Dart,Road,Food & Beverages,India,South,Karnataka,Bangalore,560001,Bangalore,India,South,Telangana,Hyderabad,500001,Hyderabad,554,219.2,2,Delivered,1888.11,2025-01-08,MCV,8000,18.0,0.253,Accepted,2025-01-10,2025-01-10,0,On-Time,Outbound
SHP-01037,LD-01037,2024-09-05,September,2024,Blue Dart,Road,Personal Care,India,North,Delhi,Delhi,110001,Delhi,India,South,Telangana,Hyderabad,500001,Hyderabad,1600,12.3,2,Delivered,4974.09,2024-09-05,MCV,8000,18.0,0.0176,Accepted,2024-09-07,2024-09-07,0,On-Time,Outbound
SHP-01038,LD-01038,2024-11-27,November,2024,DTDC,Road,Personal Care,India,South,Karnataka,Bangalore,560001,Bangalore,India,West,Maharashtra,Nagpur,440001,Nagpur,1067,74.1,3,Delivered,2132.32,2024-11-27,Reefer 20ft,15000,26.0,0.0732,Accepted,2024-11-30,2024-11-30,0,On-Time,Outbound
SHP-01039,LD-01039,2024-11-29,November,2024,DTDC,Road,Food & Beverages,India,North,Delhi,Delhi,110001,Delhi,India,South,Kerala,Kochi,682001,Kochi,2726,298.3,2,Delivered,5818.55,2024-11-29,Reefer 20ft,15000,26.0,0.3619,Accepted,2024-12-01,2024-12-01,0,On-Time,Outbound
SHP-01040,LD-01040,2024-09-10,September,2024,Gati Kinetic,Road,Household,India,West,Maharashtra,Mumbai,400001,Mumbai,India,West,Gujarat,Ahmedabad,380001,Ahmedabad,529,786.5,1,Delivered,1239.09,2024-09-10,20ft Container,18000,28.0,0.9589,Accepted,2024-09-11,2024-09-15,4,Delayed,Outbound
SHP-01041,LD-01041,2024-11-22,November,2024,Blue Dart,Road,Personal Care,India,South,Karnataka,Bangalore,560001,Bangalore,India,South,Kerala,Kochi,682001,Kochi,669,18.6,2,Delivered,2143.5,2024-11-22,20ft Container,18000,28.0,0.0189,Rejected,2024-11-24,2024-11-24,0,On-Time,Outbound
SHP-01042,LD-01042,2025-01-23,January,2025,DTDC,Road,Household,India,North,Delhi,Delhi,110001,Delhi,India,South,Kerala,Kochi,682001,Kochi,2727,839.1,1,Delivered,5941.48,2025-01-23,32ft Container,25000,38.0,1.0488,Accepted,2025-01-24,2025-01-25,1,Delayed,Outbound
SHP-01043,LD-01043,2024-11-24,November,2024,Ekart Logistics,Road,Household,India,North,Delhi,Delhi,110001,Delhi,India,South,Tamil Nadu,Chennai,600001,Chennai,2199,1162.1,2,Delivered,4289.56,2024-11-24,32ft Container,25000,38.0,1.4143,Accepted,2024-11-26,2024-11-26,0,On-Time,Outbound
SHP-01044,LD-01044,2025-01-05,January,2025,Ekart Logistics,Road,Personal Care,India,North,Delhi,Delhi,110001,Delhi,India,West,Maharashtra,Pune,411001,Pune,1466,47.1,1,Delivered,2652.68,2025-01-05,Reefer 20ft,15000,26.0,0.063,Accepted,2025-01-06,2025-01-06,0,On-Time,Outbound
SHP-01045,LD-01045,2025-01-13,January,2025,Blue Dart,Road,Personal Care,India,South,Karnataka,Bangalore,560001,Bangalore,India,North,Punjab,Chandigarh,160001,Chandigarh,2274,76.3,1,Delivered,6676.09,2025-01-13,20ft Container,18000,28.0,0.0979,Accepted,2025-01-14,2025-01-14,0,On-Time,Outbound
SHP-01046,LD-01046,2024-12-12,December,2024,Gati Kinetic,Road,Food & Beverages,India,South,Karnataka,Bangalore,560001,Bangalore,India,West,Maharashtra,Pune,411001,Pune,846,1199.9,3,Delivered,1903.21,2024-12-12,20ft Container,18000,28.0,1.4229,Accepted,2024-12-15,2024-12-15,0,On-Time,Outbound
SHP-01047,LD-01047,2025-01-21,January,2025,DTDC,Road,Personal Care,India,South,Karnataka,Bangalore,560001,Bangalore,India,Central,Madhya Pradesh,Bhopal,462001,Bhopal,1439,21.9,4,Delivered,2933.57,2025-01-21,32ft Container,25000,38.0,0.0212,Accepted,2025-01-25,2025-01-25,0,On-Time,Outbound
SHP-01048,LD-01048,2025-01-09,January,2025,Blue Dart,Road,Household,India,North,Delhi,Delhi,110001,Delhi,India,West,Maharashtra,Pune,411001,Pune,1450,412.7,3,Delivered,5030.44,2025-01-09,32ft Container,25000,38.0,0.4598,Accepted,2025-01-12,2025-01-12,0,On-Time,Outbound
SHP-01049,LD-01049,2025-01-01,January,2025,Gati Kinetic,Road,Food & Beverages,India,North,Delhi,Delhi,110001,Delhi,India,South,Telangana,Hyderabad,500001,Hyderabad,1594,352.7,3,Delivered,3833.15,2025-01-01,32ft Container,25000,38.0,0.3774,Accepted,2025-01-04,2025-01-04,0,On-Time,Outbound
SHP-01050,LD-01050,2024-09-19,September,2024,Ekart Logistics,Road,Household,India,North,Delhi,Delhi,110001,Delhi,India,South,Kerala,Kochi,682001,Kochi,2722,944.5,4,Delivered,5185.38,2024-09-19,32ft Container,25000,38.0,1.081,Rejected,2024-09-23,2024-09-23,0,On-Time,Outbound
SHP-01051,LD-01051,2024-12-11,December,2024,DTDC,Road,Personal Care,India,West,Maharashtra,Mumbai,400001,Mumbai,India,West,Gujarat,Ahmedabad,380001,Ahmedabad,530,148.7,2,Delivered,1192.79,2024-12-11,32ft Container,25000,38.0,0.196,Accepted,2024-12-13,2024-12-13,0,On-Time,Outbound
SHP-01052,LD-01052,2025-02-01,February,2025,Delhivery,Road,Personal Care,India,West,Maharashtra,Mumbai,400001,Mumbai,India,North,Uttar Pradesh,Lucknow,226001,Lucknow,1425,41.1,1,Delivered,3856.52,2025-02-01,Reefer 20ft,15000,26.0,0.0538,Accepted,2025-02-02,2025-02-02,0,On-Time,Outbound
SHP-01053,LD-01053,2024-11-11,November,2024,DTDC,Road,Food & Beverages,India,South,Karnataka,Bangalore,560001,Bangalore,India,West,Gujarat,Ahmedabad,380001,Ahmedabad,1492,458.4,1,Delivered,3274.38,2024-11-11,MCV,8000,18.0,0.5739,Accepted,2024-11-12,2024-11-15,3,Delayed,Outbound
SHP-01054,LD-01054,2025-02-02,February,2025,Ekart Logistics,Road,Food & Beverages,India,South,Karnataka,Bangalore,560001,Bangalore,India,West,Maharashtra,Nagpur,440001,Nagpur,1064,142.6,4,Delivered,2135.23,2025-02-02,LCV,3500,9.0,0.1773,Accepted,2025-02-06,2025-02-06,0,On-Time,Outbound
SHP-01055,LD-01055,2024-11-13,November,2024,DTDC,Road,Household,India,West,Maharashtra,Mumbai,400001,Mumbai,India,South,Tamil Nadu,Chennai,600001,Chennai,1352,492.8,3,Delivered,2876.24,2024-11-13,32ft Container,25000,38.0,0.639,Accepted,2024-11-16,2024-11-16,0,On-Time,Outbound
SHP-01056,LD-01056,2024-12-18,December,2024,Ekart Logistics,Road,Personal Care,India,West,Maharashtra,Mumbai,400001,Mumbai,India,South,Tamil Nadu,Chennai,600001,Chennai,1312,130.7,5,Delivered,2722.19,2024-12-18,LCV,3500,9.0,0.1857,Accepted,2024-12-23,2024-12-23,0,On-Time,Outbound
SHP-01057,LD-01057,2024-10-23,October,2024,DTDC,Road,Personal Care,India,South,Karnataka,Bangalore,560001,Bangalore,India,Central,Madhya Pradesh,Bhopal,462001,Bhopal,1431,121.1,2,Delivered,3392.04,2024-10-23,LCV,3500,9.0,0.1352,Accepted,2024-10-25,2024-10-25,0,On-Time,Outbound
SHP-01058,LD-01058,2025-01-02,January,2025,Gati Kinetic,Road,Food & Beverages,India,West,Maharashtra,Mumbai,400001,Mumbai,India,South,Telangana,Hyderabad,500001,Hyderabad,687,151.3,2,Delivered,1802.64,2025-01-02,LCV,3500,9.0,0.1811,Accepted,2025-01-04,2025-01-08,4,Delayed,Outbound
SHP-01059,LD-01059,2024-10-19,October,2024,Blue Dart,Road,Food & Beverages,India,West,Maharashtra,Mumbai,400001,Mumbai,India,West,Gujarat,Ahmedabad,380001,Ahmedabad,512,251.4,2,Delivered,1561.62,2024-10-19,MCV,8000,18.0,0.2787,Accepted,2024-10-21,2024-10-21,0,On-Time,Outbound
SHP-01060,LD-01060,2024-09-28,September,2024,Ekart Logistics,Road,Food & Beverages,India,South,Karnataka,Bangalore,560001,Bangalore,India,South,Kerala,Kochi,682001,Kochi,612,117.1,4,Delivered,1308.99,2024-09-28,20ft Container,18000,28.0,0.1432,Accepted,2024-10-02,2024-10-02,0,On-Time,Outbound
SHP-01061,LD-01061,2024-10-03,October,2024,DTDC,Road,Personal Care,India,South,Karnataka,Bangalore,560001,Bangalore,India,Central,Madhya Pradesh,Bhopal,462001,Bhopal,1459,234.3,4,Delivered,3350.76,2024-10-03,LCV,3500,9.0,0.2583,Accepted,2024-10-07,2024-10-07,0,On-Time,Outbound
SHP-01062,LD-01062,2025-02-06,February,2025,Delhivery,Road,Food & Beverages,India,North,Delhi,Delhi,110001,Delhi,India,South,Telangana,Hyderabad,500001,Hyderabad,1575,817.8,2,Delivered,4163.89,2025-02-06,20ft Container,18000,28.0,0.9697,Accepted,2025-02-08,2025-02-08,0,On-Time,Outbound
SHP-01063,LD-01063,2025-01-17,January,2025,Delhivery,Road,Household,India,North,Delhi,Delhi,110001,Delhi,India,North,Punjab,Chandigarh,160001,Chandigarh,234,1158.4,3,Delivered,577.01,2025-01-17,MCV,8000,18.0,1.3357,Accepted,2025-01-20,2025-01-20,0,On-Time,Outbound
SHP-01064,LD-01064,2024-09-28,September,2024,DTDC,Road,Personal Care,India,North,Delhi,Delhi,110001,Delhi,India,South,Telangana,Hyderabad,500001,Hyderabad,1553,71.7,3,Delivered,3233.59,2024-09-28,MCV,8000,18.0,0.0716,Accepted,2024-10-01,2024-10-01,0,On-Time,Outbound
SHP-01065,LD-01065,2024-10-09,October,2024,Gati Kinetic,Road,Food & Beverages,India,West,Maharashtra,Mumbai,400001,Mumbai,India,South,Kerala,Kochi,682001,Kochi,1207,301.7,2,Delivered,3064.58,2024-10-09,MCV,8000,18.0,0.3663,Accepted,2024-10-11,2024-10-11,0,On-Time,Outbound
SHP-01066,LD-01066,2025-01-08,January,2025,Gati Kinetic,Road,Personal Care,India,West,Maharashtra,Mumbai,400001,Mumbai,India,West,Gujarat,Ahmedabad,380001,Ahmedabad,553,45.9,3,Delivered,1380.0,2025-01-08,Reefer 20ft,15000,26.0,0.0633,Accepted,2025-01-11,2025-01-11,0,On-Time,Outbound
SHP-01067,LD-01067,2024-11-20,November,2024,Delhivery,Road,Household,India,West,Maharashtra,Mumbai,400001,Mumbai,India,South,Telangana,Hyderabad,500001,Hyderabad,695,444.6,2,Delivered,1859.58,2024-11-20,Reefer 20ft,15000,26.0,0.5228,Rejected,2024-11-22,2024-11-22,0,On-Time,Outbound
SHP-01068,LD-01068,2025-01-25,January,2025,Gati Kinetic,Road,Household,India,South,Karnataka,Bangalore,560001,Bangalore,India,West,Gujarat,Ahmedabad,380001,Ahmedabad,1487,1116.5,4,Delivered,3393.88,2025-01-25,20ft Container,18000,28.0,1.364,Accepted,2025-01-29,2025-01-29,0,On-Time,Outbound
SHP-01069,LD-01069,2024-10-11,October,2024,Gati Kinetic,Road,Personal Care,India,West,Maharashtra,Mumbai,400001,Mumbai,India,South,Tamil Nadu,Chennai,600001,Chennai,1303,43.5,3,Delivered,3290.26,2024-10-11,LCV,3500,9.0,0.0472,Accepted,2024-10-14,2024-10-14,0,On-Time,Outbound
SHP-01070,LD-01070,2025-01-20,January,2025,Ekart Logistics,Road,Food & Beverages,India,North,Delhi,Delhi,110001,Delhi,India,North,Rajasthan,Jaipur,302001,Jaipur,267,447.9,2,Delivered,573.62,2025-01-20,MCV,8000,18.0,0.5288,Accepted,2025-01-22,2025-01-22,0,On-Time,Outbound
SHP-01071,LD-01071,2025-01-12,January,2025,Delhivery,Road,Personal Care,India,West,Maharashtra,Mumbai,400001,Mumbai,India,South,Tamil Nadu,Chennai,600001,Chennai,1318,131.0,3,Delivered,3459.66,2025-01-12,32ft Container,25000,38.0,0.1403,Accepted,2025-01-15,2025-01-15,0,On-Time,Outbound
SHP-01072,LD-01072,2024-10-21,October,2024,Blue Dart,Road,Household,India,North,Delhi,Delhi,110001,Delhi,India,South,Telangana,Hyderabad,500001,Hyderabad,1547,345.3,1,Delivered,5226.69,2024-10-21,Reefer 20ft,15000,26.0,0.4362,Accepted,2024-10-22,2024-10-22,0,On-Time,Outbound
SHP-01073,LD-01073,2025-01-15,January,2025,Delhivery,Road,Household,India,West,Maharashtra,Mumbai,400001,Mumbai,India,North,Uttar Pradesh,Lucknow,226001,Lucknow,1477,662.4,2,Delivered,3499.84,2025-01-15,Reefer 20ft,15000,26.0,0.7558,Accepted,2025-01-17,2025-01-17,0,On-Time,Outbound
SHP-01074,LD-01074,2024-10-04,October,2024,Delhivery,Road,Food & Beverages,India,North,Delhi,Delhi,110001,Delhi,India,South,Kerala,Kochi,682001,Kochi,2681,317.4,3,Delivered,7263.66,2024-10-04,MCV,8000,18.0,0.3759,Accepted,2024-10-07,2024-10-07,0,On-Time,Outbound
SHP-01075,LD-01075,2024-09-18,September,2024,Blue Dart,Road,Household,India,North,Delhi,Delhi,110001,Delhi,India,West,Maharashtra,Nagpur,440001,Nagpur,1106,949.1,3,Delivered,3556.93,2024-09-18,MCV,8000,18.0,1.1383,Accepted,2024-09-21,2024-09-21,0,On-Time,Outbound
SHP-01076,LD-01076,2025-01-26,January,2025,Ekart Logistics,Road,Household,India,South,Karnataka,Bangalore,560001,Bangalore,India,West,Maharashtra,Pune,411001,Pune,864,624.5,3,Delivered,1727.91,2025-01-26,Reefer 20ft,15000,26.0,0.7407,Accepted,2025-01-29,2025-01-29,0,On-Time,Outbound
SHP-01077,LD-01077,2024-12-04,December,2024,Ekart Logistics,Road,Household,India,North,Delhi,Delhi,110001,Delhi,India,North,Rajasthan,Jaipur,302001,Jaipur,263,137.7,4,Delivered,519.22,2024-12-04,20ft Container,18000,28.0,0.1685,Accepted,2024-12-08,2024-12-08,0,On-Time,Outbound
SHP-01078,LD-01078,2024-10-06,October,2024,Ekart Logistics,Road,Household,India,North,Delhi,Delhi,110001,Delhi,India,South,Kerala,Kochi,682001,Kochi,2686,174.1,4,Delivered,5357.79,2024-10-06,MCV,8000,18.0,0.2136,Accepted,2024-10-10,2024-10-10,0,On-Time,Outbound
SHP-01079,LD-01079,2024-12-28,December,2024,Delhivery,Road,Food & Beverages,India,West,Maharashtra,Mumbai,400001,Mumbai,India,West,Maharashtra,Pune,411001,Pune,178,108.8,3,Delivered,452.3,2024-12-28,MCV,8000,18.0,0.1254,Accepted,2024-12-31,2024-12-31,0,On-Time,Outbound
SHP-01080,LD-01080,2024-11-15,November,2024,Ekart Logistics,Road,Household,India,West,Maharashtra,Mumbai,400001,Mumbai,India,North,Rajasthan,Jaipur,302001,Jaipur,1134,292.2,3,Delivered,2201.09,2024-11-15,MCV,8000,18.0,0.3484,Accepted,2024-11-18,2024-11-18,0,On-Time,Outbound
SHP-01081,LD-01081,2024-09-26,September,2024,Blue Dart,Road,Food & Beverages,India,South,Karnataka,Bangalore,560001,Bangalore,India,North,Uttar Pradesh,Lucknow,226001,Lucknow,2061,298.2,2,Delivered,6988.95,2024-09-26,MCV,8000,18.0,0.3189,Accepted,2024-09-28,2024-09-28,0,On-Time,Outbound
SHP-01082,LD-01082,2024-12-04,December,2024,DTDC,Road,Food & Beverages,India,South,Karnataka,Bangalore,560001,Bangalore,India,West,Maharashtra,Pune,411001,Pune,812,281.1,2,Delivered,1845.82,2024-12-04,Reefer 20ft,15000,26.0,0.3266,Accepted,2024-12-06,2024-12-06,0,On-Time,Outbound
SHP-01083,LD-01083,2024-09-18,September,2024,Ekart Logistics,Road,Food & Beverages,India,South,Karnataka,Bangalore,560001,Bangalore,India,West,Maharashtra,Nagpur,440001,Nagpur,1035,276.0,4,Delivered,2118.39,2024-09-18,32ft Container,25000,38.0,0.3233,Accepted,2024-09-22,2024-09-22,0,On-Time,Outbound
SHP-01084,LD-01084,2024-11-17,November,2024,Blue Dart,Road,Household,India,North,Delhi,Delhi,110001,Delhi,India,West,Gujarat,Ahmedabad,380001,Ahmedabad,927,266.0,1,Delivered,2994.32,2024-11-17,32ft Container,25000,38.0,0.3385,Accepted,2024-11-18,2024-11-18,0,On-Time,Outbound
SHP-01085,LD-01085,2024-10-12,October,2024,Blue Dart,Road,Food & Beverages,India,North,Delhi,Delhi,110001,Delhi,India,West,Gujarat,Ahmedabad,380001,Ahmedabad,942,419.1,2,Delivered,2990.05,2024-10-12,20ft Container,18000,28.0,0.4821,Accepted,2024-10-14,2024-10-14,0,On-Time,Outbound
SHP-01086,LD-01086,2024-11-06,November,2024,Gati Kinetic,Road,Personal Care,India,South,Karnataka,Bangalore,560001,Bangalore,India,West,Maharashtra,Pune,411001,Pune,843,286.4,4,Delivered,1883.84,2024-11-06,LCV,3500,9.0,0.3305,Accepted,2024-11-10,2024-11-10,0,On-Time,Outbound
SHP-01087,LD-01087,2024-11-11,November,2024,Ekart Logistics,Road,Personal Care,India,South,Karnataka,Bangalore,560001,Bangalore,India,West,Maharashtra,Nagpur,440001,Nagpur,1061,58.0,3,Delivered,2322.64,2024-11-11,LCV,3500,9.0,0.062,Accepted,2024-11-14,2024-11-14,0,On-Time,Outbound
SHP-01088,LD-01088,2024-11-05,November,2024,DTDC,Road,Household,India,North,Delhi,Delhi,110001,Delhi,India,West,Maharashtra,Nagpur,440001,Nagpur,1079,743.5,2,Delivered,2566.16,2024-11-05,32ft Container,25000,38.0,0.9006,Accepted,2024-11-07,2024-11-07,0,On-Time,Outbound
SHP-01089,LD-01089,2024-12-02,December,2024,Ekart Logistics,Road,Household,India,South,Karnataka,Bangalore,560001,Bangalore,India,Central,Madhya Pradesh,Bhopal,462001,Bhopal,1469,202.0,2,Delivered,2828.68,2024-12-02,20ft Container,18000,28.0,0.2501,Accepted,2024-12-04,2024-12-04,0,On-Time,Outbound
SHP-01090,LD-01090,2024-10-10,October,2024,Gati Kinetic,Road,Food & Beverages,India,West,Maharashtra,Mumbai,400001,Mumbai,India,North,Punjab,Chandigarh,160001,Chandigarh,1599,97.1,3,Delivered,4189.33,2024-10-10,MCV,8000,18.0,0.1208,Accepted,2024-10-13,2024-10-16,3,Delayed,Outbound
SHP-01091,LD-01091,2024-11-13,November,2024,Delhivery,Road,Household,India,West,Maharashtra,Mumbai,400001,Mumbai,India,North,Punjab,Chandigarh,160001,Chandigarh,1590,451.0,3,Delivered,4330.31,2024-11-13,20ft Container,18000,28.0,0.5111,Accepted,2024-11-16,2024-11-16,0,On-Time,Outbound
SHP-01092,LD-01092,2025-02-13,February,2025,Blue Dart,Road,Food & Beverages,India,West,Maharashtra,Mumbai,400001,Mumbai,India,South,Kerala,Kochi,682001,Kochi,1223,127.2,1,Delivered,4058.92,2025-02-13,LCV,3500,9.0,0.1661,Accepted,2025-02-14,2025-02-14,0,On-Time,Outbound
SHP-01093,LD-01093,2024-09-11,September,2024,Blue Dart,Road,Personal Care,India,West,Maharashtra,Mumbai,400001,Mumbai,India,West,Maharashtra,Nagpur,440001,Nagpur,857,138.3,2,Delivered,2682.54,2024-09-11,32ft Container,25000,38.0,0.1897,Accepted,2024-09-13,2024-09-14,1,Delayed,Outbound
SHP-01094,LD-01094,2024-11-14,November,2024,Ekart Logistics,Road,Food & Beverages,India,North,Delhi,Delhi,110001,Delhi,India,South,Tamil Nadu,Chennai,600001,Chennai,2204,497.2,4,Delivered,4196.4,2024-11-14,Reefer 20ft,15000,26.0,0.5903,Accepted,2024-11-18,2024-11-18,0,On-Time,Outbound
SHP-01095,LD-01095,2025-01-06,January,2025,Blue Dart,Road,Household,India,South,Karnataka,Bangalore,560001,Bangalore,India,Central,Madhya Pradesh,Bhopal,462001,Bhopal,1480,298.3,2,Delivered,4744.41,2025-01-06,LCV,3500,9.0,0.3565,Accepted,2025-01-08,2025-01-08,0,On-Time,Outbound
SHP-01096,LD-01096,2024-10-31,October,2024,Gati Kinetic,Road,Personal Care,India,South,Karnataka,Bangalore,560001,Bangalore,India,North,Punjab,Chandigarh,160001,Chandigarh,2272,53.5,3,Delivered,4994.17,2024-10-31,32ft Container,25000,38.0,0.0606,Accepted,2024-11-03,2024-11-03,0,On-Time,Outbound
SHP-01097,LD-01097,2024-12-24,December,2024,Blue Dart,Road,Personal Care,India,North,Delhi,Delhi,110001,Delhi,India,North,Uttar Pradesh,Lucknow,226001,Lucknow,532,117.9,2,Delivered,1848.76,2024-12-24,MCV,8000,18.0,0.1381,Accepted,2024-12-26,2024-12-26,0,On-Time,Outbound
SHP-01098,LD-01098,2024-11-17,November,2024,Ekart Logistics,Road,Household,India,South,Karnataka,Bangalore,560001,Bangalore,India,Central,Madhya Pradesh,Bhopal,462001,Bhopal,1442,1468.2,3,Delivered,2633.7,2024-11-17,32ft Container,25000,38.0,1.7845,Rejected,2024-11-20,2024-11-20,0,On-Time,Outbound
SHP-01099,LD-01099,2025-01-06,January,2025,Delhivery,Road,Food & Beverages,India,West,Maharashtra,Mumbai,400001,Mumbai,India,North,Punjab,Chandigarh,160001,Chandigarh,1582,365.2,4,Delivered,3960.84,2025-01-06,MCV,8000,18.0,0.4352,Accepted,2025-01-10,2025-01-10,0,On-Time,Outbound
SHP-01100,LD-01100,2024-10-13,October,2024,Blue Dart,Road,Personal Care,India,South,Karnataka,Bangalore,560001,Bangalore,India,North,Uttar Pradesh,Lucknow,226001,Lucknow,2072,127.9,2,Delivered,6768.21,2024-10-13,32ft Container,25000,38.0,0.1606,Accepted,2024-10-15,2024-10-15,0,On-Time,Outbound
SHP-01101,LD-01101,2024-09-10,September,2024,Gati Kinetic,Road,Food & Beverages,India,North,Delhi,Delhi,110001,Delhi,India,North,Uttar Pradesh,Lucknow,226001,Lucknow,537,189.9,2,Delivered,1214.32,2024-09-10,Reefer 20ft,15000,26.0,0.2438,Accepted,2024-09-12,2024-09-12,0,On-Time,Outbound
SHP-01102,LD-01102,2025-01-14,January,2025,DTDC,Road,Household,India,South,Karnataka,Bangalore,560001,Bangalore,India,Central,Madhya Pradesh,Bhopal,462001,Bhopal,1449,681.3,2,Delivered,3483.72,2025-01-14,20ft Container,18000,28.0,0.7744,Accepted,2025-01-16,2025-01-16,0,On-Time,Outbound
SHP-01103,LD-01103,2024-09-12,September,2024,Gati Kinetic,Road,Household,India,West,Maharashtra,Mumbai,400001,Mumbai,India,Central,Madhya Pradesh,Bhopal,462001,Bhopal,786,1967.7,4,Delivered,1784.89,2024-09-12,Reefer 20ft,15000,26.0,2.3728,Accepted,2024-09-16,2024-09-17,1,Delayed,Outbound
SHP-01104,LD-01104,2024-11-07,November,2024,Gati Kinetic,Road,Personal Care,India,South,Karnataka,Bangalore,560001,Bangalore,India,South,Telangana,Hyderabad,500001,Hyderabad,560,182.1,3,Delivered,1280.93,2024-11-07,LCV,3500,9.0,0.2435,Accepted,2024-11-10,2024-11-10,0,On-Time,Outbound
SHP-01105,LD-01105,2024-11-01,November,2024,Gati Kinetic,Road,Household,India,North,Delhi,Delhi,110001,Delhi,India,South,Telangana,Hyderabad,500001,Hyderabad,1541,835.5,1,Delivered,3699.7,2024-11-01,MCV,8000,18.0,0.9765,Accepted,2024-11-02,2024-11-02,0,On-Time,Outbound
SHP-01106,LD-01106,2025-02-17,February,2025,Ekart Logistics,Road,Food & Beverages,India,South,Karnataka,Bangalore,560001,Bangalore,India,South,Tamil Nadu,Chennai,600001,Chennai,379,273.0,4,Delivered,832.17,2025-02-17,32ft Container,25000,38.0,0.3191,Accepted,2025-02-21,2025-02-23,2,Delayed,Outbound
SHP-01107,LD-01107,2025-02-15,February,2025,Ekart Logistics,Road,Household,India,West,Maharashtra,Mumbai,400001,Mumbai,India,North,Uttar Pradesh,Lucknow,226001,Lucknow,1430,230.4,3,Delivered,2950.07,2025-02-15,LCV,3500,9.0,0.3004,Accepted,2025-02-18,2025-02-18,0,On-Time,Outbound
SHP-01108,LD-01108,2024-10-23,October,2024,Gati Kinetic,Road,Household,India,West,Maharashtra,Mumbai,400001,Mumbai,India,North,Uttar Pradesh,Lucknow,226001,Lucknow,1460,676.4,2,Delivered,3201.67,2024-10-23,Reefer 20ft,15000,26.0,0.8309,Accepted,2024-10-25,2024-10-25,0,On-Time,Outbound
SHP-01109,LD-01109,2024-09-17,September,2024,Delhivery,Road,Household,India,North,Delhi,Delhi,110001,Delhi,India,West,Gujarat,Ahmedabad,380001,Ahmedabad,929,967.5,3,Delivered,2420.61,2024-09-17,Reefer 20ft,15000,26.0,1.1803,Accepted,2024-09-20,2024-09-21,1,Delayed,Outbound
SHP-01110,LD-01110,2024-12-01,December,2024,Blue Dart,Road,Household,India,South,Karnataka,Bangalore,560001,Bangalore,India,South,Tamil Nadu,Chennai,600001,Chennai,378,537.2,1,Delivered,1309.73,2024-12-01,20ft Container,18000,28.0,0.6756,Accepted,2024-12-02,2024-12-02,0,On-Time,Outbound
SHP-01111,LD-01111,2024-10-08,October,2024,Delhivery,Road,Food & Beverages,India,North,Delhi,Delhi,110001,Delhi,India,North,Rajasthan,Jaipur,302001,Jaipur,300,1106.9,1,Delivered,820.05,2024-10-08,MCV,8000,18.0,1.2494,Accepted,2024-10-09,2024-10-09,0,On-Time,Outbound
SHP-01112,LD-01112,2024-10-13,October,2024,Delhivery,Road,Household,India,South,Karnataka,Bangalore,560001,Bangalore,India,North,Punjab,Chandigarh,160001,Chandigarh,2323,1255.3,2,Delivered,6229.48,2024-10-13,32ft Container,25000,38.0,1.4063,Accepted,2024-10-15,2024-10-15,0,On-Time,Outbound
SHP-01113,LD-01113,2024-12-09,December,2024,Gati Kinetic,Road,Food & Beverages,India,West,Maharashtra,Mumbai,400001,Mumbai,India,Central,Madhya Pradesh,Bhopal,462001,Bhopal,791,41.1,2,Delivered,1837.17,2024-12-09,LCV,3500,9.0,0.0437,Accepted,2024-12-11,2024-12-11,0,On-Time,Outbound
SHP-01114,LD-01114,2024-09-22,September,2024,Gati Kinetic,Road,Personal Care,India,North,Delhi,Delhi,110001,Delhi,India,West,Maharashtra,Pune,411001,Pune,1461,190.3,4,Delivered,3543.98,2024-09-22,MCV,8000,18.0,0.2381,Accepted,2024-09-26,2024-09-26,0,On-Time,Outbound
SHP-01115,LD-01115,2024-09-09,September,2024,Ekart Logistics,Road,Personal Care,India,West,Maharashtra,Mumbai,400001,Mumbai,India,North,Rajasthan,Jaipur,302001,Jaipur,1172,38.2,3,Delivered,2561.56,2024-09-09,LCV,3500,9.0,0.0384,Accepted,2024-09-12,2024-09-12,0,On-Time,Outbound
SHP-01116,LD-01116,2024-11-11,November,2024,Delhivery,Road,Personal Care,India,West,Maharashtra,Mumbai,400001,Mumbai,India,North,Punjab,Chandigarh,160001,Chandigarh,1566,47.5,2,Delivered,3682.95,2024-11-11,LCV,3500,9.0,0.0642,Accepted,2024-11-13,2024-11-13,0,On-Time,Outbound
SHP-01117,LD-01117,2024-10-06,October,2024,Blue Dart,Road,Food & Beverages,India,West,Maharashtra,Mumbai,400001,Mumbai,India,North,Uttar Pradesh,Lucknow,226001,Lucknow,1431,190.0,1,Delivered,4649.18,2024-10-06,20ft Container,18000,28.0,0.218,Accepted,2024-10-07,2024-10-07,0,On-Time,Outbound
SHP-01118,LD-01118,2024-11-10,November,2024,Blue Dart,Road,Household,India,North,Delhi,Delhi,110001,Delhi,India,South,Telangana,Hyderabad,500001,Hyderabad,1599,1191.8,1,Delivered,5195.97,2024-11-10,Reefer 20ft,15000,26.0,1.3157,Accepted,2024-11-11,2024-11-11,0,On-Time,Outbound
SHP-01119,LD-01119,2024-09-26,September,2024,DTDC,Road,Personal Care,India,West,Maharashtra,Mumbai,400001,Mumbai,India,Central,Madhya Pradesh,Bhopal,462001,Bhopal,754,56.9,3,Delivered,1524.21,2024-09-26,32ft Container,25000,38.0,0.0791,Accepted,2024-09-29,2024-10-03,4,Delayed,Outbound
SHP-01120,LD-01120,2024-09-11,September,2024,Gati Kinetic,Road,Food & Beverages,India,North,Delhi,Delhi,110001,Delhi,India,North,Rajasthan,Jaipur,302001,Jaipur,307,71.1,2,Delivered,780.14,2024-09-11,Reefer 20ft,15000,26.0,0.084,Accepted,2024-09-13,2024-09-13,0,On-Time,Outbound
SHP-01121,LD-01121,2024-09-27,September,2024,Ekart Logistics,Road,Food & Beverages,India,North,Delhi,Delhi,110001,Delhi,India,North,Uttar Pradesh,Lucknow,226001,Lucknow,540,893.1,4,Delivered,1185.76,2024-09-27,Reefer 20ft,15000,26.0,1.0621,Rejected,2024-10-01,2024-10-01,0,On-Time,Outbound
SHP-01122,LD-01122,2024-10-19,October,2024,Ekart Logistics,Road,Personal Care,India,South,Karnataka,Bangalore,560001,Bangalore,India,South,Tamil Nadu,Chennai,600001,Chennai,338,32.0,3,Delivered,654.95,2024-10-19,Reefer 20ft,15000,26.0,0.0312,Accepted,2024-10-22,2024-10-22,0,On-Time,Outbound
SHP-01123,LD-01123,2024-11-13,November,2024,Ekart Logistics,Road,Household,India,South,Karnataka,Bangalore,560001,Bangalore,India,North,Punjab,Chandigarh,160001,Chandigarh,2295,962.5,2,Delivered,4673.3,2024-11-13,20ft Container,18000,28.0,1.086,Accepted,2024-11-15,2024-11-15,0,On-Time,Outbound
SHP-01124,LD-01124,2024-10-18,October,2024,Ekart Logistics,Road,Household,India,South,Karnataka,Bangalore,560001,Bangalore,India,North,Uttar Pradesh,Lucknow,226001,Lucknow,2087,375.1,2,Delivered,3795.47,2024-10-18,32ft Container,25000,38.0,0.439,Rejected,2024-10-20,2024-10-20,0,On-Time,Outbound
SHP-01125,LD-01125,2024-11-10,November,2024,Delhivery,Road,Personal Care,India,West,Maharashtra,Mumbai,400001,Mumbai,India,North,Uttar Pradesh,Lucknow,226001,Lucknow,1429,25.4,3,Delivered,3453.08,2024-11-10,MCV,8000,18.0,0.0337,Accepted,2024-11-13,2024-11-13,0,On-Time,Outbound
SHP-01126,LD-01126,2024-12-15,December,2024,DTDC,Road,Household,India,North,Delhi,Delhi,110001,Delhi,India,West,Maharashtra,Pune,411001,Pune,1443,703.8,3,Delivered,3104.26,2024-12-15,32ft Container,25000,38.0,0.8607,Accepted,2024-12-18,2024-12-18,0,On-Time,Outbound
SHP-01127,LD-01127,2025-01-04,January,2025,Gati Kinetic,Road,Personal Care,India,South,Karnataka,Bangalore,560001,Bangalore,India,South,Telangana,Hyderabad,500001,Hyderabad,568,187.0,3,Delivered,1305.69,2025-01-04,MCV,8000,18.0,0.2151,Accepted,2025-01-07,2025-01-07,0,On-Time,Outbound
SHP-01128,LD-01128,2024-11-11,November,2024,DTDC,Road,Household,India,West,Maharashtra,Mumbai,400001,Mumbai,India,North,Uttar Pradesh,Lucknow,226001,Lucknow,1442,1855.5,3,Delivered,3047.53,2024-11-11,MCV,8000,18.0,2.0753,Accepted,2024-11-14,2024-11-14,0,On-Time,Outbound
SHP-01129,LD-01129,2024-12-09,December,2024,Gati Kinetic,Road,Household,India,North,Delhi,Delhi,110001,Delhi,India,South,Tamil Nadu,Chennai,600001,Chennai,2182,603.6,2,Delivered,5385.41,2024-12-09,Reefer 20ft,15000,26.0,0.7058,Accepted,2024-12-11,2024-12-11,0,On-Time,Outbound
SHP-01130,LD-01130,2024-11-05,November,2024,Ekart Logistics,Road,Household,India,West,Maharashtra,Mumbai,400001,Mumbai,India,West,Maharashtra,Pune,411001,Pune,124,711.5,3,Delivered,251.33,2024-11-05,20ft Container,18000,28.0,0.8365,Accepted,2024-11-08,2024-11-08,0,On-Time,Outbound
SHP-01131,LD-01131,2024-11-02,November,2024,DTDC,Road,Food & Beverages,India,North,Delhi,Delhi,110001,Delhi,India,South,Tamil Nadu,Chennai,600001,Chennai,2150,836.4,4,Delivered,4398.05,2024-11-02,Reefer 20ft,15000,26.0,0.9753,Rejected,2024-11-06,2024-11-06,0,On-Time,Outbound
SHP-01132,LD-01132,2025-01-24,January,2025,Gati Kinetic,Road,Food & Beverages,India,South,Karnataka,Bangalore,560001,Bangalore,India,Central,Madhya Pradesh,Bhopal,462001,Bhopal,1436,214.9,2,Delivered,3581.52,2025-01-24,MCV,8000,18.0,0.2576,Accepted,2025-01-26,2025-01-26,0,On-Time,Outbound
SHP-01133,LD-01133,2025-01-23,January,2025,Ekart Logistics,Road,Household,India,North,Delhi,Delhi,110001,Delhi,India,North,Punjab,Chandigarh,160001,Chandigarh,268,309.3,4,Delivered,508.25,2025-01-23,MCV,8000,18.0,0.3824,Accepted,2025-01-27,2025-01-27,0,On-Time,Outbound
SHP-01134,LD-01134,2024-09-05,September,2024,Ekart Logistics,Road,Personal Care,India,North,Delhi,Delhi,110001,Delhi,India,North,Punjab,Chandigarh,160001,Chandigarh,249,70.1,4,Delivered,489.27,2024-09-05,32ft Container,25000,38.0,0.0871,Accepted,2024-09-09,2024-09-09,0,On-Time,Outbound
SHP-01135,LD-01135,2024-12-22,December,2024,Ekart Logistics,Road,Personal Care,India,North,Delhi,Delhi,110001,Delhi,India,North,Rajasthan,Jaipur,302001,Jaipur,267,68.9,3,Delivered,549.27,2024-12-22,20ft Container,18000,28.0,0.0913,Accepted,2024-12-25,2024-12-25,0,On-Time,Outbound
SHP-01136,LD-01136,2024-10-31,October,2024,DTDC,Road,Household,India,North,Delhi,Delhi,110001,Delhi,India,North,Rajasthan,Jaipur,302001,Jaipur,252,1148.7,3,Delivered,551.74,2024-10-31,32ft Container,25000,38.0,1.3986,Accepted,2024-11-03,2024-11-03,0,On-Time,Outbound
SHP-01137,LD-01137,2024-10-26,October,2024,Gati Kinetic,Road,Household,India,North,Delhi,Delhi,110001,Delhi,India,West,Gujarat,Ahmedabad,380001,Ahmedabad,959,504.5,3,Delivered,2235.73,2024-10-26,LCV,3500,9.0,0.6147,Accepted,2024-10-29,2024-10-29,0,On-Time,Outbound
SHP-01138,LD-01138,2024-09-25,September,2024,Blue Dart,Road,Household,India,South,Karnataka,Bangalore,560001,Bangalore,India,North,Uttar Pradesh,Lucknow,226001,Lucknow,2086,357.9,2,Delivered,6247.17,2024-09-25,20ft Container,18000,28.0,0.4288,Accepted,2024-09-27,2024-09-27,0,On-Time,Outbound
SHP-01139,LD-01139,2024-12-27,December,2024,DTDC,Road,Food & Beverages,India,North,Delhi,Delhi,110001,Delhi,India,North,Uttar Pradesh,Lucknow,226001,Lucknow,578,264.9,2,Delivered,1319.1,2024-12-27,LCV,3500,9.0,0.3403,Accepted,2024-12-29,2024-12-29,0,On-Time,Outbound
SHP-01140,LD-01140,2024-12-06,December,2024,Gati Kinetic,Road,Food & Beverages,India,North,Delhi,Delhi,110001,Delhi,India,North,Uttar Pradesh,Lucknow,226001,Lucknow,530,99.1,3,Delivered,1339.27,2024-12-06,20ft Container,18000,28.0,0.1156,Accepted,2024-12-09,2024-12-09,0,On-Time,Outbound
SHP-01141,LD-01141,2024-12-21,December,2024,Blue Dart,Road,Food & Beverages,India,North,Delhi,Delhi,110001,Delhi,India,North,Punjab,Chandigarh,160001,Chandigarh,277,278.1,2,Delivered,968.28,2024-12-21,Reefer 20ft,15000,26.0,0.3295,Accepted,2024-12-23,2024-12-23,0,On-Time,Outbound
SHP-01142,LD-01142,2025-01-31,January,2025,Delhivery,Road,Food & Beverages,India,West,Maharashtra,Mumbai,400001,Mumbai,India,South,Kerala,Kochi,682001,Kochi,1197,774.7,2,Delivered,2997.5,2025-01-31,MCV,8000,18.0,0.9936,Accepted,2025-02-02,2025-02-02,0,On-Time,Outbound
SHP-01143,LD-01143,2024-12-13,December,2024,Delhivery,Road,Household,India,South,Karnataka,Bangalore,560001,Bangalore,India,West,Gujarat,Ahmedabad,380001,Ahmedabad,1474,202.0,3,Delivered,4014.06,2024-12-13,20ft Container,18000,28.0,0.2309,Accepted,2024-12-16,2024-12-16,0,On-Time,Outbound
SHP-01144,LD-01144,2024-12-11,December,2024,Gati Kinetic,Road,Food & Beverages,India,North,Delhi,Delhi,110001,Delhi,India,Central,Madhya Pradesh,Bhopal,462001,Bhopal,796,293.1,2,Delivered,1807.93,2024-12-11,Reefer 20ft,15000,26.0,0.3751,Accepted,2024-12-13,2024-12-13,0,On-Time,Outbound
SHP-01145,LD-01145,2025-01-18,January,2025,Ekart Logistics,Road,Food & Beverages,India,North,Delhi,Delhi,110001,Delhi,India,Central,Madhya Pradesh,Bhopal,462001,Bhopal,792,66.3,3,Delivered,1482.09,2025-01-18,32ft Container,25000,38.0,0.0763,Accepted,2025-01-21,2025-01-21,0,On-Time,Outbound
SHP-01146,LD-01146,2025-02-10,February,2025,Delhivery,Road,Food & Beverages,India,North,Delhi,Delhi,110001,Delhi,India,North,Uttar Pradesh,Lucknow,226001,Lucknow,572,256.0,3,Delivered,1564.58,2025-02-10,20ft Container,18000,28.0,0.3137,Accepted,2025-02-13,2025-02-13,0,On-Time,Outbound
SHP-01147,LD-01147,2024-09-08,September,2024,DTDC,Road,Personal Care,India,South,Karnataka,Bangalore,560001,Bangalore,India,South,Tamil Nadu,Chennai,600001,Chennai,330,126.6,3,Delivered,763.4,2024-09-08,LCV,3500,9.0,0.1404,Accepted,2024-09-11,2024-09-11,0,On-Time,Outbound
SHP-01148,LD-01148,2024-10-19,October,2024,Blue Dart,Road,Personal Care,India,South,Karnataka,Bangalore,560001,Bangalore,India,North,Rajasthan,Jaipur,302001,Jaipur,1871,92.3,2,Delivered,6249.71,2024-10-19,Reefer 20ft,15000,26.0,0.0932,Accepted,2024-10-21,2024-10-21,0,On-Time,Outbound
SHP-01149,LD-01149,2025-01-08,January,2025,Blue Dart,Road,Food & Beverages,India,West,Maharashtra,Mumbai,400001,Mumbai,India,North,Punjab,Chandigarh,160001,Chandigarh,1558,176.8,2,Delivered,4976.76,2025-01-08,MCV,8000,18.0,0.2141,Accepted,2025-01-10,2025-01-10,0,On-Time,Outbound
SHP-01150,LD-01150,2024-11-13,November,2024,Delhivery,Road,Personal Care,India,North,Delhi,Delhi,110001,Delhi,India,North,Uttar Pradesh,Lucknow,226001,Lucknow,526,85.1,2,Delivered,1242.91,2024-11-13,MCV,8000,18.0,0.0977,Rejected,2024-11-15,2024-11-15,0,On-Time,Outbound
SHP-01151,LD-01151,2024-12-06,December,2024,Delhivery,Road,Personal Care,India,South,Karnataka,Bangalore,560001,Bangalore,India,South,Tamil Nadu,Chennai,600001,Chennai,346,68.6,2,Delivered,836.5,2024-12-06,32ft Container,25000,38.0,0.0888,Accepted,2024-12-08,2024-12-08,0,On-Time,Outbound
SHP-01152,LD-01152,2025-02-17,February,2025,DTDC,Road,Food & Beverages,India,North,Delhi,Delhi,110001,Delhi,India,West,Maharashtra,Pune,411001,Pune,1475,908.9,4,Delivered,2946.06,2025-02-17,Reefer 20ft,15000,26.0,1.1073,Accepted,2025-02-21,2025-02-21,0,On-Time,Outbound
SHP-01153,LD-01153,2024-12-15,December,2024,Delhivery,Road,Personal Care,India,West,Maharashtra,Mumbai,400001,Mumbai,India,South,Telangana,Hyderabad,500001,Hyderabad,691,112.6,2,Delivered,1662.13,2024-12-15,Reefer 20ft,15000,26.0,0.1353,Rejected,2024-12-17,2024-12-17,0,On-Time,Outbound
SHP-01154,LD-01154,2024-11-04,November,2024,Gati Kinetic,Road,Food & Beverages,India,North,Delhi,Delhi,110001,Delhi,India,North,Rajasthan,Jaipur,302001,Jaipur,304,229.3,2,Delivered,750.58,2024-11-04,LCV,3500,9.0,0.2499,Accepted,2024-11-06,2024-11-06,0,On-Time,Outbound
SHP-01155,LD-01155,2025-01-11,January,2025,Delhivery,Road,Household,India,West,Maharashtra,Mumbai,400001,Mumbai,India,South,Kerala,Kochi,682001,Kochi,1224,218.6,2,Delivered,3118.8,2025-01-11,32ft Container,25000,38.0,0.2663,Accepted,2025-01-13,2025-01-13,0,On-Time,Outbound
SHP-01156,LD-01156,2025-01-25,January,2025,Ekart Logistics,Road,Household,India,South,Karnataka,Bangalore,560001,Bangalore,India,North,Uttar Pradesh,Lucknow,226001,Lucknow,2088,151.7,3,Delivered,4357.23,2025-01-25,MCV,8000,18.0,0.1719,Accepted,2025-01-28,2025-01-28,0,On-Time,Outbound
SHP-01157,LD-01157,2024-10-25,October,2024,Gati Kinetic,Road,Personal Care,India,South,Karnataka,Bangalore,560001,Bangalore,India,Central,Madhya Pradesh,Bhopal,462001,Bhopal,1430,185.9,3,Delivered,3332.25,2024-10-25,MCV,8000,18.0,0.2455,Accepted,2024-10-28,2024-10-28,0,On-Time,Outbound
SHP-01158,LD-01158,2024-12-13,December,2024,Delhivery,Road,Food & Beverages,India,West,Maharashtra,Mumbai,400001,Mumbai,India,West,Gujarat,Ahmedabad,380001,Ahmedabad,555,202.5,2,Delivered,1561.74,2024-12-13,32ft Container,25000,38.0,0.2387,Rejected,2024-12-15,2024-12-15,0,On-Time,Outbound
SHP-01159,LD-01159,2024-11-18,November,2024,Gati Kinetic,Road,Food & Beverages,India,North,Delhi,Delhi,110001,Delhi,India,South,Kerala,Kochi,682001,Kochi,2716,449.6,3,Delivered,6008.62,2024-11-18,32ft Container,25000,38.0,0.5685,Accepted,2024-11-21,2024-11-21,0,On-Time,Outbound
SHP-01160,LD-01160,2024-10-16,October,2024,Ekart Logistics,Road,Food & Beverages,India,South,Karnataka,Bangalore,560001,Bangalore,India,Central,Madhya Pradesh,Bhopal,462001,Bhopal,1422,145.6,4,Delivered,2724.38,2024-10-16,LCV,3500,9.0,0.1762,Accepted,2024-10-20,2024-10-20,0,On-Time,Outbound
SHP-01161,LD-01161,2024-10-26,October,2024,Delhivery,Road,Household,India,West,Maharashtra,Mumbai,400001,Mumbai,India,South,Telangana,Hyderabad,500001,Hyderabad,731,394.4,3,Delivered,1764.3,2024-10-26,32ft Container,25000,38.0,0.4467,Accepted,2024-10-29,2024-10-29,0,On-Time,Outbound
SHP-01162,LD-01162,2025-01-13,January,2025,Gati Kinetic,Road,Food & Beverages,India,North,Delhi,Delhi,110001,Delhi,India,West,Maharashtra,Nagpur,440001,Nagpur,1087,313.2,2,Delivered,2395.62,2025-01-13,32ft Container,25000,38.0,0.4123,Accepted,2025-01-15,2025-01-15,0,On-Time,Outbound
SHP-01163,LD-01163,2024-12-13,December,2024,Delhivery,Road,Personal Care,India,West,Maharashtra,Mumbai,400001,Mumbai,India,South,Telangana,Hyderabad,500001,Hyderabad,728,160.9,3,Delivered,1894.65,2024-12-13,Reefer 20ft,15000,26.0,0.2013,Accepted,2024-12-16,2024-12-16,0,On-Time,Outbound
SHP-01164,LD-01164,2024-12-28,December,2024,Blue Dart,Road,Food & Beverages,India,West,Maharashtra,Mumbai,400001,Mumbai,India,North,Punjab,Chandigarh,160001,Chandigarh,1598,303.3,2,Delivered,4791.27,2024-12-28,20ft Container,18000,28.0,0.3475,Accepted,2024-12-30,2024-12-30,0,On-Time,Outbound
SHP-01165,LD-01165,2024-11-25,November,2024,Blue Dart,Road,Food & Beverages,India,North,Delhi,Delhi,110001,Delhi,India,West,Maharashtra,Nagpur,440001,Nagpur,1090,136.4,2,Delivered,3629.5,2024-11-25,MCV,8000,18.0,0.1659,Accepted,2024-11-27,2024-11-27,0,On-Time,Outbound
SHP-01166,LD-01166,2024-12-16,December,2024,Blue Dart,Road,Household,India,West,Maharashtra,Mumbai,400001,Mumbai,India,West,Maharashtra,Nagpur,440001,Nagpur,808,346.0,2,Delivered,2785.15,2024-12-16,LCV,3500,9.0,0.4179,Rejected,2024-12-18,2024-12-18,0,On-Time,Outbound
SHP-01167,LD-01167,2025-01-13,January,2025,Blue Dart,Road,Household,India,South,Karnataka,Bangalore,560001,Bangalore,India,North,Rajasthan,Jaipur,302001,Jaipur,1907,380.6,2,Delivered,5662.17,2025-01-13,20ft Container,18000,28.0,0.4482,Accepted,2025-01-15,2025-01-15,0,On-Time,Outbound
SHP-01168,LD-01168,2024-10-26,October,2024,Delhivery,Road,Personal Care,India,North,Delhi,Delhi,110001,Delhi,India,North,Uttar Pradesh,Lucknow,226001,Lucknow,529,25.7,2,Delivered,1263.23,2024-10-26,MCV,8000,18.0,0.0338,Accepted,2024-10-28,2024-10-28,0,On-Time,Outbound
SHP-01169,LD-01169,2025-01-12,January,2025,Delhivery,Road,Personal Care,India,South,Karnataka,Bangalore,560001,Bangalore,India,South,Tamil Nadu,Chennai,600001,Chennai,347,115.3,3,Delivered,890.54,2025-01-12,MCV,8000,18.0,0.1309,Accepted,2025-01-15,2025-01-15,0,On-Time,Outbound
SHP-01170,LD-01170,2024-09-30,September,2024,Blue Dart,Road,Household,India,North,Delhi,Delhi,110001,Delhi,India,Central,Madhya Pradesh,Bhopal,462001,Bhopal,773,55.4,2,Delivered,2664.04,2024-09-30,20ft Container,18000,28.0,0.0678,Accepted,2024-10-02,2024-10-02,0,On-Time,Outbound
SHP-01171,LD-01171,2024-09-07,September,2024,Blue Dart,Road,Food & Beverages,India,West,Maharashtra,Mumbai,400001,Mumbai,India,West,Maharashtra,Nagpur,440001,Nagpur,822,142.7,2,Delivered,2394.74,2024-09-07,LCV,3500,9.0,0.1627,Accepted,2024-09-09,2024-09-11,2,Delayed,Outbound
SHP-01172,LD-01172,2025-01-25,January,2025,Gati Kinetic,Road,Household,India,South,Karnataka,Bangalore,560001,Bangalore,India,North,Uttar Pradesh,Lucknow,226001,Lucknow,2079,1096.1,2,Delivered,4701.06,2025-01-25,32ft Container,25000,38.0,1.3001,Accepted,2025-01-27,2025-01-27,0,On-Time,Outbound
SHP-01173,LD-01173,2024-09-30,September,2024,Blue Dart,Road,Food & Beverages,India,West,Maharashtra,Mumbai,400001,Mumbai,India,South,Tamil Nadu,Chennai,600001,Chennai,1355,1305.8,2,Delivered,4480.92,2024-09-30,MCV,8000,18.0,1.5838,Accepted,2024-10-02,2024-10-02,0,On-Time,Outbound
SHP-01174,LD-01174,2024-09-12,September,2024,Gati Kinetic,Road,Personal Care,India,South,Karnataka,Bangalore,560001,Bangalore,India,North,Uttar Pradesh,Lucknow,226001,Lucknow,2068,121.3,3,Delivered,5152.9,2024-09-12,LCV,3500,9.0,0.1613,Rejected,2024-09-15,2024-09-15,0,On-Time,Outbound
SHP-01175,LD-01175,2025-01-23,January,2025,DTDC,Road,Food & Beverages,India,North,Delhi,Delhi,110001,Delhi,India,Central,Madhya Pradesh,Bhopal,462001,Bhopal,777,148.1,4,Delivered,1814.47,2025-01-23,LCV,3500,9.0,0.1732,Accepted,2025-01-27,2025-01-27,0,On-Time,Outbound
SHP-01176,LD-01176,2025-02-08,February,2025,Ekart Logistics,Road,Personal Care,India,South,Karnataka,Bangalore,560001,Bangalore,India,West,Maharashtra,Nagpur,440001,Nagpur,1071,70.3,3,Delivered,2186.84,2025-02-08,Reefer 20ft,15000,26.0,0.0737,Accepted,2025-02-11,2025-02-11,0,On-Time,Outbound
SHP-01177,LD-01177,2025-01-12,January,2025,Blue Dart,Road,Household,India,South,Karnataka,Bangalore,560001,Bangalore,India,South,Kerala,Kochi,682001,Kochi,611,307.4,1,Delivered,2061.68,2025-01-12,LCV,3500,9.0,0.3919,Accepted,2025-01-13,2025-01-13,0,On-Time,Outbound
SHP-01178,LD-01178,2024-10-15,October,2024,Delhivery,Road,Food & Beverages,India,South,Karnataka,Bangalore,560001,Bangalore,India,West,Maharashtra,Nagpur,440001,Nagpur,1079,647.9,2,Delivered,3068.61,2024-10-15,32ft Container,25000,38.0,0.7422,Accepted,2024-10-17,2024-10-17,0,On-Time,Outbound
SHP-01179,LD-01179,2025-02-07,February,2025,Gati Kinetic,Road,Food & Beverages,India,South,Karnataka,Bangalore,560001,Bangalore,India,West,Gujarat,Ahmedabad,380001,Ahmedabad,1501,291.5,4,Delivered,3560.6,2025-02-07,20ft Container,18000,28.0,0.3569,Accepted,2025-02-11,2025-02-11,0,On-Time,Outbound
SHP-01180,LD-01180,2025-01-12,January,2025,Delhivery,Road,Household,India,West,Maharashtra,Mumbai,400001,Mumbai,India,Central,Madhya Pradesh,Bhopal,462001,Bhopal,758,819.7,2,Delivered,2032.79,2025-01-12,Reefer 20ft,15000,26.0,0.9448,Accepted,2025-01-14,2025-01-14,0,On-Time,Outbound
SHP-01181,LD-01181,2024-11-28,November,2024,Blue Dart,Road,Household,India,North,Delhi,Delhi,110001,Delhi,India,South,Tamil Nadu,Chennai,600001,Chennai,2175,647.3,1,Delivered,7085.99,2024-11-28,32ft Container,25000,38.0,0.759,Accepted,2024-11-29,2024-11-29,0,On-Time,Outbound
SHP-01182,LD-01182,2025-02-17,February,2025,Gati Kinetic,Road,Household,India,South,Karnataka,Bangalore,560001,Bangalore,India,North,Uttar Pradesh,Lucknow,226001,Lucknow,2099,406.6,1,Delivered,5369.29,2025-02-17,20ft Container,18000,28.0,0.4757,Rejected,2025-02-18,2025-02-18,0,On-Time,Outbound
SHP-01183,LD-01183,2024-10-08,October,2024,Blue Dart,Road,Food & Beverages,India,West,Maharashtra,Mumbai,400001,Mumbai,India,North,Punjab,Chandigarh,160001,Chandigarh,1565,1043.8,2,Delivered,5049.53,2024-10-08,LCV,3500,9.0,1.3467,Accepted,2024-10-10,2024-10-10,0,On-Time,Outbound
SHP-01184,LD-01184,2025-02-08,February,2025,DTDC,Road,Food & Beverages,India,West,Maharashtra,Mumbai,400001,Mumbai,India,Central,Madhya Pradesh,Bhopal,462001,Bhopal,792,187.2,2,Delivered,1865.14,2025-02-08,20ft Container,18000,28.0,0.2215,Accepted,2025-02-10,2025-02-10,0,On-Time,Outbound
SHP-01185,LD-01185,2024-09-15,September,2024,Blue Dart,Road,Personal Care,India,West,Maharashtra,Mumbai,400001,Mumbai,India,North,Punjab,Chandigarh,160001,Chandigarh,1543,57.0,3,Delivered,5377.39,2024-09-15,20ft Container,18000,28.0,0.0793,Accepted,2024-09-18,2024-09-18,0,On-Time,Outbound
SHP-01186,LD-01186,2024-09-21,September,2024,DTDC,Road,Household,India,North,Delhi,Delhi,110001,Delhi,India,West,Maharashtra,Nagpur,440001,Nagpur,1105,377.4,3,Delivered,2493.98,2024-09-21,32ft Container,25000,38.0,0.4675,Accepted,2024-09-24,2024-09-24,0,On-Time,Outbound
SHP-01187,LD-01187,2025-02-08,February,2025,Gati Kinetic,Road,Personal Care,India,South,Karnataka,Bangalore,560001,Bangalore,India,South,Kerala,Kochi,682001,Kochi,620,75.3,3,Delivered,1356.51,2025-02-08,MCV,8000,18.0,0.0918,Accepted,2025-02-11,2025-02-11,0,On-Time,Outbound
SHP-01188,LD-01188,2024-10-04,October,2024,Gati Kinetic,Road,Food & Beverages,India,North,Delhi,Delhi,110001,Delhi,India,North,Punjab,Chandigarh,160001,Chandigarh,279,307.5,2,Delivered,654.13,2024-10-04,MCV,8000,18.0,0.38,Rejected,2024-10-06,2024-10-06,0,On-Time,Outbound
SHP-01189,LD-01189,2024-09-18,September,2024,Ekart Logistics,Road,Food & Beverages,India,North,Delhi,Delhi,110001,Delhi,India,West,Maharashtra,Nagpur,440001,Nagpur,1079,123.2,3,Delivered,2042.38,2024-09-18,32ft Container,25000,38.0,0.1427,Accepted,2024-09-21,2024-09-21,0,On-Time,Outbound
SHP-01190,LD-01190,2024-10-22,October,2024,Delhivery,Road,Food & Beverages,India,West,Maharashtra,Mumbai,400001,Mumbai,India,West,Maharashtra,Pune,411001,Pune,174,1026.0,3,Delivered,497.29,2024-10-22,32ft Container,25000,38.0,1.1766,Accepted,2024-10-25,2024-10-26,1,Delayed,Outbound
SHP-01191,LD-01191,2025-02-02,February,2025,Blue Dart,Road,Food & Beverages,India,South,Karnataka,Bangalore,560001,Bangalore,India,North,Rajasthan,Jaipur,302001,Jaipur,1901,457.7,2,Delivered,6139.3,2025-02-02,MCV,8000,18.0,0.5207,Accepted,2025-02-04,2025-02-04,0,On-Time,Outbound
SHP-01192,LD-01192,2024-10-26,October,2024,Delhivery,Road,Food & Beverages,India,West,Maharashtra,Mumbai,400001,Mumbai,India,North,Rajasthan,Jaipur,302001,Jaipur,1185,138.0,3,Delivered,3129.56,2024-10-26,32ft Container,25000,38.0,0.1623,Rejected,2024-10-29,2024-10-29,0,On-Time,Outbound
SHP-01193,LD-01193,2024-09-12,September,2024,Ekart Logistics,Road,Food & Beverages,India,West,Maharashtra,Mumbai,400001,Mumbai,India,South,Tamil Nadu,Chennai,600001,Chennai,1330,470.4,3,Delivered,2678.18,2024-09-12,MCV,8000,18.0,0.5728,Accepted,2024-09-15,2024-09-15,0,On-Time,Outbound
SHP-01194,LD-01194,2024-10-14,October,2024,Ekart Logistics,Road,Food & Beverages,India,West,Maharashtra,Mumbai,400001,Mumbai,India,South,Kerala,Kochi,682001,Kochi,1214,187.4,3,Delivered,2586.95,2024-10-14,Reefer 20ft,15000,26.0,0.2329,Accepted,2024-10-17,2024-10-17,0,On-Time,Outbound
SHP-01195,LD-01195,2024-12-17,December,2024,Ekart Logistics,Road,Food & Beverages,India,North,Delhi,Delhi,110001,Delhi,India,South,Tamil Nadu,Chennai,600001,Chennai,2205,263.4,2,Delivered,4697.83,2024-12-17,MCV,8000,18.0,0.3123,Accepted,2024-12-19,2024-12-19,0,On-Time,Outbound
SHP-01196,LD-01196,2025-01-10,January,2025,Blue Dart,Road,Personal Care,India,South,Karnataka,Bangalore,560001,Bangalore,India,South,Telangana,Hyderabad,500001,Hyderabad,582,86.4,2,Delivered,1684.7,2025-01-10,MCV,8000,18.0,0.1008,Accepted,2025-01-12,2025-01-12,0,On-Time,Outbound
SHP-01197,LD-01197,2024-12-13,December,2024,Gati Kinetic,Road,Household,India,South,Karnataka,Bangalore,560001,Bangalore,India,Central,Madhya Pradesh,Bhopal,462001,Bhopal,1453,613.8,4,Delivered,3682.4,2024-12-13,MCV,8000,18.0,0.6679,Accepted,2024-12-17,2024-12-17,0,On-Time,Outbound
SHP-01198,LD-01198,2024-12-06,December,2024,Blue Dart,Road,Food & Beverages,India,North,Delhi,Delhi,110001,Delhi,India,West,Maharashtra,Pune,411001,Pune,1473,185.7,2,Delivered,4392.34,2024-12-06,LCV,3500,9.0,0.2359,Accepted,2024-12-08,2024-12-08,0,On-Time,Outbound
SHP-01199,LD-01199,2024-11-25,November,2024,Blue Dart,Road,Food & Beverages,India,South,Karnataka,Bangalore,560001,Bangalore,India,West,Maharashtra,Pune,411001,Pune,814,203.4,3,Delivered,2855.75,2024-11-25,32ft Container,25000,38.0,0.2589,Accepted,2024-11-28,2024-11-28,0,On-Time,Outbound
SHP-01200,LD-01200,2025-01-31,January,2025,Gati Kinetic,Road,Household,India,South,Karnataka,Bangalore,560001,Bangalore,India,North,Punjab,Chandigarh,160001,Chandigarh,2304,1364.2,2,Delivered,5296.03,2025-01-31,Reefer 20ft,15000,26.0,1.6641,Accepted,2025-02-02,2025-02-02,0,On-Time,Outbound
SHP-01201,LD-01201,2024-09-10,September,2024,Delhivery,Road,Household,India,North,Delhi,Delhi,110001,Delhi,India,North,Uttar Pradesh,Lucknow,226001,Lucknow,570,603.4,3,Delivered,1538.73,2024-09-10,Reefer 20ft,15000,26.0,0.6955,Accepted,2024-09-13,2024-09-13,0,On-Time,Outbound
SHP-01202,LD-01202,2025-02-03,February,2025,DTDC,Road,Personal Care,India,West,Maharashtra,Mumbai,400001,Mumbai,India,North,Uttar Pradesh,Lucknow,226001,Lucknow,1442,185.5,1,Delivered,3141.86,2025-02-03,LCV,3500,9.0,0.2365,Accepted,2025-02-04,2025-02-04,0,On-Time,Outbound
SHP-01203,LD-01203,2024-09-24,September,2024,Gati Kinetic,Road,Household,India,West,Maharashtra,Mumbai,400001,Mumbai,India,West,Gujarat,Ahmedabad,380001,Ahmedabad,501,342.1,3,Delivered,1306.75,2024-09-24,32ft Container,25000,38.0,0.4227,Accepted,2024-09-27,2024-09-27,0,On-Time,Outbound
SHP-01204,LD-01204,2024-09-17,September,2024,Ekart Logistics,Road,Food & Beverages,India,West,Maharashtra,Mumbai,400001,Mumbai,India,North,Rajasthan,Jaipur,302001,Jaipur,1139,919.0,5,Delivered,2440.66,2024-09-17,Reefer 20ft,15000,26.0,1.09,Accepted,2024-09-22,2024-09-22,0,On-Time,Outbound
SHP-01205,LD-01205,2024-10-10,October,2024,Gati Kinetic,Road,Food & Beverages,India,West,Maharashtra,Mumbai,400001,Mumbai,India,Central,Madhya Pradesh,Bhopal,462001,Bhopal,750,46.2,3,Delivered,1763.49,2024-10-10,Reefer 20ft,15000,26.0,0.0554,Accepted,2024-10-13,2024-10-13,0,On-Time,Outbound
SHP-01206,LD-01206,2024-09-14,September,2024,DTDC,Road,Household,India,South,Karnataka,Bangalore,560001,Bangalore,India,South,Telangana,Hyderabad,500001,Hyderabad,571,861.1,4,Delivered,1140.21,2024-09-14,MCV,8000,18.0,1.0583,Accepted,2024-09-18,2024-09-21,3,Delayed,Outbound
SHP-01207,LD-01207,2024-10-16,October,2024,Ekart Logistics,Road,Food & Beverages,India,North,Delhi,Delhi,110001,Delhi,India,South,Tamil Nadu,Chennai,600001,Chennai,2158,786.5,3,Delivered,4189.13,2024-10-16,32ft Container,25000,38.0,0.9629,Accepted,2024-10-19,2024-10-19,0,On-Time,Outbound
SHP-01208,LD-01208,2025-02-10,February,2025,Delhivery,Road,Household,India,West,Maharashtra,Mumbai,400001,Mumbai,India,North,Uttar Pradesh,Lucknow,226001,Lucknow,1475,849.3,3,Delivered,4172.94,2025-02-10,32ft Container,25000,38.0,1.0511,Accepted,2025-02-13,2025-02-13,0,On-Time,Outbound
SHP-01209,LD-01209,2024-12-13,December,2024,DTDC,Road,Food & Beverages,India,South,Karnataka,Bangalore,560001,Bangalore,India,North,Rajasthan,Jaipur,302001,Jaipur,1881,302.3,4,Delivered,4480.8,2024-12-13,MCV,8000,18.0,0.3684,Accepted,2024-12-17,2024-12-17,0,On-Time,Outbound
SHP-01210,LD-01210,2024-12-13,December,2024,Delhivery,Road,Household,India,North,Delhi,Delhi,110001,Delhi,India,West,Maharashtra,Nagpur,440001,Nagpur,1056,338.5,3,Delivered,2593.8,2024-12-13,LCV,3500,9.0,0.4164,Accepted,2024-12-16,2024-12-16,0,On-Time,Outbound
SHP-01211,LD-01211,2024-12-10,December,2024,Ekart Logistics,Road,Household,India,South,Karnataka,Bangalore,560001,Bangalore,India,North,Rajasthan,Jaipur,302001,Jaipur,1918,585.4,4,Delivered,3826.62,2024-12-10,LCV,3500,9.0,0.6461,Accepted,2024-12-14,2024-12-14,0,On-Time,Outbound
SHP-01212,LD-01212,2024-10-20,October,2024,Blue Dart,Road,Personal Care,India,West,Maharashtra,Mumbai,400001,Mumbai,India,South,Telangana,Hyderabad,500001,Hyderabad,739,246.3,2,Delivered,2522.01,2024-10-20,20ft Container,18000,28.0,0.2855,Accepted,2024-10-22,2024-10-22,0,On-Time,Outbound
SHP-01213,LD-01213,2024-09-13,September,2024,Delhivery,Road,Personal Care,India,South,Karnataka,Bangalore,560001,Bangalore,India,South,Kerala,Kochi,682001,Kochi,629,18.5,3,Delivered,1500.71,2024-09-13,MCV,8000,18.0,0.0204,Accepted,2024-09-16,2024-09-16,0,On-Time,Outbound
SHP-01214,LD-01214,2024-10-22,October,2024,DTDC,Road,Food & Beverages,India,North,Delhi,Delhi,110001,Delhi,India,West,Maharashtra,Pune,411001,Pune,1476,343.1,2,Delivered,3471.83,2024-10-22,MCV,8000,18.0,0.4165,Accepted,2024-10-24,2024-10-24,0,On-Time,Outbound
SHP-01215,LD-01215,2024-11-21,November,2024,Gati Kinetic,Road,Personal Care,India,North,Delhi,Delhi,110001,Delhi,India,North,Punjab,Chandigarh,160001,Chandigarh,222,224.6,3,Delivered,562.25,2024-11-21,20ft Container,18000,28.0,0.2837,Accepted,2024-11-24,2024-11-24,0,On-Time,Outbound
SHP-01216,LD-01216,2024-10-02,October,2024,Ekart Logistics,Road,Food & Beverages,India,West,Maharashtra,Mumbai,400001,Mumbai,India,West,Maharashtra,Nagpur,440001,Nagpur,800,56.6,3,Delivered,1526.94,2024-10-02,MCV,8000,18.0,0.0661,Accepted,2024-10-05,2024-10-05,0,On-Time,Outbound
SHP-01217,LD-01217,2024-11-29,November,2024,Ekart Logistics,Road,Food & Beverages,India,South,Karnataka,Bangalore,560001,Bangalore,India,Central,Madhya Pradesh,Bhopal,462001,Bhopal,1475,1192.0,5,Delivered,3111.03,2024-11-29,LCV,3500,9.0,1.3803,Accepted,2024-12-04,2024-12-04,0,On-Time,Outbound
SHP-01218,LD-01218,2024-11-11,November,2024,Gati Kinetic,Road,Household,India,West,Maharashtra,Mumbai,400001,Mumbai,India,Central,Madhya Pradesh,Bhopal,462001,Bhopal,784,1617.3,2,Delivered,1931.34,2024-11-11,LCV,3500,9.0,1.9407,Accepted,2024-11-13,2024-11-13,0,On-Time,Outbound
SHP-01219,LD-01219,2025-02-05,February,2025,DTDC,Road,Food & Beverages,India,West,Maharashtra,Mumbai,400001,Mumbai,India,West,Maharashtra,Pune,411001,Pune,121,94.9,2,Delivered,246.83,2025-02-05,LCV,3500,9.0,0.1096,Accepted,2025-02-07,2025-02-07,0,On-Time,Outbound
SHP-01220,LD-01220,2024-11-18,November,2024,Delhivery,Road,Food & Beverages,India,North,Delhi,Delhi,110001,Delhi,India,West,Gujarat,Ahmedabad,380001,Ahmedabad,941,534.2,2,Delivered,2631.26,2024-11-18,32ft Container,25000,38.0,0.6784,Accepted,2024-11-20,2024-11-20,0,On-Time,Outbound
SHP-01221,LD-01221,2024-09-18,September,2024,DTDC,Road,Food & Beverages,India,North,Delhi,Delhi,110001,Delhi,India,West,Maharashtra,Pune,411001,Pune,1448,408.3,2,Delivered,3060.25,2024-09-18,20ft Container,18000,28.0,0.4978,Accepted,2024-09-20,2024-09-20,0,On-Time,Outbound
SHP-01222,LD-01222,2024-12-08,December,2024,Gati Kinetic,Road,Food & Beverages,India,South,Karnataka,Bangalore,560001,Bangalore,India,West,Maharashtra,Nagpur,440001,Nagpur,1057,159.6,4,Delivered,2510.93,2024-12-08,32ft Container,25000,38.0,0.1865,Accepted,2024-12-12,2024-12-16,4,Delayed,Outbound
SHP-01223,LD-01223,2024-10-09,October,2024,Gati Kinetic,Road,Food & Beverages,India,West,Maharashtra,Mumbai,400001,Mumbai,India,South,Tamil Nadu,Chennai,600001,Chennai,1333,582.4,4,Delivered,3019.05,2024-10-09,20ft Container,18000,28.0,0.7461,Accepted,2024-10-13,2024-10-15,2,Delayed,Outbound
SHP-01224,LD-01224,2024-10-05,October,2024,Blue Dart,Road,Food & Beverages,India,South,Karnataka,Bangalore,560001,Bangalore,India,Central,Madhya Pradesh,Bhopal,462001,Bhopal,1460,277.7,3,Delivered,4489.67,2024-10-05,20ft Container,18000,28.0,0.3351,Accepted,2024-10-08,2024-10-08,0,On-Time,Outbound
SHP-01225,LD-01225,2025-01-12,January,2025,Blue Dart,Road,Food & Beverages,India,West,Maharashtra,Mumbai,400001,Mumbai,India,West,Gujarat,Ahmedabad,380001,Ahmedabad,525,645.7,2,Delivered,1686.28,2025-01-12,MCV,8000,18.0,0.7863,Accepted,2025-01-14,2025-01-14,0,On-Time,Outbound
SHP-01226,LD-01226,2024-11-29,November,2024,Delhivery,Road,Food & Beverages,India,West,Maharashtra,Mumbai,400001,Mumbai,India,North,Uttar Pradesh,Lucknow,226001,Lucknow,1444,153.7,3,Delivered,3495.16,2024-11-29,32ft Container,25000,38.0,0.1836,Accepted,2024-12-02,2024-12-02,0,On-Time,Outbound
SHP-01227,LD-01227,2025-02-06,February,2025,Delhivery,Road,Household,India,North,Delhi,Delhi,110001,Delhi,India,West,Maharashtra,Pune,411001,Pune,1433,465.7,3,Delivered,3762.59,2025-02-06,MCV,8000,18.0,0.5528,Accepted,2025-02-09,2025-02-09,0,On-Time,Outbound
SHP-01228,LD-01228,2024-10-15,October,2024,Gati Kinetic,Road,Food & Beverages,India,West,Maharashtra,Mumbai,400001,Mumbai,India,North,Rajasthan,Jaipur,302001,Jaipur,1171,227.1,1,Delivered,2856.8,2024-10-15,Reefer 20ft,15000,26.0,0.2541,Accepted,2024-10-16,2024-10-16,0,On-Time,Outbound
SHP-01229,LD-01229,2024-10-15,October,2024,Delhivery,Road,Personal Care,India,North,Delhi,Delhi,110001,Delhi,India,West,Maharashtra,Pune,411001,Pune,1472,28.6,4,Delivered,4098.06,2024-10-15,LCV,3500,9.0,0.028,Rejected,2024-10-19,2024-10-19,0,On-Time,Outbound
SHP-01230,LD-01230,2025-01-19,January,2025,Ekart Logistics,Road,Food & Beverages,India,West,Maharashtra,Mumbai,400001,Mumbai,India,South,Telangana,Hyderabad,500001,Hyderabad,734,264.9,3,Delivered,1583.83,2025-01-19,Reefer 20ft,15000,26.0,0.299,Accepted,2025-01-22,2025-01-25,3,Delayed,Outbound
SHP-01231,LD-01231,2024-12-16,December,2024,DTDC,Road,Household,India,South,Karnataka,Bangalore,560001,Bangalore,India,South,Tamil Nadu,Chennai,600001,Chennai,380,626.1,3,Delivered,755.67,2024-12-16,32ft Container,25000,38.0,0.7693,Accepted,2024-12-19,2024-12-19,0,On-Time,Outbound
SHP-01232,LD-01232,2025-02-04,February,2025,Gati Kinetic,Road,Personal Care,India,West,Maharashtra,Mumbai,400001,Mumbai,India,West,Maharashtra,Nagpur,440001,Nagpur,828,168.5,2,Delivered,1789.55,2025-02-04,Reefer 20ft,15000,26.0,0.2014,Accepted,2025-02-06,2025-02-06,0,On-Time,Outbound
SHP-01233,LD-01233,2024-09-15,September,2024,Delhivery,Road,Food & Beverages,India,West,Maharashtra,Mumbai,400001,Mumbai,India,North,Rajasthan,Jaipur,302001,Jaipur,1138,776.6,2,Delivered,3005.89,2024-09-15,LCV,3500,9.0,0.8859,Accepted,2024-09-17,2024-09-17,0,On-Time,Outbound
SHP-01234,LD-01234,2024-10-09,October,2024,Delhivery,Road,Food & Beverages,India,South,Karnataka,Bangalore,560001,Bangalore,India,South,Telangana,Hyderabad,500001,Hyderabad,570,121.5,1,Delivered,1389.65,2024-10-09,20ft Container,18000,28.0,0.1401,Rejected,2024-10-10,2024-10-10,0,On-Time,Outbound
SHP-01235,LD-01235,2025-01-04,January,2025,Ekart Logistics,Road,Personal Care,India,North,Delhi,Delhi,110001,Delhi,India,South,Tamil Nadu,Chennai,600001,Chennai,2194,272.5,5,Delivered,4598.61,2025-01-04,32ft Container,25000,38.0,0.3392,Accepted,2025-01-09,2025-01-09,0,On-Time,Outbound
SHP-01236,LD-01236,2024-10-18,October,2024,DTDC,Road,Food & Beverages,India,West,Maharashtra,Mumbai,400001,Mumbai,India,Central,Madhya Pradesh,Bhopal,462001,Bhopal,762,208.5,2,Delivered,1514.57,2024-10-18,20ft Container,18000,28.0,0.2533,Accepted,2024-10-20,2024-10-20,0,On-Time,Outbound
SHP-01237,LD-01237,2025-01-25,January,2025,Blue Dart,Road,Food & Beverages,India,North,Delhi,Delhi,110001,Delhi,India,North,Punjab,Chandigarh,160001,Chandigarh,277,671.0,2,Delivered,962.37,2025-01-25,Reefer 20ft,15000,26.0,0.8188,Accepted,2025-01-27,2025-01-27,0,On-Time,Outbound
SHP-01238,LD-01238,2025-01-29,January,2025,Delhivery,Road,Personal Care,India,North,Delhi,Delhi,110001,Delhi,India,West,Maharashtra,Nagpur,440001,Nagpur,1062,29.8,2,Delivered,2516.39,2025-01-29,Reefer 20ft,15000,26.0,0.0401,Accepted,2025-01-31,2025-01-31,0,On-Time,Outbound
SHP-01239,LD-01239,2024-12-30,December,2024,Gati Kinetic,Road,Food & Beverages,India,North,Delhi,Delhi,110001,Delhi,India,West,Maharashtra,Nagpur,440001,Nagpur,1057,122.7,2,Delivered,2388.27,2024-12-30,32ft Container,25000,38.0,0.1508,Accepted,2025-01-01,2025-01-01,0,On-Time,Outbound
SHP-01240,LD-01240,2024-12-29,December,2024,Gati Kinetic,Road,Food & Beverages,India,South,Karnataka,Bangalore,560001,Bangalore,India,South,Kerala,Kochi,682001,Kochi,617,369.8,2,Delivered,1446.03,2024-12-29,20ft Container,18000,28.0,0.4395,Accepted,2024-12-31,2024-12-31,0,On-Time,Outbound
SHP-01241,LD-01241,2025-02-06,February,2025,Blue Dart,Road,Food & Beverages,India,North,Delhi,Delhi,110001,Delhi,India,West,Gujarat,Ahmedabad,380001,Ahmedabad,959,820.8,1,Delivered,3144.28,2025-02-06,32ft Container,25000,38.0,1.0015,Accepted,2025-02-07,2025-02-07,0,On-Time,Outbound
SHP-01242,LD-01242,2024-10-20,October,2024,Ekart Logistics,Road,Food & Beverages,India,North,Delhi,Delhi,110001,Delhi,India,South,Tamil Nadu,Chennai,600001,Chennai,2199,39.8,4,Delivered,4416.47,2024-10-20,LCV,3500,9.0,0.0446,Accepted,2024-10-24,2024-10-24,0,On-Time,Outbound
SHP-01243,LD-01243,2024-09-24,September,2024,Blue Dart,Road,Food & Beverages,India,West,Maharashtra,Mumbai,400001,Mumbai,India,North,Uttar Pradesh,Lucknow,226001,Lucknow,1428,115.0,2,Delivered,4249.85,2024-09-24,LCV,3500,9.0,0.1342,Accepted,2024-09-26,2024-09-26,0,On-Time,Outbound
SHP-01244,LD-01244,2024-10-20,October,2024,Ekart Logistics,Road,Food & Beverages,India,North,Delhi,Delhi,110001,Delhi,India,West,Gujarat,Ahmedabad,380001,Ahmedabad,951,372.6,2,Delivered,2065.84,2024-10-20,20ft Container,18000,28.0,0.4743,Accepted,2024-10-22,2024-10-22,0,On-Time,Outbound
SHP-01245,LD-01245,2024-10-03,October,2024,DTDC,Road,Household,India,South,Karnataka,Bangalore,560001,Bangalore,India,West,Maharashtra,Nagpur,440001,Nagpur,1089,406.9,2,Delivered,2328.25,2024-10-03,MCV,8000,18.0,0.4962,Accepted,2024-10-05,2024-10-05,0,On-Time,Outbound
SHP-01246,LD-01246,2024-10-04,October,2024,DTDC,Road,Personal Care,India,West,Maharashtra,Mumbai,400001,Mumbai,India,North,Punjab,Chandigarh,160001,Chandigarh,1599,66.3,2,Delivered,3203.88,2024-10-04,MCV,8000,18.0,0.0819,Accepted,2024-10-06,2024-10-06,0,On-Time,Outbound
SHP-01247,LD-01247,2024-10-30,October,2024,Gati Kinetic,Road,Food & Beverages,India,South,Karnataka,Bangalore,560001,Bangalore,India,North,Uttar Pradesh,Lucknow,226001,Lucknow,2095,1281.8,3,Delivered,5119.32,2024-10-30,MCV,8000,18.0,1.4424,Accepted,2024-11-02,2024-11-02,0,On-Time,Outbound
SHP-01248,LD-01248,2025-01-14,January,2025,DTDC,Road,Personal Care,India,North,Delhi,Delhi,110001,Delhi,India,North,Uttar Pradesh,Lucknow,226001,Lucknow,539,67.0,3,Delivered,1233.52,2025-01-14,20ft Container,18000,28.0,0.0707,Accepted,2025-01-17,2025-01-17,0,On-Time,Outbound
SHP-01249,LD-01249,2024-10-02,October,2024,Blue Dart,Road,Food & Beverages,India,North,Delhi,Delhi,110001,Delhi,India,South,Telangana,Hyderabad,500001,Hyderabad,1579,1123.0,1,Delivered,4613.09,2024-10-02,LCV,3500,9.0,1.3115,Accepted,2024-10-03,2024-10-08,5,Delayed,Outbound
SHP-01250,LD-01250,2024-11-12,November,2024,DTDC,Road,Household,India,South,Karnataka,Bangalore,560001,Bangalore,India,West,Maharashtra,Pune,411001,Pune,839,266.5,4,Delivered,1821.5,2024-11-12,LCV,3500,9.0,0.3078,Accepted,2024-11-16,2024-11-16,0,On-Time,Outbound
SHP-01251,LD-01251,2025-01-10,January,2025,Blue Dart,Road,Personal Care,India,South,Karnataka,Bangalore,560001,Bangalore,India,West,Gujarat,Ahmedabad,380001,Ahmedabad,1508,64.8,2,Delivered,5253.35,2025-01-10,LCV,3500,9.0,0.0663,Accepted,2025-01-12,2025-01-12,0,On-Time,Outbound
SHP-01252,LD-01252,2025-01-18,January,2025,Blue Dart,Road,Food & Beverages,India,West,Maharashtra,Mumbai,400001,Mumbai,India,Central,Madhya Pradesh,Bhopal,462001,Bhopal,751,252.0,3,Delivered,2580.28,2025-01-18,Reefer 20ft,15000,26.0,0.3021,Accepted,2025-01-21,2025-01-21,0,On-Time,Outbound
SHP-01253,LD-01253,2024-09-22,September,2024,Gati Kinetic,Road,Food & Beverages,India,West,Maharashtra,Mumbai,400001,Mumbai,India,West,Gujarat,Ahmedabad,380001,Ahmedabad,552,1208.4,4,Delivered,1422.9,2024-09-22,20ft Container,18000,28.0,1.4278,Accepted,2024-09-26,2024-09-26,0,On-Time,Outbound
SHP-01254,LD-01254,2024-11-16,November,2024,Gati Kinetic,Road,Food & Beverages,India,South,Karnataka,Bangalore,560001,Bangalore,India,South,Tamil Nadu,Chennai,600001,Chennai,331,397.6,3,Delivered,770.4,2024-11-16,MCV,8000,18.0,0.4683,Accepted,2024-11-19,2024-11-19,0,On-Time,Outbound
SHP-01255,LD-01255,2024-12-19,December,2024,Gati Kinetic,Road,Food & Beverages,India,South,Karnataka,Bangalore,560001,Bangalore,India,West,Maharashtra,Pune,411001,Pune,848,35.8,2,Delivered,1995.55,2024-12-19,32ft Container,25000,38.0,0.0437,Accepted,2024-12-21,2024-12-21,0,On-Time,Outbound
SHP-01256,LD-01256,2024-12-10,December,2024,Gati Kinetic,Road,Food & Beverages,India,West,Maharashtra,Mumbai,400001,Mumbai,India,South,Tamil Nadu,Chennai,600001,Chennai,1344,300.4,2,Delivered,3453.81,2024-12-10,32ft Container,25000,38.0,0.3739,Rejected,2024-12-12,2024-12-12,0,On-Time,Outbound
SHP-01257,LD-01257,2024-12-16,December,2024,Gati Kinetic,Road,Household,India,North,Delhi,Delhi,110001,Delhi,India,South,Tamil Nadu,Chennai,600001,Chennai,2181,302.7,2,Delivered,5408.74,2024-12-16,Reefer 20ft,15000,26.0,0.3369,Accepted,2024-12-18,2024-12-18,0,On-Time,Outbound
SHP-01258,LD-01258,2025-02-15,February,2025,Blue Dart,Road,Household,India,West,Maharashtra,Mumbai,400001,Mumbai,India,West,Gujarat,Ahmedabad,380001,Ahmedabad,536,1111.8,3,Delivered,1544.72,2025-02-15,LCV,3500,9.0,1.4244,Accepted,2025-02-18,2025-02-18,0,On-Time,Outbound
SHP-01259,LD-01259,2024-10-15,October,2024,DTDC,Road,Household,India,South,Karnataka,Bangalore,560001,Bangalore,India,North,Rajasthan,Jaipur,302001,Jaipur,1920,236.1,2,Delivered,4313.64,2024-10-15,MCV,8000,18.0,0.2753,Accepted,2024-10-17,2024-10-17,0,On-Time,Outbound
SHP-01260,LD-01260,2024-10-21,October,2024,Blue Dart,Road,Food & Beverages,India,South,Karnataka,Bangalore,560001,Bangalore,India,South,Telangana,Hyderabad,500001,Hyderabad,541,462.0,1,Delivered,1700.35,2024-10-21,LCV,3500,9.0,0.565,Accepted,2024-10-22,2024-10-22,0,On-Time,Outbound
SHP-01261,LD-01261,2025-01-03,January,2025,Delhivery,Road,Food & Beverages,India,North,Delhi,Delhi,110001,Delhi,India,North,Uttar Pradesh,Lucknow,226001,Lucknow,572,199.7,1,Delivered,1543.38,2025-01-03,32ft Container,25000,38.0,0.2348,Accepted,2025-01-04,2025-01-04,0,On-Time,Outbound
SHP-01262,LD-01262,2025-01-28,January,2025,DTDC,Road,Personal Care,India,South,Karnataka,Bangalore,560001,Bangalore,India,West,Maharashtra,Nagpur,440001,Nagpur,1040,86.0,3,Delivered,2463.46,2025-01-28,LCV,3500,9.0,0.1064,Accepted,2025-01-31,2025-01-31,0,On-Time,Outbound
SHP-01263,LD-01263,2024-10-25,October,2024,Blue Dart,Road,Food & Beverages,India,South,Karnataka,Bangalore,560001,Bangalore,India,North,Uttar Pradesh,Lucknow,226001,Lucknow,2082,199.5,1,Delivered,6882.74,2024-10-25,32ft Container,25000,38.0,0.2385,Rejected,2024-10-26,2024-10-26,0,On-Time,Outbound
SHP-01264,LD-01264,2025-01-18,January,2025,Blue Dart,Road,Household,India,South,Karnataka,Bangalore,560001,Bangalore,India,South,Tamil Nadu,Chennai,600001,Chennai,352,922.4,2,Delivered,1213.12,2025-01-18,Reefer 20ft,15000,26.0,1.071,Accepted,2025-01-20,2025-01-20,0,On-Time,Outbound
SHP-01265,LD-01265,2024-09-22,September,2024,Blue Dart,Road,Household,India,West,Maharashtra,Mumbai,400001,Mumbai,India,North,Uttar Pradesh,Lucknow,226001,Lucknow,1454,233.0,2,Delivered,5051.15,2024-09-22,20ft Container,18000,28.0,0.2802,Accepted,2024-09-24,2024-09-24,0,On-Time,Outbound
SHP-01266,LD-01266,2024-10-12,October,2024,Delhivery,Road,Personal Care,India,West,Maharashtra,Mumbai,400001,Mumbai,India,Central,Madhya Pradesh,Bhopal,462001,Bhopal,786,139.5,1,Delivered,2240.95,2024-10-12,32ft Container,25000,38.0,0.1663,Accepted,2024-10-13,2024-10-13,0,On-Time,Outbound
SHP-01267,LD-01267,2025-01-17,January,2025,Blue Dart,Road,Household,India,West,Maharashtra,Mumbai,400001,Mumbai,India,South,Kerala,Kochi,682001,Kochi,1233,849.7,2,Delivered,3700.12,2025-01-17,32ft Container,25000,38.0,0.9809,Accepted,2025-01-19,2025-01-19,0,On-Time,Outbound
SHP-01268,LD-01268,2024-09-24,September,2024,Gati Kinetic,Road,Food & Beverages,India,West,Maharashtra,Mumbai,400001,Mumbai,India,West,Maharashtra,Nagpur,440001,Nagpur,817,325.4,2,Delivered,2075.1,2024-09-24,Reefer 20ft,15000,26.0,0.39,Accepted,2024-09-26,2024-09-26,0,On-Time,Outbound
SHP-01269,LD-01269,2024-10-09,October,2024,Ekart Logistics,Road,Household,India,West,Maharashtra,Mumbai,400001,Mumbai,India,Central,Madhya Pradesh,Bhopal,462001,Bhopal,764,787.9,3,Delivered,1593.21,2024-10-09,LCV,3500,9.0,0.9305,Accepted,2024-10-12,2024-10-16,4,Delayed,Outbound
SHP-01270,LD-01270,2024-09-29,September,2024,Gati Kinetic,Road,Personal Care,India,North,Delhi,Delhi,110001,Delhi,India,West,Maharashtra,Nagpur,440001,Nagpur,1093,202.0,2,Delivered,2829.78,2024-09-29,LCV,3500,9.0,0.2249,Accepted,2024-10-01,2024-10-01,0,On-Time,Outbound
SHP-01271,LD-01271,2024-12-06,December,2024,DTDC,Road,Personal Care,India,South,Karnataka,Bangalore,560001,Bangalore,India,South,Telangana,Hyderabad,500001,Hyderabad,575,110.2,3,Delivered,1149.93,2024-12-06,LCV,3500,9.0,0.1149,Accepted,2024-12-09,2024-12-09,0,On-Time,Outbound
SHP-01272,LD-01272,2024-12-06,December,2024,Ekart Logistics,Road,Household,India,West,Maharashtra,Mumbai,400001,Mumbai,India,South,Tamil Nadu,Chennai,600001,Chennai,1319,901.1,2,Delivered,2454.23,2024-12-06,Reefer 20ft,15000,26.0,1.0635,Accepted,2024-12-08,2024-12-08,0,On-Time,Outbound
SHP-01273,LD-01273,2024-09-27,September,2024,DTDC,Road,Household,India,North,Delhi,Delhi,110001,Delhi,India,Central,Madhya Pradesh,Bhopal,462001,Bhopal,748,717.2,4,Delivered,1481.15,2024-09-27,Reefer 20ft,15000,26.0,0.8305,Accepted,2024-10-01,2024-10-01,0,On-Time,Outbound
SHP-01274,LD-01274,2024-12-12,December,2024,Ekart Logistics,Road,Personal Care,India,North,Delhi,Delhi,110001,Delhi,India,South,Tamil Nadu,Chennai,600001,Chennai,2175,22.1,5,Delivered,4332.19,2024-12-12,LCV,3500,9.0,0.0274,Accepted,2024-12-17,2024-12-17,0,On-Time,Outbound
SHP-01275,LD-01275,2025-01-26,January,2025,Ekart Logistics,Road,Personal Care,India,South,Karnataka,Bangalore,560001,Bangalore,India,South,Kerala,Kochi,682001,Kochi,632,25.0,5,Delivered,1304.75,2025-01-26,32ft Container,25000,38.0,0.0306,Accepted,2025-01-31,2025-01-31,0,On-Time,Outbound
SHP-01276,LD-01276,2024-12-14,December,2024,Delhivery,Road,Food & Beverages,India,South,Karnataka,Bangalore,560001,Bangalore,India,North,Uttar Pradesh,Lucknow,226001,Lucknow,2042,174.3,3,Delivered,5753.42,2024-12-14,32ft Container,25000,38.0,0.2031,Accepted,2024-12-17,2024-12-17,0,On-Time,Outbound
SHP-01277,LD-01277,2024-11-25,November,2024,Gati Kinetic,Road,Household,India,South,Karnataka,Bangalore,560001,Bangalore,India,North,Rajasthan,Jaipur,302001,Jaipur,1909,1063.5,2,Delivered,4212.65,2024-11-25,20ft Container,18000,28.0,1.2557,Accepted,2024-11-27,2024-11-27,0,On-Time,Outbound
SHP-01278,LD-01278,2024-11-10,November,2024,DTDC,Road,Household,India,North,Delhi,Delhi,110001,Delhi,India,South,Telangana,Hyderabad,500001,Hyderabad,1597,553.1,1,Delivered,3802.59,2024-11-10,MCV,8000,18.0,0.692,Accepted,2024-11-11,2024-11-11,0,On-Time,Outbound
SHP-01279,LD-01279,2025-01-31,January,2025,DTDC,Road,Food & Beverages,India,South,Karnataka,Bangalore,560001,Bangalore,India,North,Uttar Pradesh,Lucknow,226001,Lucknow,2049,1004.9,3,Delivered,4144.38,2025-01-31,Reefer 20ft,15000,26.0,1.2564,Rejected,2025-02-03,2025-02-03,0,On-Time,Outbound
SHP-01280,LD-01280,2024-09-27,September,2024,Ekart Logistics,Road,Personal Care,India,West,Maharashtra,Mumbai,400001,Mumbai,India,North,Punjab,Chandigarh,160001,Chandigarh,1574,45.0,2,Delivered,3099.01,2024-09-27,LCV,3500,9.0,0.0583,Accepted,2024-09-29,2024-09-29,0,On-Time,Outbound
SHP-01281,LD-01281,2024-12-11,December,2024,Ekart Logistics,Road,Household,India,South,Karnataka,Bangalore,560001,Bangalore,India,South,Telangana,Hyderabad,500001,Hyderabad,556,383.3,3,Delivered,1131.65,2024-12-11,LCV,3500,9.0,0.4767,Accepted,2024-12-14,2024-12-14,0,On-Time,Outbound
SHP-01282,LD-01282,2024-10-02,October,2024,Blue Dart,Road,Household,India,South,Karnataka,Bangalore,560001,Bangalore,India,West,Gujarat,Ahmedabad,380001,Ahmedabad,1483,298.6,2,Delivered,4504.9,2024-10-02,MCV,8000,18.0,0.3761,Accepted,2024-10-04,2024-10-04,0,On-Time,Outbound
SHP-01283,LD-01283,2024-09-30,September,2024,DTDC,Road,Food & Beverages,India,South,Karnataka,Bangalore,560001,Bangalore,India,West,Gujarat,Ahmedabad,380001,Ahmedabad,1473,498.9,4,Delivered,3189.56,2024-09-30,MCV,8000,18.0,0.6199,Accepted,2024-10-04,2024-10-04,0,On-Time,Outbound
SHP-01284,LD-01284,2025-01-10,January,2025,Blue Dart,Road,Personal Care,India,South,Karnataka,Bangalore,560001,Bangalore,India,North,Uttar Pradesh,Lucknow,226001,Lucknow,2078,23.1,3,Delivered,6857.15,2025-01-10,20ft Container,18000,28.0,0.0297,Accepted,2025-01-13,2025-01-13,0,On-Time,Outbound
SHP-01285,LD-01285,2025-01-27,January,2025,Ekart Logistics,Road,Personal Care,India,North,Delhi,Delhi,110001,Delhi,India,South,Tamil Nadu,Chennai,600001,Chennai,2181,124.5,5,Delivered,4283.89,2025-01-27,MCV,8000,18.0,0.1302,Accepted,2025-02-01,2025-02-04,3,Delayed,Outbound
SHP-01286,LD-01286,2024-09-04,September,2024,Delhivery,Road,Personal Care,India,West,Maharashtra,Mumbai,400001,Mumbai,India,South,Tamil Nadu,Chennai,600001,Chennai,1334,97.1,3,Delivered,3740.64,2024-09-04,LCV,3500,9.0,0.1009,Accepted,2024-09-07,2024-09-10,3,Delayed,Outbound
SHP-01287,LD-01287,2024-10-20,October,2024,Delhivery,Road,Household,India,West,Maharashtra,Mumbai,400001,Mumbai,India,West,Maharashtra,Pune,411001,Pune,170,399.7,2,Delivered,409.36,2024-10-20,MCV,8000,18.0,0.5098,Accepted,2024-10-22,2024-10-22,0,On-Time,Outbound
SHP-01288,LD-01288,2024-09-14,September,2024,DTDC,Road,Personal Care,India,West,Maharashtra,Mumbai,400001,Mumbai,India,West,Maharashtra,Pune,411001,Pune,164,106.6,3,Delivered,391.97,2024-09-14,20ft Container,18000,28.0,0.1505,Accepted,2024-09-17,2024-09-17,0,On-Time,Outbound
SHP-01289,LD-01289,2024-10-09,October,2024,Delhivery,Road,Personal Care,India,North,Delhi,Delhi,110001,Delhi,India,North,Rajasthan,Jaipur,302001,Jaipur,258,179.8,4,Delivered,706.19,2024-10-09,MCV,8000,18.0,0.2053,Accepted,2024-10-13,2024-10-13,0,On-Time,Outbound
SHP-01290,LD-01290,2024-09-21,September,2024,Blue Dart,Road,Food & Beverages,India,West,Maharashtra,Mumbai,400001,Mumbai,India,West,Gujarat,Ahmedabad,380001,Ahmedabad,552,95.8,2,Delivered,1927.69,2024-09-21,Reefer 20ft,15000,26.0,0.1219,Accepted,2024-09-23,2024-09-23,0,On-Time,Outbound
SHP-01291,LD-01291,2024-09-02,September,2024,Blue Dart,Road,Personal Care,India,South,Karnataka,Bangalore,560001,Bangalore,India,North,Punjab,Chandigarh,160001,Chandigarh,2278,138.3,2,Delivered,6846.22,2024-09-02,Reefer 20ft,15000,26.0,0.1763,Rejected,2024-09-04,2024-09-04,0,On-Time,Outbound
SHP-01292,LD-01292,2024-12-23,December,2024,DTDC,Road,Food & Beverages,India,South,Karnataka,Bangalore,560001,Bangalore,India,West,Maharashtra,Nagpur,440001,Nagpur,1084,374.6,3,Delivered,2224.59,2024-12-23,LCV,3500,9.0,0.4245,Accepted,2024-12-26,2024-12-29,3,Delayed,Outbound
SHP-01293,LD-01293,2024-10-13,October,2024,Blue Dart,Road,Household,India,North,Delhi,Delhi,110001,Delhi,India,North,Uttar Pradesh,Lucknow,226001,Lucknow,571,875.5,2,Delivered,1785.49,2024-10-13,Reefer 20ft,15000,26.0,1.0633,Accepted,2024-10-15,2024-10-15,0,On-Time,Outbound
SHP-01294,LD-01294,2024-11-29,November,2024,Ekart Logistics,Road,Household,India,North,Delhi,Delhi,110001,Delhi,India,South,Kerala,Kochi,682001,Kochi,2714,757.1,3,Delivered,5700.68,2024-11-29,Reefer 20ft,15000,26.0,0.9041,Accepted,2024-12-02,2024-12-02,0,On-Time,Outbound
SHP-01295,LD-01295,2024-09-13,September,2024,DTDC,Road,Household,India,West,Maharashtra,Mumbai,400001,Mumbai,India,West,Maharashtra,Pune,411001,Pune,174,229.0,3,Delivered,411.9,2024-09-13,32ft Container,25000,38.0,0.2745,Accepted,2024-09-16,2024-09-16,0,On-Time,Outbound
SHP-01296,LD-01296,2024-11-13,November,2024,Gati Kinetic,Road,Food & Beverages,India,North,Delhi,Delhi,110001,Delhi,India,North,Uttar Pradesh,Lucknow,226001,Lucknow,571,288.8,2,Delivered,1456.9,2024-11-13,Reefer 20ft,15000,26.0,0.3454,Accepted,2024-11-15,2024-11-15,0,On-Time,Outbound
SHP-01297,LD-01297,2024-11-02,November,2024,Delhivery,Road,Food & Beverages,India,West,Maharashtra,Mumbai,400001,Mumbai,India,North,Punjab,Chandigarh,160001,Chandigarh,1564,126.0,2,Delivered,4216.92,2024-11-02,Reefer 20ft,15000,26.0,0.1612,Accepted,2024-11-04,2024-11-04,0,On-Time,Outbound
SHP-01298,LD-01298,2025-02-15,February,2025,Blue Dart,Road,Personal Care,India,West,Maharashtra,Mumbai,400001,Mumbai,India,West,Maharashtra,Pune,411001,Pune,136,55.5,1,Delivered,420.31,2025-02-15,20ft Container,18000,28.0,0.0753,Accepted,2025-02-16,2025-02-16,0,On-Time,Outbound
SHP-01299,LD-01299,2024-10-29,October,2024,Ekart Logistics,Road,Personal Care,India,North,Delhi,Delhi,110001,Delhi,India,North,Punjab,Chandigarh,160001,Chandigarh,220,98.5,2,Delivered,399.15,2024-10-29,LCV,3500,9.0,0.1137,Accepted,2024-10-31,2024-10-31,0,On-Time,Outbound
SHP-01300,LD-01300,2024-09-18,September,2024,Ekart Logistics,Road,Household,India,South,Karnataka,Bangalore,560001,Bangalore,India,North,Rajasthan,Jaipur,302001,Jaipur,1892,1205.7,3,Delivered,4154.0,2024-09-18,MCV,8000,18.0,1.5383,Accepted,2024-09-21,2024-09-21,0,On-Time,Outbound
SHP-01301,LD-01301,2024-11-07,November,2024,DTDC,Road,Food & Beverages,India,West,Maharashtra,Mumbai,400001,Mumbai,India,West,Maharashtra,Pune,411001,Pune,148,346.1,3,Delivered,338.92,2024-11-07,32ft Container,25000,38.0,0.4467,Accepted,2024-11-10,2024-11-10,0,On-Time,Outbound
SHP-01302,LD-01302,2025-02-12,February,2025,Delhivery,Road,Food & Beverages,India,North,Delhi,Delhi,110001,Delhi,India,West,Maharashtra,Pune,411001,Pune,1477,922.2,2,Delivered,3752.64,2025-02-12,Reefer 20ft,15000,26.0,1.0782,Accepted,2025-02-14,2025-02-14,0,On-Time,Outbound
SHP-01303,LD-01303,2025-01-14,January,2025,Ekart Logistics,Road,Personal Care,India,South,Karnataka,Bangalore,560001,Bangalore,India,North,Punjab,Chandigarh,160001,Chandigarh,2314,86.5,4,Delivered,4288.16,2025-01-14,Reefer 20ft,15000,26.0,0.1011,Accepted,2025-01-18,2025-01-18,0,On-Time,Outbound
SHP-01304,LD-01304,2024-11-04,November,2024,Delhivery,Road,Personal Care,India,West,Maharashtra,Mumbai,400001,Mumbai,India,South,Kerala,Kochi,682001,Kochi,1225,75.3,4,Delivered,3027.43,2024-11-04,MCV,8000,18.0,0.0992,Accepted,2024-11-08,2024-11-08,0,On-Time,Outbound
SHP-01305,LD-01305,2025-01-30,January,2025,Delhivery,Road,Food & Beverages,India,North,Delhi,Delhi,110001,Delhi,India,Central,Madhya Pradesh,Bhopal,462001,Bhopal,741,56.1,2,Delivered,1884.95,2025-01-30,MCV,8000,18.0,0.0652,Accepted,2025-02-01,2025-02-01,0,On-Time,Outbound
SHP-01306,LD-01306,2025-01-11,January,2025,Delhivery,Road,Food & Beverages,India,South,Karnataka,Bangalore,560001,Bangalore,India,South,Telangana,Hyderabad,500001,Hyderabad,535,106.9,2,Delivered,1303.4,2025-01-11,20ft Container,18000,28.0,0.1216,Accepted,2025-01-13,2025-01-18,5,Delayed,Outbound
SHP-01307,LD-01307,2025-01-12,January,2025,Blue Dart,Road,Personal Care,India,North,Delhi,Delhi,110001,Delhi,India,West,Gujarat,Ahmedabad,380001,Ahmedabad,958,267.5,2,Delivered,3250.79,2025-01-12,Reefer 20ft,15000,26.0,0.3418,Accepted,2025-01-14,2025-01-14,0,On-Time,Outbound
SHP-01308,LD-01308,2025-01-19,January,2025,Blue Dart,Road,Food & Beverages,India,West,Maharashtra,Mumbai,400001,Mumbai,India,North,Rajasthan,Jaipur,302001,Jaipur,1187,228.0,2,Delivered,3838.69,2025-01-19,32ft Container,25000,38.0,0.2649,Accepted,2025-01-21,2025-01-21,0,On-Time,Outbound
SHP-01309,LD-01309,2025-01-29,January,2025,Blue Dart,Road,Household,India,South,Karnataka,Bangalore,560001,Bangalore,India,South,Telangana,Hyderabad,500001,Hyderabad,555,1602.1,3,Delivered,1708.27,2025-01-29,32ft Container,25000,38.0,1.8827,Accepted,2025-02-01,2025-02-01,0,On-Time,Outbound
SHP-01310,LD-01310,2024-09-09,September,2024,Blue Dart,Road,Personal Care,India,South,Karnataka,Bangalore,560001,Bangalore,India,West,Maharashtra,Pune,411001,Pune,810,73.4,2,Delivered,2524.64,2024-09-09,32ft Container,25000,38.0,0.0844,Accepted,2024-09-11,2024-09-11,0,On-Time,Outbound
SHP-01311,LD-01311,2024-12-22,December,2024,Gati Kinetic,Road,Personal Care,India,West,Maharashtra,Mumbai,400001,Mumbai,India,West,Maharashtra,Nagpur,440001,Nagpur,800,77.5,2,Delivered,2075.52,2024-12-22,20ft Container,18000,28.0,0.0766,Accepted,2024-12-24,2024-12-24,0,On-Time,Outbound
SHP-01312,LD-01312,2024-09-24,September,2024,Blue Dart,Road,Household,India,West,Maharashtra,Mumbai,400001,Mumbai,India,South,Tamil Nadu,Chennai,600001,Chennai,1306,276.5,4,Delivered,4094.63,2024-09-24,LCV,3500,9.0,0.3473,Accepted,2024-09-28,2024-09-28,0,On-Time,Outbound
SHP-01313,LD-01313,2024-12-30,December,2024,Ekart Logistics,Road,Food & Beverages,India,South,Karnataka,Bangalore,560001,Bangalore,India,South,Tamil Nadu,Chennai,600001,Chennai,329,214.3,3,Delivered,641.93,2024-12-30,Reefer 20ft,15000,26.0,0.2358,Accepted,2025-01-02,2025-01-02,0,On-Time,Outbound
SHP-01314,LD-01314,2024-10-11,October,2024,Gati Kinetic,Road,Personal Care,India,South,Karnataka,Bangalore,560001,Bangalore,India,West,Maharashtra,Nagpur,440001,Nagpur,1063,77.9,2,Delivered,2754.13,2024-10-11,Reefer 20ft,15000,26.0,0.0954,Accepted,2024-10-13,2024-10-13,0,On-Time,Outbound
SHP-01315,LD-01315,2025-02-05,February,2025,Gati Kinetic,Road,Food & Beverages,India,West,Maharashtra,Mumbai,400001,Mumbai,India,Central,Madhya Pradesh,Bhopal,462001,Bhopal,751,262.5,4,Delivered,1872.05,2025-02-05,MCV,8000,18.0,0.3124,Accepted,2025-02-09,2025-02-09,0,On-Time,Outbound
SHP-01316,LD-01316,2024-12-20,December,2024,Delhivery,Road,Food & Beverages,India,North,Delhi,Delhi,110001,Delhi,India,North,Rajasthan,Jaipur,302001,Jaipur,285,262.7,3,Delivered,790.06,2024-12-20,Reefer 20ft,15000,26.0,0.3143,Accepted,2024-12-23,2024-12-23,0,On-Time,Outbound
SHP-01317,LD-01317,2025-01-20,January,2025,Blue Dart,Road,Food & Beverages,India,North,Delhi,Delhi,110001,Delhi,India,South,Tamil Nadu,Chennai,600001,Chennai,2171,315.8,2,Delivered,6961.78,2025-01-20,LCV,3500,9.0,0.3733,Accepted,2025-01-22,2025-01-22,0,On-Time,Outbound
SHP-01318,LD-01318,2024-12-26,December,2024,Gati Kinetic,Road,Food & Beverages,India,North,Delhi,Delhi,110001,Delhi,India,South,Kerala,Kochi,682001,Kochi,2720,77.9,1,Delivered,5972.63,2024-12-26,32ft Container,25000,38.0,0.0949,Accepted,2024-12-27,2024-12-27,0,On-Time,Outbound
SHP-01319,LD-01319,2024-11-11,November,2024,Delhivery,Road,Household,India,South,Karnataka,Bangalore,560001,Bangalore,India,Central,Madhya Pradesh,Bhopal,462001,Bhopal,1441,338.2,2,Delivered,3755.76,2024-11-11,MCV,8000,18.0,0.4243,Rejected,2024-11-13,2024-11-13,0,On-Time,Outbound
SHP-01320,LD-01320,2024-11-08,November,2024,DTDC,Road,Food & Beverages,India,North,Delhi,Delhi,110001,Delhi,India,South,Tamil Nadu,Chennai,600001,Chennai,2170,161.8,2,Delivered,4712.05,2024-11-08,20ft Container,18000,28.0,0.1793,Accepted,2024-11-10,2024-11-10,0,On-Time,Outbound
SHP-01321,LD-01321,2024-10-03,October,2024,Delhivery,Road,Personal Care,India,North,Delhi,Delhi,110001,Delhi,India,West,Maharashtra,Nagpur,440001,Nagpur,1109,101.5,1,Delivered,3001.12,2024-10-03,32ft Container,25000,38.0,0.1292,Accepted,2024-10-04,2024-10-04,0,On-Time,Outbound
SHP-01322,LD-01322,2024-10-14,October,2024,Gati Kinetic,Road,Household,India,West,Maharashtra,Mumbai,400001,Mumbai,India,West,Gujarat,Ahmedabad,380001,Ahmedabad,558,441.5,4,Delivered,1355.27,2024-10-14,32ft Container,25000,38.0,0.5238,Accepted,2024-10-18,2024-10-18,0,On-Time,Outbound
SHP-01323,LD-01323,2024-09-15,September,2024,Blue Dart,Road,Food & Beverages,India,South,Karnataka,Bangalore,560001,Bangalore,India,South,Tamil Nadu,Chennai,600001,Chennai,325,269.0,1,Delivered,964.34,2024-09-15,32ft Container,25000,38.0,0.3237,Accepted,2024-09-16,2024-09-16,0,On-Time,Outbound
SHP-01324,LD-01324,2024-09-02,September,2024,DTDC,Road,Food & Beverages,India,West,Maharashtra,Mumbai,400001,Mumbai,India,Central,Madhya Pradesh,Bhopal,462001,Bhopal,755,307.6,3,Delivered,1533.49,2024-09-02,20ft Container,18000,28.0,0.3801,Accepted,2024-09-05,2024-09-05,0,On-Time,Outbound
SHP-01325,LD-01325,2024-12-28,December,2024,Delhivery,Road,Food & Beverages,India,North,Delhi,Delhi,110001,Delhi,India,West,Maharashtra,Nagpur,440001,Nagpur,1064,513.5,4,Delivered,3013.72,2024-12-28,LCV,3500,9.0,0.6676,Accepted,2025-01-01,2025-01-01,0,On-Time,Outbound
SHP-01326,LD-01326,2024-10-05,October,2024,Ekart Logistics,Road,Personal Care,India,West,Maharashtra,Mumbai,400001,Mumbai,India,West,Gujarat,Ahmedabad,380001,Ahmedabad,500,69.1,4,Delivered,1091.4,2024-10-05,20ft Container,18000,28.0,0.0911,Accepted,2024-10-09,2024-10-09,0,On-Time,Outbound
SHP-01327,LD-01327,2025-01-25,January,2025,Ekart Logistics,Road,Personal Care,India,South,Karnataka,Bangalore,560001,Bangalore,India,North,Rajasthan,Jaipur,302001,Jaipur,1896,102.6,3,Delivered,3862.61,2025-01-25,MCV,8000,18.0,0.1148,Accepted,2025-01-28,2025-01-28,0,On-Time,Outbound
SHP-01328,LD-01328,2025-01-31,January,2025,Delhivery,Road,Personal Care,India,West,Maharashtra,Mumbai,400001,Mumbai,India,West,Maharashtra,Pune,411001,Pune,179,97.8,2,Delivered,432.01,2025-01-31,Reefer 20ft,15000,26.0,0.1,Accepted,2025-02-02,2025-02-03,1,Delayed,Outbound
SHP-01329,LD-01329,2024-10-25,October,2024,Blue Dart,Road,Personal Care,India,West,Maharashtra,Mumbai,400001,Mumbai,India,Central,Madhya Pradesh,Bhopal,462001,Bhopal,775,50.4,2,Delivered,2342.0,2024-10-25,Reefer 20ft,15000,26.0,0.0644,Accepted,2024-10-27,2024-10-27,0,On-Time,Outbound
SHP-01330,LD-01330,2024-12-02,December,2024,Delhivery,Road,Personal Care,India,West,Maharashtra,Mumbai,400001,Mumbai,India,South,Tamil Nadu,Chennai,600001,Chennai,1326,275.3,2,Delivered,3468.24,2024-12-02,32ft Container,25000,38.0,0.3419,Accepted,2024-12-04,2024-12-04,0,On-Time,Outbound
SHP-01331,LD-01331,2024-09-10,September,2024,Gati Kinetic,Road,Personal Care,India,West,Maharashtra,Mumbai,400001,Mumbai,India,Central,Madhya Pradesh,Bhopal,462001,Bhopal,762,83.2,2,Delivered,1846.05,2024-09-10,Reefer 20ft,15000,26.0,0.1114,Accepted,2024-09-12,2024-09-12,0,On-Time,Outbound
SHP-01332,LD-01332,2025-02-09,February,2025,Gati Kinetic,Road,Food & Beverages,India,West,Maharashtra,Mumbai,400001,Mumbai,India,South,Telangana,Hyderabad,500001,Hyderabad,732,155.6,3,Delivered,1737.24,2025-02-09,MCV,8000,18.0,0.1924,Accepted,2025-02-12,2025-02-12,0,On-Time,Outbound
SHP-01333,LD-01333,2024-12-24,December,2024,DTDC,Road,Food & Beverages,India,North,Delhi,Delhi,110001,Delhi,India,North,Punjab,Chandigarh,160001,Chandigarh,222,262.6,2,Delivered,492.39,2024-12-24,Reefer 20ft,15000,26.0,0.315,Accepted,2024-12-26,2024-12-26,0,On-Time,Outbound
SHP-01334,LD-01334,2025-01-05,January,2025,Blue Dart,Road,Personal Care,India,West,Maharashtra,Mumbai,400001,Mumbai,India,North,Rajasthan,Jaipur,302001,Jaipur,1136,102.5,3,Delivered,3963.13,2025-01-05,32ft Container,25000,38.0,0.1126,Accepted,2025-01-08,2025-01-08,0,On-Time,Outbound
SHP-01335,LD-01335,2024-09-25,September,2024,Gati Kinetic,Road,Food & Beverages,India,West,Maharashtra,Mumbai,400001,Mumbai,India,Central,Madhya Pradesh,Bhopal,462001,Bhopal,760,1183.7,3,Delivered,1872.83,2024-09-25,32ft Container,25000,38.0,1.4632,Accepted,2024-09-28,2024-09-28,0,On-Time,Outbound
SHP-01336,LD-01336,2024-11-20,November,2024,Delhivery,Road,Household,India,South,Karnataka,Bangalore,560001,Bangalore,India,West,Maharashtra,Pune,411001,Pune,821,323.3,2,Delivered,2108.02,2024-11-20,32ft Container,25000,38.0,0.3783,Accepted,2024-11-22,2024-11-23,1,Delayed,Outbound
SHP-01337,LD-01337,2024-09-03,September,2024,Blue Dart,Road,Personal Care,India,South,Karnataka,Bangalore,560001,Bangalore,India,West,Maharashtra,Pune,411001,Pune,868,30.7,1,Delivered,2987.87,2024-09-03,32ft Container,25000,38.0,0.0414,Accepted,2024-09-04,2024-09-04,0,On-Time,Outbound
SHP-01338,LD-01338,2024-12-22,December,2024,DTDC,Road,Personal Care,India,South,Karnataka,Bangalore,560001,Bangalore,India,West,Maharashtra,Nagpur,440001,Nagpur,1036,107.2,4,Delivered,2399.99,2024-12-22,MCV,8000,18.0,0.1432,Accepted,2024-12-26,2024-12-26,0,On-Time,Outbound
SHP-01339,LD-01339,2025-01-19,January,2025,Ekart Logistics,Road,Food & Beverages,India,North,Delhi,Delhi,110001,Delhi,India,South,Kerala,Kochi,682001,Kochi,2673,73.3,2,Delivered,4821.8,2025-01-19,20ft Container,18000,28.0,0.0846,Accepted,2025-01-21,2025-01-21,0,On-Time,Outbound
SHP-01340,LD-01340,2024-11-17,November,2024,Delhivery,Road,Personal Care,India,South,Karnataka,Bangalore,560001,Bangalore,India,West,Maharashtra,Nagpur,440001,Nagpur,1090,149.8,3,Delivered,2568.42,2024-11-17,32ft Container,25000,38.0,0.203,Accepted,2024-11-20,2024-11-20,0,On-Time,Outbound
SHP-01341,LD-01341,2024-11-12,November,2024,Ekart Logistics,Road,Food & Beverages,India,North,Delhi,Delhi,110001,Delhi,India,Central,Madhya Pradesh,Bhopal,462001,Bhopal,774,253.5,2,Delivered,1504.4,2024-11-12,32ft Container,25000,38.0,0.292,Accepted,2024-11-14,2024-11-16,2,Delayed,Outbound
SHP-01342,LD-01342,2024-11-27,November,2024,Ekart Logistics,Road,Personal Care,India,North,Delhi,Delhi,110001,Delhi,India,West,Maharashtra,Pune,411001,Pune,1490,9.6,3,Delivered,3026.25,2024-11-27,Reefer 20ft,15000,26.0,0.014,Accepted,2024-11-30,2024-11-30,0,On-Time,Outbound
SHP-01343,LD-01343,2025-01-19,January,2025,Gati Kinetic,Road,Personal Care,India,West,Maharashtra,Mumbai,400001,Mumbai,India,West,Maharashtra,Nagpur,440001,Nagpur,832,182.7,1,Delivered,1903.77,2025-01-19,MCV,8000,18.0,0.2182,Accepted,2025-01-20,2025-01-20,0,On-Time,Outbound
SHP-01344,LD-01344,2025-01-24,January,2025,Delhivery,Road,Personal Care,India,South,Karnataka,Bangalore,560001,Bangalore,India,South,Telangana,Hyderabad,500001,Hyderabad,566,112.4,2,Delivered,1459.38,2025-01-24,MCV,8000,18.0,0.1377,Accepted,2025-01-26,2025-01-26,0,On-Time,Outbound
SHP-01345,LD-01345,2024-09-03,September,2024,DTDC,Road,Food & Beverages,India,North,Delhi,Delhi,110001,Delhi,India,West,Maharashtra,Pune,411001,Pune,1441,191.6,2,Delivered,3034.43,2024-09-03,MCV,8000,18.0,0.2115,Accepted,2024-09-05,2024-09-05,0,On-Time,Outbound
SHP-01346,LD-01346,2024-09-16,September,2024,Ekart Logistics,Road,Household,India,West,Maharashtra,Mumbai,400001,Mumbai,India,North,Uttar Pradesh,Lucknow,226001,Lucknow,1439,756.7,2,Delivered,2780.74,2024-09-16,32ft Container,25000,38.0,0.8745,Accepted,2024-09-18,2024-09-18,0,On-Time,Outbound
SHP-01347,LD-01347,2024-09-11,September,2024,Ekart Logistics,Road,Household,India,North,Delhi,Delhi,110001,Delhi,India,West,Gujarat,Ahmedabad,380001,Ahmedabad,958,79.1,4,Delivered,1883.05,2024-09-11,Reefer 20ft,15000,26.0,0.0979,Accepted,2024-09-15,2024-09-15,0,On-Time,Outbound
SHP-01348,LD-01348,2024-09-23,September,2024,Blue Dart,Road,Personal Care,India,North,Delhi,Delhi,110001,Delhi,India,North,Uttar Pradesh,Lucknow,226001,Lucknow,584,33.7,1,Delivered,2022.82,2024-09-23,LCV,3500,9.0,0.0339,Accepted,2024-09-24,2024-09-24,0,On-Time,Outbound
SHP-01349,LD-01349,2024-12-25,December,2024,Ekart Logistics,Road,Food & Beverages,India,South,Karnataka,Bangalore,560001,Bangalore,India,Central,Madhya Pradesh,Bhopal,462001,Bhopal,1422,235.7,3,Delivered,2690.96,2024-12-25,MCV,8000,18.0,0.2771,Accepted,2024-12-28,2024-12-28,0,On-Time,Outbound
SHP-01350,LD-01350,2024-10-07,October,2024,Blue Dart,Road,Food & Beverages,India,West,Maharashtra,Mumbai,400001,Mumbai,India,North,Uttar Pradesh,Lucknow,226001,Lucknow,1464,173.7,2,Delivered,4774.6,2024-10-07,20ft Container,18000,28.0,0.2239,Rejected,2024-10-09,2024-10-09,0,On-Time,Outbound
SHP-01351,LD-01351,2024-11-28,November,2024,Blue Dart,Road,Food & Beverages,India,West,Maharashtra,Mumbai,400001,Mumbai,India,North,Rajasthan,Jaipur,302001,Jaipur,1176,220.3,2,Delivered,3883.81,2024-11-28,Reefer 20ft,15000,26.0,0.2349,Rejected,2024-11-30,2024-11-30,0,On-Time,Outbound
SHP-01352,LD-01352,2025-01-25,January,2025,Ekart Logistics,Road,Household,India,South,Karnataka,Bangalore,560001,Bangalore,India,North,Rajasthan,Jaipur,302001,Jaipur,1902,524.8,5,Delivered,3755.71,2025-01-25,20ft Container,18000,28.0,0.6121,Accepted,2025-01-30,2025-01-30,0,On-Time,Outbound
SHP-01353,LD-01353,2024-09-21,September,2024,Ekart Logistics,Road,Household,India,West,Maharashtra,Mumbai,400001,Mumbai,India,Central,Madhya Pradesh,Bhopal,462001,Bhopal,783,551.0,4,Delivered,1423.32,2024-09-21,Reefer 20ft,15000,26.0,0.6217,Rejected,2024-09-25,2024-09-25,0,On-Time,Outbound
SHP-01354,LD-01354,2025-01-15,January,2025,Gati Kinetic,Road,Household,India,West,Maharashtra,Mumbai,400001,Mumbai,India,South,Telangana,Hyderabad,500001,Hyderabad,740,137.8,2,Delivered,1653.3,2025-01-15,Reefer 20ft,15000,26.0,0.1844,Accepted,2025-01-17,2025-01-17,0,On-Time,Outbound
SHP-01355,LD-01355,2024-11-10,November,2024,Ekart Logistics,Road,Personal Care,India,West,Maharashtra,Mumbai,400001,Mumbai,India,North,Uttar Pradesh,Lucknow,226001,Lucknow,1420,63.8,3,Delivered,2586.66,2024-11-10,32ft Container,25000,38.0,0.0861,Accepted,2024-11-13,2024-11-13,0,On-Time,Outbound
SHP-01356,LD-01356,2024-10-03,October,2024,Ekart Logistics,Road,Household,India,South,Karnataka,Bangalore,560001,Bangalore,India,South,Tamil Nadu,Chennai,600001,Chennai,325,181.4,3,Delivered,621.07,2024-10-03,LCV,3500,9.0,0.2068,Accepted,2024-10-06,2024-10-06,0,On-Time,Outbound
SHP-01357,LD-01357,2025-01-13,January,2025,Delhivery,Road,Personal Care,India,West,Maharashtra,Mumbai,400001,Mumbai,India,South,Telangana,Hyderabad,500001,Hyderabad,727,120.1,4,Delivered,1938.33,2025-01-13,32ft Container,25000,38.0,0.1571,Rejected,2025-01-17,2025-01-22,5,Delayed,Outbound
SHP-01358,LD-01358,2024-11-10,November,2024,Blue Dart,Road,Household,India,North,Delhi,Delhi,110001,Delhi,India,South,Telangana,Hyderabad,500001,Hyderabad,1562,702.1,3,Delivered,5348.77,2024-11-10,MCV,8000,18.0,0.8938,Accepted,2024-11-13,2024-11-13,0,On-Time,Outbound
SHP-01359,LD-01359,2024-10-20,October,2024,DTDC,Road,Personal Care,India,North,Delhi,Delhi,110001,Delhi,India,South,Telangana,Hyderabad,500001,Hyderabad,1583,25.7,3,Delivered,3819.97,2024-10-20,20ft Container,18000,28.0,0.0293,Rejected,2024-10-23,2024-10-23,0,On-Time,Outbound
SHP-01360,LD-01360,2024-12-22,December,2024,Delhivery,Road,Personal Care,India,South,Karnataka,Bangalore,560001,Bangalore,India,West,Maharashtra,Nagpur,440001,Nagpur,1079,200.9,2,Delivered,2564.72,2024-12-22,32ft Container,25000,38.0,0.2452,Rejected,2024-12-24,2024-12-24,0,On-Time,Outbound
SHP-01361,LD-01361,2024-12-16,December,2024,Blue Dart,Road,Household,India,North,Delhi,Delhi,110001,Delhi,India,West,Maharashtra,Nagpur,440001,Nagpur,1087,151.1,3,Delivered,3651.68,2024-12-16,32ft Container,25000,38.0,0.1623,Accepted,2024-12-19,2024-12-19,0,On-Time,Outbound
SHP-01362,LD-01362,2024-11-03,November,2024,DTDC,Road,Household,India,North,Delhi,Delhi,110001,Delhi,India,West,Gujarat,Ahmedabad,380001,Ahmedabad,936,212.5,1,Delivered,1886.7,2024-11-03,32ft Container,25000,38.0,0.2493,Accepted,2024-11-04,2024-11-04,0,On-Time,Outbound
SHP-01363,LD-01363,2024-09-04,September,2024,Gati Kinetic,Road,Food & Beverages,India,North,Delhi,Delhi,110001,Delhi,India,North,Punjab,Chandigarh,160001,Chandigarh,268,380.8,2,Delivered,691.7,2024-09-04,MCV,8000,18.0,0.4653,Rejected,2024-09-06,2024-09-06,0,On-Time,Outbound
SHP-01364,LD-01364,2024-09-22,September,2024,Delhivery,Road,Food & Beverages,India,North,Delhi,Delhi,110001,Delhi,India,North,Punjab,Chandigarh,160001,Chandigarh,239,202.2,3,Delivered,640.79,2024-09-22,LCV,3500,9.0,0.2606,Accepted,2024-09-25,2024-09-25,0,On-Time,Outbound
SHP-01365,LD-01365,2024-11-18,November,2024,Delhivery,Road,Personal Care,India,West,Maharashtra,Mumbai,400001,Mumbai,India,North,Punjab,Chandigarh,160001,Chandigarh,1552,51.8,3,Delivered,3736.17,2024-11-18,MCV,8000,18.0,0.0604,Accepted,2024-11-21,2024-11-21,0,On-Time,Outbound
SHP-01366,LD-01366,2024-09-23,September,2024,Blue Dart,Road,Personal Care,India,North,Delhi,Delhi,110001,Delhi,India,North,Punjab,Chandigarh,160001,Chandigarh,280,74.0,3,Delivered,923.69,2024-09-23,LCV,3500,9.0,0.0813,Accepted,2024-09-26,2024-09-26,0,On-Time,Outbound
SHP-01367,LD-01367,2025-01-10,January,2025,Blue Dart,Road,Household,India,West,Maharashtra,Mumbai,400001,Mumbai,India,North,Uttar Pradesh,Lucknow,226001,Lucknow,1479,1479.8,1,Delivered,4645.3,2025-01-10,Reefer 20ft,15000,26.0,1.7192,Accepted,2025-01-11,2025-01-11,0,On-Time,Outbound
SHP-01368,LD-01368,2025-02-16,February,2025,Blue Dart,Road,Household,India,South,Karnataka,Bangalore,560001,Bangalore,India,South,Tamil Nadu,Chennai,600001,Chennai,376,392.9,1,Delivered,1115.12,2025-02-16,32ft Container,25000,38.0,0.4782,Accepted,2025-02-17,2025-02-17,0,On-Time,Outbound
SHP-01369,LD-01369,2024-12-03,December,2024,Delhivery,Road,Food & Beverages,India,West,Maharashtra,Mumbai,400001,Mumbai,India,South,Kerala,Kochi,682001,Kochi,1185,356.2,2,Delivered,3208.19,2024-12-03,20ft Container,18000,28.0,0.4283,Accepted,2024-12-05,2024-12-05,0,On-Time,Outbound
SHP-01370,LD-01370,2024-12-13,December,2024,Gati Kinetic,Road,Food & Beverages,India,South,Karnataka,Bangalore,560001,Bangalore,India,Central,Madhya Pradesh,Bhopal,462001,Bhopal,1463,441.3,3,Delivered,3348.68,2024-12-13,Reefer 20ft,15000,26.0,0.5535,Accepted,2024-12-16,2024-12-19,3,Delayed,Outbound
SHP-01371,LD-01371,2024-11-08,November,2024,Ekart Logistics,Road,Food & Beverages,India,West,Maharashtra,Mumbai,400001,Mumbai,India,North,Punjab,Chandigarh,160001,Chandigarh,1570,195.9,5,Delivered,3448.43,2024-11-08,Reefer 20ft,15000,26.0,0.2093,Accepted,2024-11-13,2024-11-13,0,On-Time,Outbound
SHP-01372,LD-01372,2024-12-07,December,2024,Ekart Logistics,Road,Personal Care,India,West,Maharashtra,Mumbai,400001,Mumbai,India,West,Maharashtra,Nagpur,440001,Nagpur,823,111.5,3,Delivered,1488.68,2024-12-07,LCV,3500,9.0,0.1307,Accepted,2024-12-10,2024-12-10,0,On-Time,Outbound
SHP-01373,LD-01373,2025-02-06,February,2025,DTDC,Road,Household,India,North,Delhi,Delhi,110001,Delhi,India,West,Maharashtra,Nagpur,440001,Nagpur,1086,410.8,1,Delivered,2332.47,2025-02-06,LCV,3500,9.0,0.5112,Accepted,2025-02-07,2025-02-07,0,On-Time,Outbound
SHP-01374,LD-01374,2024-11-01,November,2024,Blue Dart,Road,Household,India,West,Maharashtra,Mumbai,400001,Mumbai,India,North,Uttar Pradesh,Lucknow,226001,Lucknow,1427,289.8,2,Delivered,4352.41,2024-11-01,Reefer 20ft,15000,26.0,0.3669,Accepted,2024-11-03,2024-11-03,0,On-Time,Outbound
SHP-01375,LD-01375,2025-02-14,February,2025,DTDC,Road,Personal Care,India,West,Maharashtra,Mumbai,400001,Mumbai,India,West,Gujarat,Ahmedabad,380001,Ahmedabad,513,90.0,3,Delivered,1177.9,2025-02-14,LCV,3500,9.0,0.0962,Rejected,2025-02-17,2025-02-17,0,On-Time,Outbound
SHP-01376,LD-01376,2025-02-16,February,2025,Delhivery,Road,Food & Beverages,India,South,Karnataka,Bangalore,560001,Bangalore,India,North,Punjab,Chandigarh,160001,Chandigarh,2301,1035.2,4,Delivered,6509.24,2025-02-16,20ft Container,18000,28.0,1.1379,Accepted,2025-02-20,2025-02-20,0,On-Time,Outbound
SHP-01377,LD-01377,2024-09-21,September,2024,Blue Dart,Road,Household,India,North,Delhi,Delhi,110001,Delhi,India,North,Uttar Pradesh,Lucknow,226001,Lucknow,572,511.8,2,Delivered,1975.46,2024-09-21,LCV,3500,9.0,0.6273,Accepted,2024-09-23,2024-09-23,0,On-Time,Outbound
SHP-01378,LD-01378,2024-11-08,November,2024,DTDC,Road,Household,India,South,Karnataka,Bangalore,560001,Bangalore,India,South,Kerala,Kochi,682001,Kochi,665,640.7,3,Delivered,1506.34,2024-11-08,32ft Container,25000,38.0,0.7928,Accepted,2024-11-11,2024-11-11,0,On-Time,Outbound
SHP-01379,LD-01379,2024-11-27,November,2024,Gati Kinetic,Road,Food & Beverages,India,North,Delhi,Delhi,110001,Delhi,India,Central,Madhya Pradesh,Bhopal,462001,Bhopal,766,353.7,3,Delivered,1723.79,2024-11-27,LCV,3500,9.0,0.417,Accepted,2024-11-30,2024-11-30,0,On-Time,Outbound
SHP-01380,LD-01380,2025-02-13,February,2025,Blue Dart,Road,Food & Beverages,India,North,Delhi,Delhi,110001,Delhi,India,South,Tamil Nadu,Chennai,600001,Chennai,2209,442.4,2,Delivered,7121.12,2025-02-13,MCV,8000,18.0,0.512,Rejected,2025-02-15,2025-02-15,0,On-Time,Outbound
SHP-01381,LD-01381,2025-02-16,February,2025,Ekart Logistics,Road,Food & Beverages,India,West,Maharashtra,Mumbai,400001,Mumbai,India,West,Maharashtra,Pune,411001,Pune,162,71.5,4,Delivered,346.46,2025-02-16,MCV,8000,18.0,0.0891,Accepted,2025-02-20,2025-02-22,2,Delayed,Outbound
SHP-01382,LD-01382,2024-11-17,November,2024,Ekart Logistics,Road,Food & Beverages,India,West,Maharashtra,Mumbai,400001,Mumbai,India,West,Gujarat,Ahmedabad,380001,Ahmedabad,551,461.5,3,Delivered,1130.11,2024-11-17,Reefer 20ft,15000,26.0,0.5456,Accepted,2024-11-20,2024-11-20,0,On-Time,Outbound
SHP-01383,LD-01383,2024-10-02,October,2024,Delhivery,Road,Household,India,North,Delhi,Delhi,110001,Delhi,India,West,Gujarat,Ahmedabad,380001,Ahmedabad,941,846.7,2,Delivered,2293.19,2024-10-02,Reefer 20ft,15000,26.0,1.0732,Accepted,2024-10-04,2024-10-04,0,On-Time,Outbound
SHP-01384,LD-01384,2024-10-03,October,2024,DTDC,Road,Food & Beverages,India,West,Maharashtra,Mumbai,400001,Mumbai,India,South,Telangana,Hyderabad,500001,Hyderabad,689,696.9,2,Delivered,1415.45,2024-10-03,32ft Container,25000,38.0,0.8091,Accepted,2024-10-05,2024-10-08,3,Delayed,Outbound
SHP-01385,LD-01385,2024-10-19,October,2024,Ekart Logistics,Road,Household,India,West,Maharashtra,Mumbai,400001,Mumbai,India,South,Telangana,Hyderabad,500001,Hyderabad,730,267.8,3,Delivered,1417.38,2024-10-19,32ft Container,25000,38.0,0.3317,Accepted,2024-10-22,2024-10-22,0,On-Time,Outbound
SHP-01386,LD-01386,2025-01-08,January,2025,Blue Dart,Road,Personal Care,India,West,Maharashtra,Mumbai,400001,Mumbai,India,North,Punjab,Chandigarh,160001,Chandigarh,1551,11.3,2,Delivered,4853.11,2025-01-08,Reefer 20ft,15000,26.0,0.0149,Accepted,2025-01-10,2025-01-10,0,On-Time,Outbound
SHP-01387,LD-01387,2024-10-22,October,2024,Delhivery,Road,Food & Beverages,India,North,Delhi,Delhi,110001,Delhi,India,Central,Madhya Pradesh,Bhopal,462001,Bhopal,754,234.3,3,Delivered,2114.47,2024-10-22,Reefer 20ft,15000,26.0,0.2897,Accepted,2024-10-25,2024-10-25,0,On-Time,Outbound
SHP-01388,LD-01388,2025-01-05,January,2025,Blue Dart,Road,Personal Care,India,South,Karnataka,Bangalore,560001,Bangalore,India,North,Uttar Pradesh,Lucknow,226001,Lucknow,2089,84.6,3,Delivered,6554.5,2025-01-05,LCV,3500,9.0,0.0827,Accepted,2025-01-08,2025-01-08,0,On-Time,Outbound
SHP-01389,LD-01389,2024-10-08,October,2024,Delhivery,Road,Food & Beverages,India,West,Maharashtra,Mumbai,400001,Mumbai,India,South,Tamil Nadu,Chennai,600001,Chennai,1318,828.7,5,Delivered,3258.03,2024-10-08,Reefer 20ft,15000,26.0,1.007,Accepted,2024-10-13,2024-10-13,0,On-Time,Outbound
SHP-01390,LD-01390,2025-02-18,February,2025,Delhivery,Road,Food & Beverages,India,South,Karnataka,Bangalore,560001,Bangalore,India,West,Maharashtra,Nagpur,440001,Nagpur,1041,889.0,2,Delivered,2880.39,2025-02-18,MCV,8000,18.0,1.0103,Accepted,2025-02-20,2025-02-20,0,On-Time,Outbound
SHP-01391,LD-01391,2025-02-15,February,2025,DTDC,Road,Food & Beverages,India,West,Maharashtra,Mumbai,400001,Mumbai,India,South,Telangana,Hyderabad,500001,Hyderabad,714,198.7,2,Delivered,1431.13,2025-02-15,20ft Container,18000,28.0,0.23,Accepted,2025-02-17,2025-02-17,0,On-Time,Outbound
SHP-01392,LD-01392,2024-10-31,October,2024,Blue Dart,Road,Household,India,West,Maharashtra,Mumbai,400001,Mumbai,India,South,Tamil Nadu,Chennai,600001,Chennai,1341,736.3,3,Delivered,4344.14,2024-10-31,20ft Container,18000,28.0,0.8613,Accepted,2024-11-03,2024-11-03,0,On-Time,Outbound
SHP-01393,LD-01393,2024-12-08,December,2024,Delhivery,Road,Household,India,South,Karnataka,Bangalore,560001,Bangalore,India,North,Rajasthan,Jaipur,302001,Jaipur,1894,201.8,2,Delivered,4494.26,2024-12-08,LCV,3500,9.0,0.2389,Accepted,2024-12-10,2024-12-10,0,On-Time,Outbound
SHP-01394,LD-01394,2024-11-21,November,2024,DTDC,Road,Food & Beverages,India,West,Maharashtra,Mumbai,400001,Mumbai,India,West,Gujarat,Ahmedabad,380001,Ahmedabad,546,751.8,2,Delivered,1145.38,2024-11-21,MCV,8000,18.0,0.8763,Rejected,2024-11-23,2024-11-23,0,On-Time,Outbound
SHP-01395,LD-01395,2024-12-19,December,2024,DTDC,Road,Household,India,South,Karnataka,Bangalore,560001,Bangalore,India,West,Maharashtra,Pune,411001,Pune,845,444.1,2,Delivered,1857.75,2024-12-19,MCV,8000,18.0,0.4987,Accepted,2024-12-21,2024-12-21,0,On-Time,Outbound
SHP-01396,LD-01396,2024-10-06,October,2024,Blue Dart,Road,Food & Beverages,India,North,Delhi,Delhi,110001,Delhi,India,South,Kerala,Kochi,682001,Kochi,2676,744.1,2,Delivered,7939.72,2024-10-06,MCV,8000,18.0,0.9499,Accepted,2024-10-08,2024-10-08,0,On-Time,Outbound
SHP-01397,LD-01397,2024-10-22,October,2024,Blue Dart,Road,Food & Beverages,India,North,Delhi,Delhi,110001,Delhi,India,South,Tamil Nadu,Chennai,600001,Chennai,2186,972.4,2,Delivered,7631.61,2024-10-22,20ft Container,18000,28.0,1.1539,Accepted,2024-10-24,2024-10-28,4,Delayed,Outbound
SHP-01398,LD-01398,2025-01-04,January,2025,Gati Kinetic,Road,Personal Care,India,North,Delhi,Delhi,110001,Delhi,India,North,Uttar Pradesh,Lucknow,226001,Lucknow,566,105.1,2,Delivered,1328.35,2025-01-04,MCV,8000,18.0,0.104,Accepted,2025-01-06,2025-01-06,0,On-Time,Outbound
SHP-01399,LD-01399,2025-01-14,January,2025,Ekart Logistics,Road,Food & Beverages,India,West,Maharashtra,Mumbai,400001,Mumbai,India,West,Maharashtra,Pune,411001,Pune,177,549.3,2,Delivered,383.44,2025-01-14,Reefer 20ft,15000,26.0,0.6674,Accepted,2025-01-16,2025-01-16,0,On-Time,Outbound
SHP-01400,LD-01400,2024-09-24,September,2024,Ekart Logistics,Road,Household,India,North,Delhi,Delhi,110001,Delhi,India,North,Rajasthan,Jaipur,302001,Jaipur,290,83.5,3,Delivered,560.85,2024-09-24,Reefer 20ft,15000,26.0,0.1023,Accepted,2024-09-27,2024-09-27,0,On-Time,Outbound
SHP-01401,LD-01401,2024-10-01,October,2024,Delhivery,Road,Personal Care,India,North,Delhi,Delhi,110001,Delhi,India,West,Gujarat,Ahmedabad,380001,Ahmedabad,951,66.5,2,Delivered,2681.12,2024-10-01,MCV,8000,18.0,0.0713,Accepted,2024-10-03,2024-10-03,0,On-Time,Outbound
SHP-01402,LD-01402,2024-10-06,October,2024,Blue Dart,Road,Household,India,South,Karnataka,Bangalore,560001,Bangalore,India,West,Gujarat,Ahmedabad,380001,Ahmedabad,1485,125.4,2,Delivered,4559.78,2024-10-06,MCV,8000,18.0,0.1494,Accepted,2024-10-08,2024-10-08,0,On-Time,Outbound
SHP-01403,LD-01403,2024-12-17,December,2024,Blue Dart,Road,Personal Care,India,West,Maharashtra,Mumbai,400001,Mumbai,India,South,Tamil Nadu,Chennai,600001,Chennai,1315,75.0,2,Delivered,4084.29,2024-12-17,MCV,8000,18.0,0.0863,Accepted,2024-12-19,2024-12-19,0,On-Time,Outbound
SHP-01404,LD-01404,2025-01-29,January,2025,Blue Dart,Road,Personal Care,India,West,Maharashtra,Mumbai,400001,Mumbai,India,South,Telangana,Hyderabad,500001,Hyderabad,687,70.7,3,Delivered,2366.68,2025-01-29,20ft Container,18000,28.0,0.0727,Accepted,2025-02-01,2025-02-06,5,Delayed,Outbound
SHP-01405,LD-01405,2024-12-07,December,2024,Ekart Logistics,Road,Food & Beverages,India,West,Maharashtra,Mumbai,400001,Mumbai,India,North,Uttar Pradesh,Lucknow,226001,Lucknow,1453,34.0,4,Delivered,2709.03,2024-12-07,32ft Container,25000,38.0,0.0426,Accepted,2024-12-11,2024-12-11,0,On-Time,Outbound
SHP-01406,LD-01406,2024-10-31,October,2024,DTDC,Road,Household,India,North,Delhi,Delhi,110001,Delhi,India,North,Punjab,Chandigarh,160001,Chandigarh,268,193.1,4,Delivered,570.19,2024-10-31,Reefer 20ft,15000,26.0,0.2239,Accepted,2024-11-04,2024-11-04,0,On-Time,Outbound
SHP-01407,LD-01407,2024-11-03,November,2024,Gati Kinetic,Road,Food & Beverages,India,West,Maharashtra,Mumbai,400001,Mumbai,India,North,Punjab,Chandigarh,160001,Chandigarh,1590,103.9,3,Delivered,4118.75,2024-11-03,20ft Container,18000,28.0,0.1272,Accepted,2024-11-06,2024-11-09,3,Delayed,Outbound
SHP-01408,LD-01408,2025-01-29,January,2025,Ekart Logistics,Road,Food & Beverages,India,West,Maharashtra,Mumbai,400001,Mumbai,India,West,Maharashtra,Nagpur,440001,Nagpur,828,601.0,2,Delivered,1584.82,2025-01-29,Reefer 20ft,15000,26.0,0.6818,Accepted,2025-01-31,2025-01-31,0,On-Time,Outbound
SHP-01409,LD-01409,2024-09-05,September,2024,DTDC,Road,Food & Beverages,India,West,Maharashtra,Mumbai,400001,Mumbai,India,North,Punjab,Chandigarh,160001,Chandigarh,1548,78.3,2,Delivered,3477.42,2024-09-05,MCV,8000,18.0,0.0967,Accepted,2024-09-07,2024-09-07,0,On-Time,Outbound
SHP-01410,LD-01410,2025-02-12,February,2025,Ekart Logistics,Road,Household,India,North,Delhi,Delhi,110001,Delhi,India,West,Maharashtra,Nagpur,440001,Nagpur,1107,162.4,2,Delivered,2329.24,2025-02-12,20ft Container,18000,28.0,0.1997,Accepted,2025-02-14,2025-02-14,0,On-Time,Outbound
SHP-01411,LD-01411,2025-01-01,January,2025,Blue Dart,Road,Food & Beverages,India,North,Delhi,Delhi,110001,Delhi,India,North,Uttar Pradesh,Lucknow,226001,Lucknow,548,130.4,1,Delivered,1696.32,2025-01-01,MCV,8000,18.0,0.1662,Accepted,2025-01-02,2025-01-02,0,On-Time,Outbound
SHP-01412,LD-01412,2024-11-02,November,2024,Blue Dart,Road,Household,India,North,Delhi,Delhi,110001,Delhi,India,North,Uttar Pradesh,Lucknow,226001,Lucknow,534,504.8,2,Delivered,1785.2,2024-11-02,20ft Container,18000,28.0,0.5891,Accepted,2024-11-04,2024-11-04,0,On-Time,Outbound
SHP-01413,LD-01413,2024-12-01,December,2024,Delhivery,Road,Personal Care,India,North,Delhi,Delhi,110001,Delhi,India,West,Gujarat,Ahmedabad,380001,Ahmedabad,925,169.3,2,Delivered,2256.04,2024-12-01,Reefer 20ft,15000,26.0,0.1928,Accepted,2024-12-03,2024-12-03,0,On-Time,Outbound
SHP-01414,LD-01414,2025-01-21,January,2025,Blue Dart,Road,Household,India,South,Karnataka,Bangalore,560001,Bangalore,India,South,Kerala,Kochi,682001,Kochi,645,633.3,2,Delivered,1980.76,2025-01-21,LCV,3500,9.0,0.7621,Accepted,2025-01-23,2025-01-23,0,On-Time,Outbound
SHP-01415,LD-01415,2024-10-27,October,2024,Gati Kinetic,Road,Personal Care,India,West,Maharashtra,Mumbai,400001,Mumbai,India,North,Punjab,Chandigarh,160001,Chandigarh,1550,90.5,3,Delivered,4041.99,2024-10-27,MCV,8000,18.0,0.1044,Accepted,2024-10-30,2024-10-30,0,On-Time,Outbound
SHP-01416,LD-01416,2024-11-19,November,2024,Delhivery,Road,Personal Care,India,North,Delhi,Delhi,110001,Delhi,India,South,Telangana,Hyderabad,500001,Hyderabad,1582,31.7,3,Delivered,4072.7,2024-11-19,32ft Container,25000,38.0,0.0297,Accepted,2024-11-22,2024-11-22,0,On-Time,Outbound
SHP-01417,LD-01417,2024-09-08,September,2024,Ekart Logistics,Road,Personal Care,India,South,Karnataka,Bangalore,560001,Bangalore,India,North,Punjab,Chandigarh,160001,Chandigarh,2294,192.8,4,Delivered,4820.39,2024-09-08,LCV,3500,9.0,0.2489,Accepted,2024-09-12,2024-09-12,0,On-Time,Outbound
SHP-01418,LD-01418,2024-12-22,December,2024,Gati Kinetic,Road,Household,India,North,Delhi,Delhi,110001,Delhi,India,North,Rajasthan,Jaipur,302001,Jaipur,253,383.0,1,Delivered,565.32,2024-12-22,LCV,3500,9.0,0.4293,Accepted,2024-12-23,2024-12-23,0,On-Time,Outbound
SHP-01419,LD-01419,2024-10-12,October,2024,Delhivery,Road,Food & Beverages,India,West,Maharashtra,Mumbai,400001,Mumbai,India,West,Gujarat,Ahmedabad,380001,Ahmedabad,512,572.0,2,Delivered,1251.61,2024-10-12,32ft Container,25000,38.0,0.685,Accepted,2024-10-14,2024-10-14,0,On-Time,Outbound
SHP-01420,LD-01420,2024-09-03,September,2024,Delhivery,Road,Household,India,North,Delhi,Delhi,110001,Delhi,India,West,Maharashtra,Nagpur,440001,Nagpur,1064,431.8,2,Delivered,2501.91,2024-09-03,20ft Container,18000,28.0,0.4665,Accepted,2024-09-05,2024-09-05,0,On-Time,Outbound
SHP-01421,LD-01421,2024-09-18,September,2024,Gati Kinetic,Road,Food & Beverages,India,West,Maharashtra,Mumbai,400001,Mumbai,India,South,Kerala,Kochi,682001,Kochi,1229,399.7,4,Delivered,2936.85,2024-09-18,32ft Container,25000,38.0,0.532,Accepted,2024-09-22,2024-09-22,0,On-Time,Outbound
SHP-01422,LD-01422,2024-10-15,October,2024,Blue Dart,Road,Personal Care,India,West,Maharashtra,Mumbai,400001,Mumbai,India,South,Telangana,Hyderabad,500001,Hyderabad,727,37.6,3,Delivered,2364.42,2024-10-15,32ft Container,25000,38.0,0.0435,Accepted,2024-10-18,2024-10-18,0,On-Time,Outbound
SHP-01423,LD-01423,2024-09-08,September,2024,Delhivery,Road,Food & Beverages,India,West,Maharashtra,Mumbai,400001,Mumbai,India,North,Uttar Pradesh,Lucknow,226001,Lucknow,1471,159.7,2,Delivered,4009.25,2024-09-08,Reefer 20ft,15000,26.0,0.1872,Accepted,2024-09-10,2024-09-10,0,On-Time,Outbound
SHP-01424,LD-01424,2024-10-12,October,2024,Gati Kinetic,Road,Household,India,North,Delhi,Delhi,110001,Delhi,India,North,Rajasthan,Jaipur,302001,Jaipur,308,47.3,1,Delivered,788.18,2024-10-12,MCV,8000,18.0,0.0509,Accepted,2024-10-13,2024-10-13,0,On-Time,Outbound
SHP-01425,LD-01425,2024-12-31,December,2024,Blue Dart,Road,Food & Beverages,India,South,Karnataka,Bangalore,560001,Bangalore,India,South,Kerala,Kochi,682001,Kochi,669,378.5,2,Delivered,2039.63,2024-12-31,32ft Container,25000,38.0,0.446,Accepted,2025-01-02,2025-01-02,0,On-Time,Outbound
SHP-01426,LD-01426,2025-01-16,January,2025,Delhivery,Road,Personal Care,India,South,Karnataka,Bangalore,560001,Bangalore,India,Central,Madhya Pradesh,Bhopal,462001,Bhopal,1475,110.5,2,Delivered,4165.68,2025-01-16,Reefer 20ft,15000,26.0,0.1146,Accepted,2025-01-18,2025-01-18,0,On-Time,Outbound
SHP-01427,LD-01427,2025-01-28,January,2025,Blue Dart,Road,Personal Care,India,West,Maharashtra,Mumbai,400001,Mumbai,India,West,Maharashtra,Nagpur,440001,Nagpur,860,84.4,2,Delivered,2612.97,2025-01-28,32ft Container,25000,38.0,0.1104,Accepted,2025-01-30,2025-01-30,0,On-Time,Outbound
SHP-01428,LD-01428,2024-09-20,September,2024,Ekart Logistics,Road,Personal Care,India,North,Delhi,Delhi,110001,Delhi,India,South,Kerala,Kochi,682001,Kochi,2702,14.8,4,Delivered,4908.95,2024-09-20,MCV,8000,18.0,0.0181,Accepted,2024-09-24,2024-09-24,0,On-Time,Outbound
SHP-01429,LD-01429,2025-02-05,February,2025,Gati Kinetic,Road,Household,India,South,Karnataka,Bangalore,560001,Bangalore,India,Central,Madhya Pradesh,Bhopal,462001,Bhopal,1471,69.9,5,Delivered,3621.68,2025-02-05,20ft Container,18000,28.0,0.0824,Accepted,2025-02-10,2025-02-10,0,On-Time,Outbound
SHP-01430,LD-01430,2025-01-29,January,2025,Blue Dart,Road,Food & Beverages,India,North,Delhi,Delhi,110001,Delhi,India,West,Maharashtra,Pune,411001,Pune,1461,128.1,1,Delivered,4303.08,2025-01-29,20ft Container,18000,28.0,0.1587,Accepted,2025-01-30,2025-01-30,0,On-Time,Outbound
SHP-01431,LD-01431,2024-11-03,November,2024,DTDC,Road,Household,India,West,Maharashtra,Mumbai,400001,Mumbai,India,North,Punjab,Chandigarh,160001,Chandigarh,1583,72.9,2,Delivered,3357.58,2024-11-03,MCV,8000,18.0,0.0871,Accepted,2024-11-05,2024-11-05,0,On-Time,Outbound
SHP-01432,LD-01432,2024-10-20,October,2024,Delhivery,Road,Food & Beverages,India,South,Karnataka,Bangalore,560001,Bangalore,India,North,Punjab,Chandigarh,160001,Chandigarh,2289,317.6,3,Delivered,5883.34,2024-10-20,LCV,3500,9.0,0.3922,Accepted,2024-10-23,2024-10-23,0,On-Time,Outbound
SHP-01433,LD-01433,2025-01-11,January,2025,Ekart Logistics,Road,Food & Beverages,India,North,Delhi,Delhi,110001,Delhi,India,South,Tamil Nadu,Chennai,600001,Chennai,2189,185.5,2,Delivered,4538.34,2025-01-11,LCV,3500,9.0,0.2054,Accepted,2025-01-13,2025-01-13,0,On-Time,Outbound
SHP-01434,LD-01434,2025-02-04,February,2025,Blue Dart,Road,Personal Care,India,South,Karnataka,Bangalore,560001,Bangalore,India,West,Maharashtra,Pune,411001,Pune,835,111.1,1,Delivered,2633.06,2025-02-04,32ft Container,25000,38.0,0.1168,Accepted,2025-02-05,2025-02-05,0,On-Time,Outbound
SHP-01435,LD-01435,2024-12-16,December,2024,DTDC,Road,Personal Care,India,North,Delhi,Delhi,110001,Delhi,India,West,Maharashtra,Nagpur,440001,Nagpur,1051,37.1,4,Delivered,2274.45,2024-12-16,32ft Container,25000,38.0,0.0405,Accepted,2024-12-20,2024-12-20,0,On-Time,Outbound
SHP-01436,LD-01436,2024-10-07,October,2024,Blue Dart,Road,Food & Beverages,India,West,Maharashtra,Mumbai,400001,Mumbai,India,Central,Madhya Pradesh,Bhopal,462001,Bhopal,787,263.7,4,Delivered,2410.53,2024-10-07,32ft Container,25000,38.0,0.3226,Rejected,2024-10-11,2024-10-11,0,On-Time,Outbound
SHP-01437,LD-01437,2024-10-09,October,2024,Blue Dart,Road,Household,India,West,Maharashtra,Mumbai,400001,Mumbai,India,South,Telangana,Hyderabad,500001,Hyderabad,721,399.0,2,Delivered,2265.03,2024-10-09,32ft Container,25000,38.0,0.4997,Accepted,2024-10-11,2024-10-11,0,On-Time,Outbound
SHP-01438,LD-01438,2024-09-11,September,2024,Delhivery,Road,Household,India,South,Karnataka,Bangalore,560001,Bangalore,India,South,Tamil Nadu,Chennai,600001,Chennai,341,405.3,3,Delivered,815.16,2024-09-11,Reefer 20ft,15000,26.0,0.4508,Accepted,2024-09-14,2024-09-14,0,On-Time,Outbound
SHP-01439,LD-01439,2024-09-11,September,2024,Ekart Logistics,Road,Household,India,North,Delhi,Delhi,110001,Delhi,India,South,Telangana,Hyderabad,500001,Hyderabad,1594,111.9,2,Delivered,2966.01,2024-09-11,32ft Container,25000,38.0,0.145,Accepted,2024-09-13,2024-09-13,0,On-Time,Outbound
SHP-01440,LD-01440,2024-11-15,November,2024,DTDC,Road,Personal Care,India,North,Delhi,Delhi,110001,Delhi,India,North,Rajasthan,Jaipur,302001,Jaipur,276,108.4,2,Delivered,611.55,2024-11-15,Reefer 20ft,15000,26.0,0.1493,Accepted,2024-11-17,2024-11-18,1,Delayed,Outbound
SHP-01441,LD-01441,2025-01-28,January,2025,Blue Dart,Road,Household,India,West,Maharashtra,Mumbai,400001,Mumbai,India,West,Gujarat,Ahmedabad,380001,Ahmedabad,502,126.7,2,Delivered,1701.05,2025-01-28,20ft Container,18000,28.0,0.1491,Accepted,2025-01-30,2025-01-30,0,On-Time,Outbound
SHP-01442,LD-01442,2025-02-11,February,2025,Gati Kinetic,Road,Personal Care,India,South,Karnataka,Bangalore,560001,Bangalore,India,South,Kerala,Kochi,682001,Kochi,650,108.7,4,Delivered,1529.34,2025-02-11,MCV,8000,18.0,0.1294,Accepted,2025-02-15,2025-02-15,0,On-Time,Outbound
SHP-01443,LD-01443,2025-01-31,January,2025,Blue Dart,Road,Personal Care,India,West,Maharashtra,Mumbai,400001,Mumbai,India,South,Tamil Nadu,Chennai,600001,Chennai,1311,37.4,3,Delivered,3838.7,2025-01-31,32ft Container,25000,38.0,0.0485,Accepted,2025-02-03,2025-02-03,0,On-Time,Outbound
SHP-01444,LD-01444,2024-11-12,November,2024,Blue Dart,Road,Food & Beverages,India,West,Maharashtra,Mumbai,400001,Mumbai,India,North,Rajasthan,Jaipur,302001,Jaipur,1190,382.9,3,Delivered,3816.44,2024-11-12,MCV,8000,18.0,0.4023,Accepted,2024-11-15,2024-11-15,0,On-Time,Outbound
SHP-01445,LD-01445,2024-12-30,December,2024,Blue Dart,Road,Personal Care,India,South,Karnataka,Bangalore,560001,Bangalore,India,North,Rajasthan,Jaipur,302001,Jaipur,1876,111.3,1,Delivered,6185.32,2024-12-30,Reefer 20ft,15000,26.0,0.1385,Accepted,2024-12-31,2024-12-31,0,On-Time,Outbound
SHP-01446,LD-01446,2024-09-06,September,2024,Ekart Logistics,Road,Personal Care,India,North,Delhi,Delhi,110001,Delhi,India,North,Rajasthan,Jaipur,302001,Jaipur,253,12.3,4,Delivered,455.94,2024-09-06,20ft Container,18000,28.0,0.0123,Accepted,2024-09-10,2024-09-14,4,Delayed,Outbound
SHP-01447,LD-01447,2024-11-26,November,2024,Ekart Logistics,Road,Food & Beverages,India,South,Karnataka,Bangalore,560001,Bangalore,India,North,Uttar Pradesh,Lucknow,226001,Lucknow,2096,78.9,2,Delivered,4216.7,2024-11-26,32ft Container,25000,38.0,0.0919,Accepted,2024-11-28,2024-11-28,0,On-Time,Outbound
SHP-01448,LD-01448,2025-01-20,January,2025,DTDC,Road,Food & Beverages,India,South,Karnataka,Bangalore,560001,Bangalore,India,West,Gujarat,Ahmedabad,380001,Ahmedabad,1463,795.5,4,Delivered,3187.12,2025-01-20,20ft Container,18000,28.0,0.9536,Accepted,2025-01-24,2025-01-29,5,Delayed,Outbound
SHP-01449,LD-01449,2024-12-21,December,2024,Gati Kinetic,Road,Personal Care,India,West,Maharashtra,Mumbai,400001,Mumbai,India,North,Uttar Pradesh,Lucknow,226001,Lucknow,1463,96.6,3,Delivered,3714.57,2024-12-21,MCV,8000,18.0,0.1085,Accepted,2024-12-24,2024-12-24,0,On-Time,Outbound
SHP-01450,LD-01450,2024-09-22,September,2024,Gati Kinetic,Road,Personal Care,India,North,Delhi,Delhi,110001,Delhi,India,South,Kerala,Kochi,682001,Kochi,2681,234.2,2,Delivered,6302.69,2024-09-22,MCV,8000,18.0,0.2719,Accepted,2024-09-24,2024-09-24,0,On-Time,Outbound
SHP-01451,LD-01451,2024-09-28,September,2024,DTDC,Road,Food & Beverages,India,West,Maharashtra,Mumbai,400001,Mumbai,India,Central,Madhya Pradesh,Bhopal,462001,Bhopal,804,134.9,3,Delivered,1771.67,2024-09-28,Reefer 20ft,15000,26.0,0.1433,Accepted,2024-10-01,2024-10-01,0,On-Time,Outbound
SHP-01452,LD-01452,2025-02-01,February,2025,Gati Kinetic,Road,Household,India,West,Maharashtra,Mumbai,400001,Mumbai,India,North,Uttar Pradesh,Lucknow,226001,Lucknow,1445,882.0,4,Delivered,3781.97,2025-02-01,20ft Container,18000,28.0,1.0642,Accepted,2025-02-05,2025-02-05,0,On-Time,Outbound
SHP-01453,LD-01453,2024-12-18,December,2024,Blue Dart,Road,Food & Beverages,India,West,Maharashtra,Mumbai,400001,Mumbai,India,North,Rajasthan,Jaipur,302001,Jaipur,1145,358.3,2,Delivered,3862.09,2024-12-18,LCV,3500,9.0,0.4376,Accepted,2024-12-20,2024-12-20,0,On-Time,Outbound
SHP-01454,LD-01454,2024-12-14,December,2024,Gati Kinetic,Road,Food & Beverages,India,West,Maharashtra,Mumbai,400001,Mumbai,India,West,Maharashtra,Nagpur,440001,Nagpur,834,315.1,1,Delivered,2078.77,2024-12-14,32ft Container,25000,38.0,0.402,Accepted,2024-12-15,2024-12-16,1,Delayed,Outbound
SHP-01455,LD-01455,2024-10-09,October,2024,Blue Dart,Road,Food & Beverages,India,West,Maharashtra,Mumbai,400001,Mumbai,India,North,Uttar Pradesh,Lucknow,226001,Lucknow,1456,176.7,1,Delivered,4966.18,2024-10-09,LCV,3500,9.0,0.199,Accepted,2024-10-10,2024-10-10,0,On-Time,Outbound
SHP-01456,LD-01456,2025-02-05,February,2025,DTDC,Road,Food & Beverages,India,West,Maharashtra,Mumbai,400001,Mumbai,India,South,Telangana,Hyderabad,500001,Hyderabad,720,442.2,4,Delivered,1627.23,2025-02-05,MCV,8000,18.0,0.5455,Accepted,2025-02-09,2025-02-09,0,On-Time,Outbound
SHP-01457,LD-01457,2025-01-27,January,2025,Delhivery,Road,Household,India,South,Karnataka,Bangalore,560001,Bangalore,India,South,Tamil Nadu,Chennai,600001,Chennai,324,1269.7,3,Delivered,886.96,2025-01-27,LCV,3500,9.0,1.5511,Accepted,2025-01-30,2025-01-30,0,On-Time,Outbound
SHP-01458,LD-01458,2025-01-22,January,2025,Blue Dart,Road,Food & Beverages,India,West,Maharashtra,Mumbai,400001,Mumbai,India,South,Kerala,Kochi,682001,Kochi,1202,632.6,2,Delivered,3989.17,2025-01-22,Reefer 20ft,15000,26.0,0.7451,Accepted,2025-01-24,2025-01-24,0,On-Time,Outbound
SHP-01459,LD-01459,2024-09-20,September,2024,DTDC,Road,Food & Beverages,India,West,Maharashtra,Mumbai,400001,Mumbai,India,North,Punjab,Chandigarh,160001,Chandigarh,1573,259.0,3,Delivered,3767.71,2024-09-20,MCV,8000,18.0,0.3054,Accepted,2024-09-23,2024-09-23,0,On-Time,Outbound
SHP-01460,LD-01460,2025-01-15,January,2025,Ekart Logistics,Road,Household,India,West,Maharashtra,Mumbai,400001,Mumbai,India,West,Maharashtra,Nagpur,440001,Nagpur,850,554.0,2,Delivered,1735.68,2025-01-15,20ft Container,18000,28.0,0.6957,Accepted,2025-01-17,2025-01-17,0,On-Time,Outbound
SHP-01461,LD-01461,2024-11-23,November,2024,Blue Dart,Road,Food & Beverages,India,South,Karnataka,Bangalore,560001,Bangalore,India,North,Punjab,Chandigarh,160001,Chandigarh,2308,135.5,3,Delivered,7979.01,2024-11-23,Reefer 20ft,15000,26.0,0.1687,Rejected,2024-11-26,2024-11-26,0,On-Time,Outbound
SHP-01462,LD-01462,2025-01-15,January,2025,DTDC,Road,Food & Beverages,India,South,Karnataka,Bangalore,560001,Bangalore,India,North,Uttar Pradesh,Lucknow,226001,Lucknow,2076,431.6,1,Delivered,4617.94,2025-01-15,Reefer 20ft,15000,26.0,0.5358,Accepted,2025-01-16,2025-01-16,0,On-Time,Outbound
SHP-01463,LD-01463,2024-11-18,November,2024,Gati Kinetic,Road,Household,India,North,Delhi,Delhi,110001,Delhi,India,West,Maharashtra,Pune,411001,Pune,1465,760.5,2,Delivered,3408.86,2024-11-18,20ft Container,18000,28.0,0.9047,Accepted,2024-11-20,2024-11-20,0,On-Time,Outbound
SHP-01464,LD-01464,2024-12-24,December,2024,Delhivery,Road,Personal Care,India,North,Delhi,Delhi,110001,Delhi,India,West,Gujarat,Ahmedabad,380001,Ahmedabad,948,37.7,2,Delivered,2552.95,2024-12-24,MCV,8000,18.0,0.0467,Accepted,2024-12-26,2024-12-27,1,Delayed,Outbound
SHP-01465,LD-01465,2024-09-05,September,2024,Delhivery,Road,Household,India,South,Karnataka,Bangalore,560001,Bangalore,India,West,Maharashtra,Pune,411001,Pune,837,275.1,2,Delivered,2153.93,2024-09-05,LCV,3500,9.0,0.3412,Rejected,2024-09-07,2024-09-07,0,On-Time,Outbound
SHP-01466,LD-01466,2025-01-14,January,2025,Blue Dart,Road,Food & Beverages,India,West,Maharashtra,Mumbai,400001,Mumbai,India,West,Gujarat,Ahmedabad,380001,Ahmedabad,527,483.5,2,Delivered,1643.35,2025-01-14,32ft Container,25000,38.0,0.5761,Accepted,2025-01-16,2025-01-16,0,On-Time,Outbound
SHP-01467,LD-01467,2024-11-15,November,2024,DTDC,Road,Household,India,North,Delhi,Delhi,110001,Delhi,India,South,Telangana,Hyderabad,500001,Hyderabad,1597,772.6,4,Delivered,3814.94,2024-11-15,Reefer 20ft,15000,26.0,0.9535,Accepted,2024-11-19,2024-11-19,0,On-Time,Outbound
SHP-01468,LD-01468,2024-09-10,September,2024,DTDC,Road,Food & Beverages,India,West,Maharashtra,Mumbai,400001,Mumbai,India,North,Uttar Pradesh,Lucknow,226001,Lucknow,1447,53.5,4,Delivered,3420.4,2024-09-10,Reefer 20ft,15000,26.0,0.0644,Accepted,2024-09-14,2024-09-14,0,On-Time,Outbound
SHP-01469,LD-01469,2024-10-17,October,2024,Delhivery,Road,Food & Beverages,India,West,Maharashtra,Mumbai,400001,Mumbai,India,North,Uttar Pradesh,Lucknow,226001,Lucknow,1477,1303.6,3,Delivered,3754.79,2024-10-17,MCV,8000,18.0,1.6414,Accepted,2024-10-20,2024-10-23,3,Delayed,Outbound
SHP-01470,LD-01470,2025-01-31,January,2025,DTDC,Road,Food & Beverages,India,South,Karnataka,Bangalore,560001,Bangalore,India,West,Maharashtra,Pune,411001,Pune,824,204.9,3,Delivered,1744.83,2025-01-31,Reefer 20ft,15000,26.0,0.2452,Accepted,2025-02-03,2025-02-03,0,On-Time,Outbound
SHP-01471,LD-01471,2024-11-25,November,2024,DTDC,Road,Personal Care,India,North,Delhi,Delhi,110001,Delhi,India,North,Uttar Pradesh,Lucknow,226001,Lucknow,533,203.6,3,Delivered,1209.75,2024-11-25,MCV,8000,18.0,0.2545,Accepted,2024-11-28,2024-11-28,0,On-Time,Outbound
SHP-01472,LD-01472,2025-02-11,February,2025,Delhivery,Road,Food & Beverages,India,North,Delhi,Delhi,110001,Delhi,India,South,Kerala,Kochi,682001,Kochi,2716,548.5,3,Delivered,6703.41,2025-02-11,Reefer 20ft,15000,26.0,0.6431,Accepted,2025-02-14,2025-02-18,4,Delayed,Outbound
SHP-01473,LD-01473,2024-11-23,November,2024,Ekart Logistics,Road,Food & Beverages,India,West,Maharashtra,Mumbai,400001,Mumbai,India,West,Maharashtra,Pune,411001,Pune,127,111.2,3,Delivered,278.26,2024-11-23,MCV,8000,18.0,0.1306,Accepted,2024-11-26,2024-11-26,0,On-Time,Outbound
SHP-01474,LD-01474,2024-12-24,December,2024,Blue Dart,Road,Personal Care,India,West,Maharashtra,Mumbai,400001,Mumbai,India,West,Maharashtra,Nagpur,440001,Nagpur,838,132.5,2,Delivered,2463.18,2024-12-24,LCV,3500,9.0,0.1528,Accepted,2024-12-26,2024-12-26,0,On-Time,Outbound
SHP-01475,LD-01475,2024-10-29,October,2024,Gati Kinetic,Road,Food & Beverages,India,West,Maharashtra,Mumbai,400001,Mumbai,India,South,Tamil Nadu,Chennai,600001,Chennai,1307,1495.3,2,Delivered,3345.88,2024-10-29,LCV,3500,9.0,1.8327,Accepted,2024-10-31,2024-10-31,0,On-Time,Outbound
SHP-01476,LD-01476,2024-11-16,November,2024,Ekart Logistics,Road,Food & Beverages,India,North,Delhi,Delhi,110001,Delhi,India,West,Maharashtra,Pune,411001,Pune,1432,143.3,3,Delivered,2768.55,2024-11-16,32ft Container,25000,38.0,0.1713,Accepted,2024-11-19,2024-11-23,4,Delayed,Outbound
SHP-01477,LD-01477,2024-10-20,October,2024,Delhivery,Road,Personal Care,India,South,Karnataka,Bangalore,560001,Bangalore,India,West,Gujarat,Ahmedabad,380001,Ahmedabad,1471,66.6,2,Delivered,3768.86,2024-10-20,Reefer 20ft,15000,26.0,0.0925,Rejected,2024-10-22,2024-10-22,0,On-Time,Outbound
SHP-01478,LD-01478,2024-10-15,October,2024,Ekart Logistics,Road,Food & Beverages,India,West,Maharashtra,Mumbai,400001,Mumbai,India,Central,Madhya Pradesh,Bhopal,462001,Bhopal,750,397.0,4,Delivered,1435.57,2024-10-15,32ft Container,25000,38.0,0.5038,Accepted,2024-10-19,2024-10-19,0,On-Time,Outbound
SHP-01479,LD-01479,2024-11-20,November,2024,Blue Dart,Road,Household,India,North,Delhi,Delhi,110001,Delhi,India,West,Maharashtra,Pune,411001,Pune,1481,362.4,1,Delivered,5029.03,2024-11-20,MCV,8000,18.0,0.4202,Accepted,2024-11-21,2024-11-21,0,On-Time,Outbound
SHP-01480,LD-01480,2024-09-28,September,2024,Ekart Logistics,Road,Food & Beverages,India,North,Delhi,Delhi,110001,Delhi,India,Central,Madhya Pradesh,Bhopal,462001,Bhopal,787,155.7,3,Delivered,1567.45,2024-09-28,20ft Container,18000,28.0,0.177,Accepted,2024-10-01,2024-10-01,0,On-Time,Outbound
SHP-01481,LD-01481,2025-01-29,January,2025,Gati Kinetic,Road,Food & Beverages,India,North,Delhi,Delhi,110001,Delhi,India,West,Maharashtra,Nagpur,440001,Nagpur,1090,176.8,3,Delivered,2769.75,2025-01-29,MCV,8000,18.0,0.2049,Accepted,2025-02-01,2025-02-01,0,On-Time,Outbound
SHP-01482,LD-01482,2025-01-29,January,2025,Ekart Logistics,Road,Personal Care,India,West,Maharashtra,Mumbai,400001,Mumbai,India,West,Gujarat,Ahmedabad,380001,Ahmedabad,521,29.4,3,Delivered,1037.77,2025-01-29,Reefer 20ft,15000,26.0,0.0409,Accepted,2025-02-01,2025-02-01,0,On-Time,Outbound
SHP-01483,LD-01483,2024-10-12,October,2024,DTDC,Road,Household,India,South,Karnataka,Bangalore,560001,Bangalore,India,South,Telangana,Hyderabad,500001,Hyderabad,582,114.3,4,Delivered,1392.53,2024-10-12,LCV,3500,9.0,0.1351,Accepted,2024-10-16,2024-10-16,0,On-Time,Outbound
SHP-01484,LD-01484,2024-12-27,December,2024,Ekart Logistics,Road,Food & Beverages,India,West,Maharashtra,Mumbai,400001,Mumbai,India,West,Maharashtra,Nagpur,440001,Nagpur,821,344.1,4,Delivered,1686.37,2024-12-27,MCV,8000,18.0,0.4094,Accepted,2024-12-31,2024-12-31,0,On-Time,Outbound
SHP-01485,LD-01485,2024-09-29,September,2024,Ekart Logistics,Road,Household,India,South,Karnataka,Bangalore,560001,Bangalore,India,North,Uttar Pradesh,Lucknow,226001,Lucknow,2092,526.7,4,Delivered,3880.79,2024-09-29,20ft Container,18000,28.0,0.6361,Accepted,2024-10-03,2024-10-03,0,On-Time,Outbound
SHP-01486,LD-01486,2024-09-21,September,2024,Gati Kinetic,Road,Personal Care,India,North,Delhi,Delhi,110001,Delhi,India,West,Maharashtra,Nagpur,440001,Nagpur,1101,116.3,3,Delivered,2430.42,2024-09-21,LCV,3500,9.0,0.1387,Accepted,2024-09-24,2024-09-29,5,Delayed,Outbound
SHP-01487,LD-01487,2024-10-11,October,2024,Gati Kinetic,Road,Food & Beverages,India,North,Delhi,Delhi,110001,Delhi,India,North,Punjab,Chandigarh,160001,Chandigarh,268,286.7,3,Delivered,634.76,2024-10-11,LCV,3500,9.0,0.3394,Accepted,2024-10-14,2024-10-14,0,On-Time,Outbound
SHP-01488,LD-01488,2025-02-04,February,2025,Delhivery,Road,Household,India,North,Delhi,Delhi,110001,Delhi,India,West,Maharashtra,Nagpur,440001,Nagpur,1097,559.2,2,Delivered,3020.44,2025-02-04,20ft Container,18000,28.0,0.6918,Accepted,2025-02-06,2025-02-06,0,On-Time,Outbound
SHP-01489,LD-01489,2024-09-27,September,2024,Delhivery,Road,Household,India,South,Karnataka,Bangalore,560001,Bangalore,India,West,Maharashtra,Nagpur,440001,Nagpur,1082,250.5,2,Delivered,2975.98,2024-09-27,32ft Container,25000,38.0,0.2962,Accepted,2024-09-29,2024-09-29,0,On-Time,Outbound
SHP-01490,LD-01490,2025-01-16,January,2025,Ekart Logistics,Road,Food & Beverages,India,South,Karnataka,Bangalore,560001,Bangalore,India,West,Maharashtra,Pune,411001,Pune,822,1235.6,3,Delivered,1521.21,2025-01-16,LCV,3500,9.0,1.6112,Accepted,2025-01-19,2025-01-19,0,On-Time,Outbound
SHP-01491,LD-01491,2025-01-26,January,2025,Blue Dart,Road,Food & Beverages,India,South,Karnataka,Bangalore,560001,Bangalore,India,North,Rajasthan,Jaipur,302001,Jaipur,1911,244.8,2,Delivered,6563.0,2025-01-26,32ft Container,25000,38.0,0.2909,Accepted,2025-01-28,2025-02-02,5,Delayed,Outbound
SHP-01492,LD-01492,2025-01-25,January,2025,Blue Dart,Road,Food & Beverages,India,North,Delhi,Delhi,110001,Delhi,India,North,Punjab,Chandigarh,160001,Chandigarh,222,465.7,2,Delivered,679.63,2025-01-25,20ft Container,18000,28.0,0.5686,Rejected,2025-01-27,2025-01-27,0,On-Time,Outbound
SHP-01493,LD-01493,2024-12-28,December,2024,Delhivery,Road,Personal Care,India,North,Delhi,Delhi,110001,Delhi,India,South,Tamil Nadu,Chennai,600001,Chennai,2158,89.8,3,Delivered,6076.51,2024-12-28,MCV,8000,18.0,0.0951,Rejected,2024-12-31,2024-12-31,0,On-Time,Outbound
SHP-01494,LD-01494,2025-02-01,February,2025,Ekart Logistics,Road,Food & Beverages,India,South,Karnataka,Bangalore,560001,Bangalore,India,West,Maharashtra,Pune,411001,Pune,850,160.3,4,Delivered,1643.51,2025-02-01,20ft Container,18000,28.0,0.1819,Accepted,2025-02-05,2025-02-05,0,On-Time,Outbound
SHP-01495,LD-01495,2025-02-10,February,2025,DTDC,Road,Household,India,West,Maharashtra,Mumbai,400001,Mumbai,India,North,Rajasthan,Jaipur,302001,Jaipur,1141,557.0,3,Delivered,2438.44,2025-02-10,Reefer 20ft,15000,26.0,0.6636,Accepted,2025-02-13,2025-02-13,0,On-Time,Outbound
SHP-01496,LD-01496,2024-11-14,November,2024,Gati Kinetic,Road,Personal Care,India,North,Delhi,Delhi,110001,Delhi,India,North,Rajasthan,Jaipur,302001,Jaipur,280,149.1,2,Delivered,670.14,2024-11-14,32ft Container,25000,38.0,0.1937,Accepted,2024-11-16,2024-11-21,5,Delayed,Outbound
SHP-01497,LD-01497,2024-12-17,December,2024,Ekart Logistics,Road,Food & Beverages,India,North,Delhi,Delhi,110001,Delhi,India,Central,Madhya Pradesh,Bhopal,462001,Bhopal,744,605.6,3,Delivered,1582.34,2024-12-17,LCV,3500,9.0,0.7817,Accepted,2024-12-20,2024-12-23,3,Delayed,Outbound
SHP-01498,LD-01498,2025-02-07,February,2025,Blue Dart,Road,Food & Beverages,India,North,Delhi,Delhi,110001,Delhi,India,West,Gujarat,Ahmedabad,380001,Ahmedabad,926,166.6,2,Delivered,3157.73,2025-02-07,LCV,3500,9.0,0.2077,Rejected,2025-02-09,2025-02-12,3,Delayed,Outbound
SHP-01499,LD-01499,2024-10-19,October,2024,Blue Dart,Road,Household,India,West,Maharashtra,Mumbai,400001,Mumbai,India,North,Rajasthan,Jaipur,302001,Jaipur,1189,307.1,2,Delivered,4076.63,2024-10-19,32ft Container,25000,38.0,0.3582,Accepted,2024-10-21,2024-10-22,1,Delayed,Outbound
SHP-01500,LD-01500,2024-12-26,December,2024,DTDC,Road,Household,India,West,Maharashtra,Mumbai,400001,Mumbai,India,South,Tamil Nadu,Chennai,600001,Chennai,1336,519.8,3,Delivered,2887.33,2024-12-26,20ft Container,18000,28.0,0.6171,Accepted,2024-12-29,2024-12-29,0,On-Time,Outbound
