order_id,shipment_id,warehouse,sku,alloc_dte,pick_dte,stage_dte,load_dte,early_shpdte,dispatch_dte,shift,team
ORD-524523,SHP-00601,DEL,SKU-022,2024-09-26 00:36:44,2024-09-26 02:53:15,2024-09-26 04:13:26,2024-09-26 05:33:38,2024-09-26 07:28:43,2024-09-26 08:12:37,Shift B,Team 1
ORD-941553,SHP-00602,BLR,SKU-026,2024-12-23 00:33:20,2024-12-23 02:23:40,2024-12-23 04:43:16,2024-12-23 07:02:52,2024-12-23 08:57:25,2024-12-23 08:49:25,Shift C,Team 3
ORD-899038,SHP-00603,BLR,SKU-003,2024-12-06 00:40:54,2024-12-06 02:51:03,2024-12-06 04:19:27,2024-12-06 05:47:51,2024-12-06 07:58:20,2024-12-06 07:41:20,Shift C,Team 3
ORD-677218,SHP-00604,DEL,SKU-027,2024-10-13 01:23:20,2024-10-13 03:34:23,2024-10-13 05:54:32,2024-10-13 08:14:42,2024-10-13 07:11:11,2024-10-13 07:06:11,Shift C,Team 2
ORD-875497,SHP-00605,MUM,SKU-001,2024-10-25 01:11:34,2024-10-25 02:58:14,2024-10-25 05:00:40,2024-10-25 07:03:06,2024-10-25 09:52:47,2024-10-25 11:18:02,Shift C,Team 3
ORD-495618,SHP-00606,DEL,SKU-026,2025-02-01 01:28:33,2025-02-01 03:18:22,2025-02-01 05:39:30,2025-02-01 08:00:38,2025-02-01 09:06:39,2025-02-01 08:48:39,Shift C,Team 2
ORD-665071,SHP-00607,MUM,SKU-016,2024-10-15 00:49:26,2024-10-15 02:56:06,2024-10-15 04:20:28,2024-10-15 05:44:50,2024-10-15 09:32:02,2024-10-15 09:10:02,Shift C,Team 3
ORD-528430,SHP-00608,DEL,SKU-029,2024-09-04 01:19:18,2024-09-04 03:17:31,2024-09-04 05:37:16,2024-09-04 07:57:01,2024-09-04 08:19:11,2024-09-04 08:11:11,Shift C,Team 1
ORD-996675,SHP-00609,MUM,SKU-015,2024-10-09 01:25:00,2024-10-09 03:54:56,2024-10-09 05:10:52,2024-10-09 06:26:47,2024-10-09 08:21:32,2024-10-09 08:13:32,Shift C,Team 1
ORD-189132,SHP-00610,MUM,SKU-008,2024-10-29 00:58:09,2024-10-29 02:47:25,2024-10-29 04:35:41,2024-10-29 06:23:58,2024-10-29 07:00:38,2024-10-29 06:41:38,Shift B,Team 3
ORD-184718,SHP-00611,BLR,SKU-007,2024-11-22 00:46:21,2024-11-22 02:14:58,2024-11-22 03:57:06,2024-11-22 05:39:14,2024-11-22 07:09:30,2024-11-22 07:05:30,Shift A,Team 1
ORD-850596,SHP-00612,DEL,SKU-006,2024-09-21 01:24:17,2024-09-21 03:10:32,2024-09-21 05:05:08,2024-09-21 06:59:44,2024-09-21 07:27:34,2024-09-21 07:15:34,Shift B,Team 1
ORD-969551,SHP-00613,BLR,SKU-017,2025-01-02 01:01:20,2025-01-02 03:12:56,2025-01-02 04:25:13,2025-01-02 05:37:29,2025-01-02 07:26:23,2025-01-02 07:03:23,Shift B,Team 2
ORD-100054,SHP-00614,DEL,SKU-009,2025-01-16 00:34:16,2025-01-16 02:32:13,2025-01-16 04:06:12,2025-01-16 05:40:12,2025-01-16 07:04:49,2025-01-16 06:37:49,Shift C,Team 2
ORD-629722,SHP-00615,DEL,SKU-012,2024-10-10 00:59:33,2024-10-10 02:57:39,2024-10-10 05:22:23,2024-10-10 07:47:07,2024-10-10 08:09:41,2024-10-10 07:52:41,Shift B,Team 1
ORD-615264,SHP-00616,BLR,SKU-013,2024-12-14 01:00:55,2024-12-14 03:12:27,2024-12-14 04:19:08,2024-12-14 05:25:49,2024-12-14 08:55:25,2024-12-14 08:40:25,Shift C,Team 2
ORD-858334,SHP-00617,BLR,SKU-002,2024-09-15 01:28:09,2024-09-15 03:20:06,2024-09-15 04:53:12,2024-09-15 06:26:17,2024-09-15 08:23:55,2024-09-15 07:55:55,Shift C,Team 1
ORD-317566,SHP-00618,BLR,SKU-022,2024-11-05 00:37:23,2024-11-05 01:53:04,2024-11-05 04:01:37,2024-11-05 06:10:11,2024-11-05 08:40:11,2024-11-05 08:29:11,Shift B,Team 3
ORD-119552,SHP-00619,BLR,SKU-023,2025-01-11 01:10:20,2025-01-11 02:34:38,2025-01-11 04:50:06,2025-01-11 07:05:33,2025-01-11 07:15:15,2025-01-11 06:56:15,Shift B,Team 2
ORD-919503,SHP-00620,BLR,SKU-027,2025-02-10 01:03:22,2025-02-10 02:26:56,2025-02-10 03:28:42,2025-02-10 04:30:29,2025-02-10 09:47:34,2025-02-10 09:47:34,Shift B,Team 2
ORD-340465,SHP-00621,MUM,SKU-014,2024-09-18 01:11:31,2024-09-18 03:21:40,2024-09-18 05:23:20,2024-09-18 07:25:00,2024-09-18 09:41:42,2024-09-18 09:40:42,Shift B,Team 2
ORD-964890,SHP-00622,DEL,SKU-006,2024-10-25 00:58:46,2024-10-25 02:57:10,2024-10-25 05:02:22,2024-10-25 07:07:35,2024-10-25 09:28:51,2024-10-25 09:21:51,Shift C,Team 3
ORD-934042,SHP-00623,BLR,SKU-008,2024-11-15 00:43:29,2024-11-15 03:11:14,2024-11-15 05:03:21,2024-11-15 06:55:27,2024-11-15 08:47:28,2024-11-15 08:43:28,Shift C,Team 2
ORD-837157,SHP-00624,BLR,SKU-013,2024-09-25 01:08:53,2024-09-25 02:35:19,2024-09-25 03:42:48,2024-09-25 04:50:18,2024-09-25 09:55:24,2024-09-25 09:26:24,Shift C,Team 3
ORD-940472,SHP-00625,BLR,SKU-012,2024-12-04 01:19:43,2024-12-04 03:42:59,2024-12-04 04:47:35,2024-12-04 05:52:12,2024-12-04 09:26:44,2024-12-04 09:03:44,Shift B,Team 1
ORD-446489,SHP-00626,MUM,SKU-009,2024-09-07 00:51:43,2024-09-07 02:57:06,2024-09-07 03:58:10,2024-09-07 04:59:14,2024-09-07 08:02:38,2024-09-07 07:47:38,Shift A,Team 3
ORD-840006,SHP-00627,BLR,SKU-026,2024-09-01 00:39:48,2024-09-01 02:48:26,2024-09-01 04:44:50,2024-09-01 06:41:15,2024-09-01 08:51:11,2024-09-01 08:51:11,Shift B,Team 2
ORD-494675,SHP-00628,DEL,SKU-004,2024-12-31 01:29:23,2024-12-31 02:44:52,2024-12-31 05:05:59,2024-12-31 07:27:05,2024-12-31 09:42:48,2024-12-31 09:27:48,Shift B,Team 3
ORD-897537,SHP-00629,BLR,SKU-006,2024-10-03 00:46:08,2024-10-03 02:27:36,2024-10-03 04:29:57,2024-10-03 06:32:18,2024-10-03 09:48:40,2024-10-03 09:21:40,Shift A,Team 3
ORD-356370,SHP-00630,BLR,SKU-030,2024-12-21 01:05:56,2024-12-21 02:34:51,2024-12-21 04:52:54,2024-12-21 07:10:56,2024-12-21 09:14:40,2024-12-21 08:50:40,Shift C,Team 2
ORD-803776,SHP-00631,BLR,SKU-008,2025-01-15 00:40:01,2025-01-15 01:53:38,2025-01-15 03:53:19,2025-01-15 05:53:00,2025-01-15 09:17:26,2025-01-15 08:57:26,Shift B,Team 1
ORD-331457,SHP-00632,BLR,SKU-004,2024-12-21 00:39:56,2024-12-21 02:05:15,2024-12-21 03:41:39,2024-12-21 05:18:03,2024-12-21 09:20:08,2024-12-21 09:11:08,Shift A,Team 3
ORD-183326,SHP-00633,BLR,SKU-007,2024-11-20 00:32:21,2024-11-20 02:43:45,2024-11-20 04:44:57,2024-11-20 06:46:09,2024-11-20 09:42:04,2024-11-20 11:30:44,Shift A,Team 2
ORD-730280,SHP-00634,BLR,SKU-028,2024-10-27 01:26:14,2024-10-27 03:54:44,2024-10-27 06:03:48,2024-10-27 08:12:51,2024-10-27 09:22:05,2024-10-27 09:10:05,Shift B,Team 1
ORD-101608,SHP-00635,DEL,SKU-011,2024-10-08 01:14:29,2024-10-08 03:23:55,2024-10-08 05:25:43,2024-10-08 07:27:32,2024-10-08 08:36:02,2024-10-08 08:08:02,Shift B,Team 3
ORD-254591,SHP-00636,DEL,SKU-027,2024-12-06 00:52:36,2024-12-06 03:15:09,2024-12-06 05:30:31,2024-12-06 07:45:54,2024-12-06 08:29:21,2024-12-06 08:04:21,Shift C,Team 2
ORD-494314,SHP-00637,DEL,SKU-013,2024-11-16 00:57:28,2024-11-16 02:51:21,2024-11-16 03:55:31,2024-11-16 04:59:42,2024-11-16 07:53:41,2024-11-16 07:37:41,Shift B,Team 1
ORD-535110,SHP-00638,BLR,SKU-004,2024-10-20 01:00:32,2024-10-20 02:25:18,2024-10-20 04:18:14,2024-10-20 06:11:10,2024-10-20 07:10:29,2024-10-20 12:03:29,Shift A,Team 1
ORD-326106,SHP-00639,BLR,SKU-026,2024-10-06 01:00:11,2024-10-06 02:15:34,2024-10-06 04:21:41,2024-10-06 06:27:47,2024-10-06 08:19:57,2024-10-06 08:19:57,Shift B,Team 2
ORD-759415,SHP-00640,DEL,SKU-016,2024-10-14 01:03:53,2024-10-14 02:55:52,2024-10-14 04:35:10,2024-10-14 06:14:29,2024-10-14 08:07:17,2024-10-14 08:03:17,Shift C,Team 2
ORD-726785,SHP-00641,DEL,SKU-006,2024-09-09 01:28:26,2024-09-09 03:34:44,2024-09-09 04:44:34,2024-09-09 05:54:24,2024-09-09 07:16:17,2024-09-09 12:46:56,Shift B,Team 3
ORD-343929,SHP-00642,MUM,SKU-004,2024-12-04 01:01:05,2024-12-04 03:13:08,2024-12-04 05:30:41,2024-12-04 07:48:14,2024-12-04 07:45:03,2024-12-04 07:17:03,Shift A,Team 3
ORD-257851,SHP-00643,MUM,SKU-019,2025-01-30 01:00:42,2025-01-30 02:50:33,2025-01-30 05:20:08,2025-01-30 07:49:44,2025-01-30 07:40:01,2025-01-30 07:33:01,Shift A,Team 1
ORD-542162,SHP-00644,MUM,SKU-019,2025-01-14 00:51:25,2025-01-14 02:43:20,2025-01-14 03:53:56,2025-01-14 05:04:32,2025-01-14 07:09:25,2025-01-14 06:46:25,Shift A,Team 2
ORD-150139,SHP-00645,DEL,SKU-019,2024-10-17 01:11:40,2024-10-17 03:10:14,2024-10-17 05:12:37,2024-10-17 07:15:00,2024-10-17 07:01:29,2024-10-17 06:33:29,Shift B,Team 1
ORD-416096,SHP-00646,DEL,SKU-022,2024-12-03 00:39:22,2024-12-03 02:38:28,2024-12-03 04:16:08,2024-12-03 05:53:48,2024-12-03 08:50:54,2024-12-03 12:59:36,Shift B,Team 2
ORD-548798,SHP-00647,MUM,SKU-018,2025-01-04 00:38:03,2025-01-04 02:08:12,2025-01-04 03:38:04,2025-01-04 05:07:56,2025-01-04 07:29:30,2025-01-04 07:02:30,Shift A,Team 3
ORD-506977,SHP-00648,DEL,SKU-005,2025-01-20 01:23:03,2025-01-20 03:06:38,2025-01-20 05:17:53,2025-01-20 07:29:08,2025-01-20 09:09:17,2025-01-20 09:07:17,Shift A,Team 2
ORD-830459,SHP-00649,MUM,SKU-021,2024-11-05 01:21:13,2024-11-05 03:33:37,2024-11-05 05:15:58,2024-11-05 06:58:18,2024-11-05 08:49:35,2024-11-05 08:35:35,Shift A,Team 3
ORD-681192,SHP-00650,BLR,SKU-026,2024-12-17 00:48:18,2024-12-17 01:48:44,2024-12-17 03:04:27,2024-12-17 04:20:09,2024-12-17 08:22:01,2024-12-17 07:59:01,Shift C,Team 2
ORD-619879,SHP-00651,BLR,SKU-005,2024-09-17 01:02:51,2024-09-17 02:25:32,2024-09-17 04:08:14,2024-09-17 05:50:56,2024-09-17 07:32:26,2024-09-17 07:30:26,Shift B,Team 3
ORD-781640,SHP-00652,DEL,SKU-027,2025-01-13 00:57:28,2025-01-13 02:42:23,2025-01-13 04:30:34,2025-01-13 06:18:45,2025-01-13 08:01:56,2025-01-13 07:35:56,Shift A,Team 2
ORD-245057,SHP-00653,DEL,SKU-026,2024-11-21 01:23:49,2024-11-21 03:01:58,2024-11-21 05:19:45,2024-11-21 07:37:32,2024-11-21 08:51:32,2024-11-21 08:31:32,Shift C,Team 2
ORD-582025,SHP-00654,BLR,SKU-024,2025-02-16 01:07:07,2025-02-16 03:00:11,2025-02-16 04:48:56,2025-02-16 06:37:42,2025-02-16 08:24:42,2025-02-16 08:14:42,Shift B,Team 1
ORD-588354,SHP-00655,MUM,SKU-023,2024-12-22 01:00:45,2024-12-22 03:20:16,2024-12-22 05:28:32,2024-12-22 07:36:48,2024-12-22 07:42:24,2024-12-22 07:13:24,Shift B,Team 3
ORD-378017,SHP-00656,DEL,SKU-003,2024-11-01 01:06:37,2024-11-01 03:36:10,2024-11-01 05:41:10,2024-11-01 07:46:09,2024-11-01 09:04:32,2024-11-01 08:36:32,Shift A,Team 1
ORD-471920,SHP-00657,BLR,SKU-013,2025-01-06 01:25:00,2025-01-06 03:27:13,2025-01-06 05:53:51,2025-01-06 08:20:29,2025-01-06 09:05:10,2025-01-06 09:03:10,Shift A,Team 2
ORD-309422,SHP-00658,MUM,SKU-006,2025-02-03 01:29:16,2025-02-03 03:21:36,2025-02-03 04:44:12,2025-02-03 06:06:48,2025-02-03 08:32:52,2025-02-03 08:28:52,Shift B,Team 1
ORD-594072,SHP-00659,BLR,SKU-022,2024-12-18 01:20:25,2024-12-18 03:36:09,2024-12-18 05:23:40,2024-12-18 07:11:11,2024-12-18 08:26:07,2024-12-18 08:03:07,Shift A,Team 3
ORD-716940,SHP-00660,DEL,SKU-030,2024-12-10 01:17:17,2024-12-10 02:48:45,2024-12-10 03:59:26,2024-12-10 05:10:08,2024-12-10 09:56:36,2024-12-10 09:31:36,Shift A,Team 1
ORD-698711,SHP-00661,MUM,SKU-013,2024-12-27 00:54:07,2024-12-27 02:57:35,2024-12-27 05:00:42,2024-12-27 07:03:49,2024-12-27 09:41:19,2024-12-27 14:39:05,Shift B,Team 3
ORD-490700,SHP-00662,MUM,SKU-008,2024-09-02 00:31:41,2024-09-02 02:09:23,2024-09-02 04:04:35,2024-09-02 05:59:47,2024-09-02 09:35:57,2024-09-02 10:39:39,Shift B,Team 2
ORD-353931,SHP-00663,DEL,SKU-023,2024-10-12 00:32:06,2024-10-12 02:35:41,2024-10-12 04:16:09,2024-10-12 05:56:36,2024-10-12 07:43:25,2024-10-12 07:17:25,Shift C,Team 2
ORD-356026,SHP-00664,DEL,SKU-016,2025-01-01 00:56:23,2025-01-01 02:57:09,2025-01-01 05:09:55,2025-01-01 07:22:40,2025-01-01 09:08:47,2025-01-01 10:01:01,Shift C,Team 2
ORD-483209,SHP-00665,MUM,SKU-001,2024-10-04 00:54:49,2024-10-04 02:53:12,2024-10-04 04:18:47,2024-10-04 05:44:22,2024-10-04 09:37:22,2024-10-04 09:10:22,Shift A,Team 2
ORD-809711,SHP-00666,MUM,SKU-008,2024-11-12 00:33:45,2024-11-12 02:46:20,2024-11-12 03:58:02,2024-11-12 05:09:45,2024-11-12 08:37:50,2024-11-12 08:20:50,Shift A,Team 2
ORD-816741,SHP-00667,BLR,SKU-020,2024-10-21 01:20:50,2024-10-21 03:11:01,2024-10-21 04:54:58,2024-10-21 06:38:55,2024-10-21 07:08:32,2024-10-21 07:06:32,Shift C,Team 1
ORD-130307,SHP-00668,MUM,SKU-028,2024-12-19 00:49:08,2024-12-19 03:08:31,2024-12-19 04:39:43,2024-12-19 06:10:55,2024-12-19 07:59:38,2024-12-19 07:52:38,Shift C,Team 3
ORD-871345,SHP-00669,BLR,SKU-008,2024-11-17 00:51:13,2024-11-17 02:20:34,2024-11-17 04:35:34,2024-11-17 06:50:34,2024-11-17 09:47:24,2024-11-17 09:20:24,Shift A,Team 2
ORD-964521,SHP-00670,MUM,SKU-016,2025-02-03 01:03:03,2025-02-03 02:50:03,2025-02-03 04:20:32,2025-02-03 05:51:00,2025-02-03 07:30:50,2025-02-03 07:08:50,Shift B,Team 1
ORD-902562,SHP-00671,MUM,SKU-013,2025-01-29 01:02:25,2025-01-29 02:41:22,2025-01-29 03:45:06,2025-01-29 04:48:50,2025-01-29 09:30:09,2025-01-29 09:18:09,Shift C,Team 3
ORD-518489,SHP-00672,BLR,SKU-018,2024-12-24 01:05:21,2024-12-24 03:09:41,2024-12-24 04:57:01,2024-12-24 06:44:21,2024-12-24 08:36:38,2024-12-24 14:34:30,Shift B,Team 1
ORD-816017,SHP-00673,DEL,SKU-012,2024-11-04 01:20:26,2024-11-04 03:49:33,2024-11-04 05:29:57,2024-11-04 07:10:22,2024-11-04 07:27:44,2024-11-04 07:06:44,Shift B,Team 3
ORD-569575,SHP-00674,BLR,SKU-002,2025-02-01 00:43:12,2025-02-01 02:43:55,2025-02-01 04:57:13,2025-02-01 07:10:31,2025-02-01 09:36:04,2025-02-01 09:11:04,Shift B,Team 2
ORD-865634,SHP-00675,BLR,SKU-020,2024-10-13 01:14:00,2024-10-13 03:31:51,2024-10-13 04:50:43,2024-10-13 06:09:34,2024-10-13 07:03:01,2024-10-13 06:33:01,Shift B,Team 2
ORD-197527,SHP-00676,BLR,SKU-023,2025-01-13 00:52:53,2025-01-13 02:32:10,2025-01-13 03:58:32,2025-01-13 05:24:55,2025-01-13 09:47:18,2025-01-13 09:30:18,Shift C,Team 3
ORD-610510,SHP-00677,DEL,SKU-018,2024-11-09 00:53:21,2024-11-09 02:31:49,2024-11-09 04:20:34,2024-11-09 06:09:18,2024-11-09 08:00:49,2024-11-09 07:44:49,Shift C,Team 1
ORD-868687,SHP-00678,BLR,SKU-002,2024-12-14 00:57:45,2024-12-14 02:31:51,2024-12-14 03:34:27,2024-12-14 04:37:04,2024-12-14 07:01:07,2024-12-14 10:10:33,Shift C,Team 2
ORD-919958,SHP-00679,DEL,SKU-021,2024-09-28 01:03:39,2024-09-28 03:18:28,2024-09-28 04:57:51,2024-09-28 06:37:14,2024-09-28 09:13:48,2024-09-28 08:52:48,Shift B,Team 3
ORD-116591,SHP-00680,BLR,SKU-012,2024-12-24 01:02:12,2024-12-24 03:16:21,2024-12-24 04:40:18,2024-12-24 06:04:14,2024-12-24 09:26:23,2024-12-24 08:56:23,Shift C,Team 2
ORD-523746,SHP-00681,DEL,SKU-013,2024-10-17 01:08:11,2024-10-17 02:41:20,2024-10-17 04:03:11,2024-10-17 05:25:01,2024-10-17 07:31:13,2024-10-17 08:43:49,Shift B,Team 3
ORD-652341,SHP-00682,MUM,SKU-020,2024-10-06 01:18:15,2024-10-06 03:33:46,2024-10-06 05:18:45,2024-10-06 07:03:43,2024-10-06 07:06:34,2024-10-06 07:00:34,Shift C,Team 3
ORD-272041,SHP-00683,DEL,SKU-026,2024-11-08 00:50:22,2024-11-08 02:22:27,2024-11-08 04:15:01,2024-11-08 06:07:34,2024-11-08 09:49:28,2024-11-08 09:42:28,Shift C,Team 1
ORD-865455,SHP-00684,MUM,SKU-018,2024-11-24 01:14:43,2024-11-24 03:14:57,2024-11-24 04:26:20,2024-11-24 05:37:44,2024-11-24 09:26:50,2024-11-24 08:57:50,Shift A,Team 3
ORD-543351,SHP-00685,DEL,SKU-012,2024-10-07 01:24:41,2024-10-07 02:52:47,2024-10-07 04:07:28,2024-10-07 05:22:10,2024-10-07 09:17:23,2024-10-07 11:36:38,Shift B,Team 1
ORD-604552,SHP-00686,DEL,SKU-012,2024-09-29 00:50:15,2024-09-29 03:12:00,2024-09-29 04:58:54,2024-09-29 06:45:49,2024-09-29 09:06:03,2024-09-29 08:48:03,Shift C,Team 1
ORD-283223,SHP-00687,MUM,SKU-020,2025-02-01 01:17:44,2025-02-01 03:38:03,2025-02-01 06:06:32,2025-02-01 08:35:00,2025-02-01 07:52:46,2025-02-01 07:37:46,Shift A,Team 1
ORD-170498,SHP-00688,MUM,SKU-005,2024-10-09 01:28:15,2024-10-09 03:16:37,2024-10-09 05:42:31,2024-10-09 08:08:24,2024-10-09 08:45:04,2024-10-09 08:18:04,Shift A,Team 1
ORD-133797,SHP-00689,BLR,SKU-014,2024-09-24 00:47:07,2024-09-24 03:05:22,2024-09-24 04:46:48,2024-09-24 06:28:13,2024-09-24 09:31:27,2024-09-24 11:54:43,Shift B,Team 2
ORD-355470,SHP-00690,DEL,SKU-018,2025-01-19 01:06:31,2025-01-19 02:33:15,2025-01-19 05:00:08,2025-01-19 07:27:01,2025-01-19 09:46:56,2025-01-19 09:25:56,Shift A,Team 3
ORD-365636,SHP-00691,BLR,SKU-016,2024-10-31 00:55:52,2024-10-31 03:03:01,2024-10-31 04:21:40,2024-10-31 05:40:19,2024-10-31 08:52:14,2024-10-31 08:30:14,Shift B,Team 3
ORD-275803,SHP-00692,DEL,SKU-030,2024-10-07 00:39:46,2024-10-07 02:28:46,2024-10-07 03:58:30,2024-10-07 05:28:13,2024-10-07 09:45:14,2024-10-07 09:45:14,Shift B,Team 2
ORD-967815,SHP-00693,BLR,SKU-003,2024-09-07 01:09:33,2024-09-07 02:47:38,2024-09-07 04:02:11,2024-09-07 05:16:44,2024-09-07 07:47:07,2024-09-07 07:21:07,Shift A,Team 1
ORD-375204,SHP-00694,DEL,SKU-024,2024-12-16 01:05:34,2024-12-16 03:21:20,2024-12-16 05:47:38,2024-12-16 08:13:56,2024-12-16 07:05:43,2024-12-16 06:45:43,Shift B,Team 1
ORD-857079,SHP-00695,BLR,SKU-017,2024-09-29 01:03:18,2024-09-29 02:32:22,2024-09-29 03:37:42,2024-09-29 04:43:01,2024-09-29 09:09:18,2024-09-29 08:39:18,Shift A,Team 3
ORD-979024,SHP-00696,BLR,SKU-003,2024-10-29 00:44:41,2024-10-29 02:30:44,2024-10-29 04:33:11,2024-10-29 06:35:37,2024-10-29 09:50:09,2024-10-29 09:23:09,Shift B,Team 1
ORD-815085,SHP-00697,DEL,SKU-027,2024-09-20 01:15:33,2024-09-20 02:28:29,2024-09-20 03:48:38,2024-09-20 05:08:47,2024-09-20 08:38:57,2024-09-20 08:10:57,Shift C,Team 2
ORD-621038,SHP-00698,MUM,SKU-004,2024-09-08 01:23:15,2024-09-08 03:33:00,2024-09-08 04:39:49,2024-09-08 05:46:38,2024-09-08 07:03:02,2024-09-08 06:37:02,Shift B,Team 2
ORD-313443,SHP-00699,DEL,SKU-002,2024-09-22 00:43:06,2024-09-22 02:24:14,2024-09-22 04:39:38,2024-09-22 06:55:01,2024-09-22 08:12:39,2024-09-22 07:52:39,Shift B,Team 1
ORD-109083,SHP-00700,DEL,SKU-011,2024-12-01 01:09:21,2024-12-01 02:53:32,2024-12-01 04:39:34,2024-12-01 06:25:36,2024-12-01 09:59:38,2024-12-01 12:30:21,Shift A,Team 2
ORD-380531,SHP-00701,MUM,SKU-023,2024-09-10 00:55:53,2024-09-10 02:51:46,2024-09-10 04:33:25,2024-09-10 06:15:03,2024-09-10 09:00:12,2024-09-10 08:30:12,Shift B,Team 2
ORD-466227,SHP-00702,BLR,SKU-015,2025-02-14 00:59:40,2025-02-14 02:50:49,2025-02-14 04:45:52,2025-02-14 06:40:55,2025-02-14 08:06:12,2025-02-14 10:23:12,Shift A,Team 3
ORD-482394,SHP-00703,BLR,SKU-016,2024-10-24 01:08:54,2024-10-24 03:10:51,2024-10-24 04:45:40,2024-10-24 06:20:28,2024-10-24 08:53:40,2024-10-24 08:44:40,Shift C,Team 1
ORD-677112,SHP-00704,DEL,SKU-006,2024-12-26 01:00:50,2024-12-26 03:19:36,2024-12-26 05:45:45,2024-12-26 08:11:53,2024-12-26 07:13:22,2024-12-26 07:02:22,Shift C,Team 2
ORD-945918,SHP-00705,MUM,SKU-002,2024-12-23 01:26:31,2024-12-23 03:28:35,2024-12-23 04:40:22,2024-12-23 05:52:10,2024-12-23 09:41:26,2024-12-23 09:12:26,Shift C,Team 1
ORD-840170,SHP-00706,BLR,SKU-015,2024-12-05 00:33:42,2024-12-05 02:14:29,2024-12-05 04:14:40,2024-12-05 06:14:51,2024-12-05 09:55:46,2024-12-05 09:31:46,Shift C,Team 1
ORD-493329,SHP-00707,DEL,SKU-003,2024-10-10 00:34:27,2024-10-10 02:32:58,2024-10-10 03:41:38,2024-10-10 04:50:17,2024-10-10 08:53:14,2024-10-10 08:44:14,Shift B,Team 2
ORD-215974,SHP-00708,MUM,SKU-030,2024-10-17 01:19:56,2024-10-17 02:53:37,2024-10-17 04:20:12,2024-10-17 05:46:47,2024-10-17 07:26:48,2024-10-17 07:25:48,Shift B,Team 2
ORD-286452,SHP-00709,MUM,SKU-021,2024-09-30 01:17:22,2024-09-30 03:17:12,2024-09-30 04:59:49,2024-09-30 06:42:26,2024-09-30 08:52:07,2024-09-30 08:46:07,Shift A,Team 3
ORD-716139,SHP-00710,MUM,SKU-025,2024-10-25 00:31:32,2024-10-25 02:37:18,2024-10-25 04:26:31,2024-10-25 06:15:44,2024-10-25 07:10:12,2024-10-25 06:59:12,Shift A,Team 2
ORD-699722,SHP-00711,DEL,SKU-003,2024-12-17 01:10:59,2024-12-17 02:32:46,2024-12-17 04:37:53,2024-12-17 06:42:59,2024-12-17 07:30:20,2024-12-17 12:50:05,Shift A,Team 3
ORD-867913,SHP-00712,MUM,SKU-013,2024-12-21 00:47:08,2024-12-21 02:53:27,2024-12-21 04:09:00,2024-12-21 05:24:34,2024-12-21 09:19:07,2024-12-21 08:59:07,Shift A,Team 1
ORD-370743,SHP-00713,BLR,SKU-005,2025-02-18 01:20:07,2025-02-18 03:30:52,2025-02-18 05:22:41,2025-02-18 07:14:31,2025-02-18 09:23:29,2025-02-18 09:06:29,Shift B,Team 1
ORD-736171,SHP-00714,MUM,SKU-015,2024-12-25 01:24:04,2024-12-25 02:56:37,2024-12-25 05:11:21,2024-12-25 07:26:06,2024-12-25 08:26:04,2024-12-25 08:08:04,Shift A,Team 2
ORD-737813,SHP-00715,BLR,SKU-001,2024-12-06 00:33:40,2024-12-06 01:36:05,2024-12-06 03:59:20,2024-12-06 06:22:36,2024-12-06 09:44:21,2024-12-06 09:19:21,Shift B,Team 3
ORD-353925,SHP-00716,MUM,SKU-014,2024-12-15 01:24:39,2024-12-15 02:45:57,2024-12-15 03:59:48,2024-12-15 05:13:38,2024-12-15 07:01:28,2024-12-15 06:42:28,Shift A,Team 3
ORD-281811,SHP-00717,BLR,SKU-010,2024-12-21 00:35:13,2024-12-21 03:02:12,2024-12-21 04:12:27,2024-12-21 05:22:41,2024-12-21 09:13:22,2024-12-21 09:06:22,Shift A,Team 3
ORD-302576,SHP-00718,BLR,SKU-020,2024-12-15 00:45:43,2024-12-15 02:30:55,2024-12-15 04:03:56,2024-12-15 05:36:58,2024-12-15 07:38:34,2024-12-15 07:19:34,Shift B,Team 1
ORD-521084,SHP-00719,MUM,SKU-026,2024-12-26 00:55:56,2024-12-26 02:11:46,2024-12-26 03:53:19,2024-12-26 05:34:52,2024-12-26 07:15:41,2024-12-26 07:06:41,Shift A,Team 1
ORD-772256,SHP-00720,BLR,SKU-026,2025-02-16 01:19:09,2025-02-16 02:29:36,2025-02-16 03:40:05,2025-02-16 04:50:34,2025-02-16 07:29:46,2025-02-16 07:07:46,Shift B,Team 2
ORD-165821,SHP-00721,MUM,SKU-013,2024-11-21 01:12:27,2024-11-21 02:57:41,2024-11-21 05:27:08,2024-11-21 07:56:35,2024-11-21 07:52:11,2024-11-21 07:35:11,Shift B,Team 1
ORD-947739,SHP-00722,BLR,SKU-014,2024-12-13 00:32:03,2024-12-13 02:27:41,2024-12-13 04:53:15,2024-12-13 07:18:49,2024-12-13 08:38:06,2024-12-13 08:36:06,Shift B,Team 2
ORD-658706,SHP-00723,BLR,SKU-025,2024-10-11 01:04:42,2024-10-11 03:05:40,2024-10-11 04:32:51,2024-10-11 06:00:02,2024-10-11 07:33:53,2024-10-11 07:30:53,Shift A,Team 3
ORD-149757,SHP-00724,DEL,SKU-008,2025-02-10 01:10:33,2025-02-10 03:28:45,2025-02-10 04:32:00,2025-02-10 05:35:15,2025-02-10 09:00:43,2025-02-10 08:48:43,Shift C,Team 3
ORD-675699,SHP-00725,MUM,SKU-004,2024-11-10 01:27:51,2024-11-10 03:33:17,2024-11-10 05:35:56,2024-11-10 07:38:36,2024-11-10 09:52:38,2024-11-10 09:39:38,Shift B,Team 3
ORD-526536,SHP-00726,DEL,SKU-001,2024-10-24 01:22:51,2024-10-24 03:19:12,2024-10-24 05:03:13,2024-10-24 06:47:14,2024-10-24 09:55:17,2024-10-24 09:33:17,Shift C,Team 3
ORD-939091,SHP-00727,MUM,SKU-028,2024-10-17 01:29:25,2024-10-17 03:51:26,2024-10-17 04:59:06,2024-10-17 06:06:45,2024-10-17 07:39:10,2024-10-17 07:21:10,Shift B,Team 2
ORD-685484,SHP-00728,DEL,SKU-001,2024-11-05 00:35:32,2024-11-05 01:45:53,2024-11-05 03:31:27,2024-11-05 05:17:00,2024-11-05 07:52:18,2024-11-05 07:25:18,Shift C,Team 1
ORD-248225,SHP-00729,DEL,SKU-016,2024-10-06 00:31:48,2024-10-06 01:53:20,2024-10-06 03:11:52,2024-10-06 04:30:24,2024-10-06 09:17:25,2024-10-06 11:17:19,Shift B,Team 3
ORD-260118,SHP-00730,MUM,SKU-007,2024-12-12 01:17:56,2024-12-12 03:11:15,2024-12-12 04:49:56,2024-12-12 06:28:38,2024-12-12 07:13:47,2024-12-12 10:20:27,Shift A,Team 2
ORD-748149,SHP-00731,MUM,SKU-011,2025-01-03 00:53:27,2025-01-03 01:58:40,2025-01-03 04:03:04,2025-01-03 06:07:28,2025-01-03 09:15:12,2025-01-03 08:53:12,Shift C,Team 1
ORD-209724,SHP-00732,DEL,SKU-010,2024-09-09 01:21:34,2024-09-09 03:02:54,2024-09-09 04:23:15,2024-09-09 05:43:36,2024-09-09 09:16:03,2024-09-09 09:04:03,Shift C,Team 3
ORD-823540,SHP-00733,MUM,SKU-011,2024-12-01 00:31:33,2024-12-01 01:49:11,2024-12-01 03:33:57,2024-12-01 05:18:44,2024-12-01 09:11:03,2024-12-01 08:44:03,Shift C,Team 1
ORD-890369,SHP-00734,DEL,SKU-007,2024-12-08 01:10:18,2024-12-08 03:38:12,2024-12-08 04:43:08,2024-12-08 05:48:04,2024-12-08 09:04:12,2024-12-08 08:37:12,Shift C,Team 3
ORD-267811,SHP-00735,MUM,SKU-004,2024-10-21 01:28:15,2024-10-21 03:54:07,2024-10-21 06:02:30,2024-10-21 08:10:52,2024-10-21 08:08:14,2024-10-21 08:07:14,Shift C,Team 2
ORD-229496,SHP-00736,DEL,SKU-013,2024-12-28 00:55:28,2024-12-28 03:13:44,2024-12-28 04:15:47,2024-12-28 05:17:49,2024-12-28 08:49:21,2024-12-28 08:30:21,Shift B,Team 3
ORD-627913,SHP-00737,DEL,SKU-016,2024-11-10 01:21:45,2024-11-10 03:48:51,2024-11-10 05:24:36,2024-11-10 07:00:21,2024-11-10 09:35:02,2024-11-10 09:11:02,Shift A,Team 1
ORD-949925,SHP-00738,DEL,SKU-001,2024-09-27 00:44:52,2024-09-27 02:46:58,2024-09-27 03:52:18,2024-09-27 04:57:38,2024-09-27 09:13:35,2024-09-27 08:47:35,Shift B,Team 2
ORD-781976,SHP-00739,MUM,SKU-009,2024-09-14 00:30:32,2024-09-14 01:32:54,2024-09-14 03:17:30,2024-09-14 05:02:05,2024-09-14 07:49:22,2024-09-14 07:36:22,Shift B,Team 3
ORD-253103,SHP-00740,BLR,SKU-019,2024-10-03 00:41:52,2024-10-03 01:58:18,2024-10-03 03:25:09,2024-10-03 04:51:59,2024-10-03 09:23:50,2024-10-03 08:55:50,Shift A,Team 3
ORD-620690,SHP-00741,BLR,SKU-010,2024-11-11 01:02:04,2024-11-11 02:46:15,2024-11-11 04:11:55,2024-11-11 05:37:36,2024-11-11 09:04:49,2024-11-11 08:45:49,Shift C,Team 3
ORD-111662,SHP-00742,BLR,SKU-007,2025-01-05 01:22:30,2025-01-05 02:37:54,2025-01-05 04:20:02,2025-01-05 06:02:10,2025-01-05 07:00:56,2025-01-05 06:55:56,Shift B,Team 3
ORD-938496,SHP-00743,BLR,SKU-005,2024-11-19 00:38:31,2024-11-19 02:55:06,2024-11-19 04:24:21,2024-11-19 05:53:36,2024-11-19 09:04:38,2024-11-19 08:47:38,Shift C,Team 3
ORD-235797,SHP-00744,MUM,SKU-028,2024-11-11 01:26:43,2024-11-11 03:33:34,2024-11-11 05:05:37,2024-11-11 06:37:40,2024-11-11 07:20:15,2024-11-11 07:17:15,Shift A,Team 3
ORD-837630,SHP-00745,MUM,SKU-018,2024-09-08 01:23:38,2024-09-08 03:49:34,2024-09-08 05:59:56,2024-09-08 08:10:17,2024-09-08 09:45:28,2024-09-08 09:40:28,Shift A,Team 1
ORD-776738,SHP-00746,MUM,SKU-030,2024-09-26 01:16:41,2024-09-26 02:37:51,2024-09-26 04:22:28,2024-09-26 06:07:04,2024-09-26 07:37:06,2024-09-26 07:31:06,Shift C,Team 2
ORD-745592,SHP-00747,BLR,SKU-002,2024-09-13 00:53:46,2024-09-13 02:44:24,2024-09-13 04:41:33,2024-09-13 06:38:41,2024-09-13 07:43:17,2024-09-13 07:35:17,Shift B,Team 3
ORD-300670,SHP-00748,BLR,SKU-029,2024-12-10 01:11:41,2024-12-10 02:48:41,2024-12-10 04:28:12,2024-12-10 06:07:42,2024-12-10 08:14:23,2024-12-10 10:14:38,Shift C,Team 2
ORD-466632,SHP-00749,MUM,SKU-030,2024-10-18 00:55:50,2024-10-18 02:39:00,2024-10-18 04:43:03,2024-10-18 06:47:06,2024-10-18 07:41:33,2024-10-18 07:37:33,Shift A,Team 2
ORD-852058,SHP-00750,DEL,SKU-009,2024-12-19 00:32:18,2024-12-19 01:52:50,2024-12-19 03:33:59,2024-12-19 05:15:09,2024-12-19 07:30:21,2024-12-19 07:18:21,Shift A,Team 2
ORD-124188,SHP-00751,DEL,SKU-017,2024-12-30 00:32:14,2024-12-30 01:55:39,2024-12-30 03:41:51,2024-12-30 05:28:03,2024-12-30 07:18:37,2024-12-30 07:10:37,Shift C,Team 1
ORD-116709,SHP-00752,MUM,SKU-012,2025-01-18 00:45:11,2025-01-18 01:52:20,2025-01-18 03:31:52,2025-01-18 05:11:25,2025-01-18 09:07:12,2025-01-18 08:45:12,Shift B,Team 1
ORD-281930,SHP-00753,BLR,SKU-022,2024-11-09 00:52:45,2024-11-09 01:58:54,2024-11-09 03:36:10,2024-11-09 05:13:26,2024-11-09 07:18:21,2024-11-09 07:18:21,Shift A,Team 2
ORD-476032,SHP-00754,DEL,SKU-029,2024-12-06 01:21:35,2024-12-06 03:40:33,2024-12-06 04:47:24,2024-12-06 05:54:15,2024-12-06 07:29:56,2024-12-06 07:29:56,Shift B,Team 2
ORD-943729,SHP-00755,MUM,SKU-027,2024-12-16 01:16:57,2024-12-16 02:47:42,2024-12-16 04:51:32,2024-12-16 06:55:23,2024-12-16 09:54:50,2024-12-16 11:22:44,Shift B,Team 3
ORD-852895,SHP-00756,DEL,SKU-010,2024-12-29 00:53:53,2024-12-29 03:21:10,2024-12-29 04:55:21,2024-12-29 06:29:32,2024-12-29 09:46:28,2024-12-29 15:36:53,Shift C,Team 1
ORD-765388,SHP-00757,MUM,SKU-012,2024-11-12 01:29:30,2024-11-12 03:14:29,2024-11-12 04:22:32,2024-11-12 05:30:35,2024-11-12 07:04:54,2024-11-12 06:39:54,Shift C,Team 3
ORD-556813,SHP-00758,BLR,SKU-024,2024-09-23 01:10:35,2024-09-23 03:07:28,2024-09-23 04:35:47,2024-09-23 06:04:07,2024-09-23 09:32:34,2024-09-23 09:19:34,Shift B,Team 3
ORD-198323,SHP-00759,DEL,SKU-006,2024-12-12 01:17:16,2024-12-12 02:19:51,2024-12-12 03:40:38,2024-12-12 05:01:24,2024-12-12 07:15:31,2024-12-12 07:02:31,Shift B,Team 2
ORD-552371,SHP-00760,DEL,SKU-019,2024-10-22 01:08:36,2024-10-22 02:21:00,2024-10-22 04:05:41,2024-10-22 05:50:22,2024-10-22 07:39:41,2024-10-22 07:14:41,Shift A,Team 1
ORD-656629,SHP-00761,MUM,SKU-030,2024-12-29 01:05:13,2024-12-29 03:26:51,2024-12-29 05:28:41,2024-12-29 07:30:31,2024-12-29 08:57:17,2024-12-29 08:33:17,Shift C,Team 3
ORD-499420,SHP-00762,DEL,SKU-019,2024-12-05 00:56:42,2024-12-05 03:15:12,2024-12-05 04:33:53,2024-12-05 05:52:35,2024-12-05 07:41:42,2024-12-05 07:16:42,Shift B,Team 2
ORD-177666,SHP-00763,BLR,SKU-004,2024-09-22 01:22:29,2024-09-22 03:47:17,2024-09-22 05:16:31,2024-09-22 06:45:45,2024-09-22 08:21:10,2024-09-22 12:04:23,Shift A,Team 2
ORD-778590,SHP-00764,BLR,SKU-016,2024-10-23 00:45:31,2024-10-23 02:55:47,2024-10-23 04:50:12,2024-10-23 06:44:37,2024-10-23 09:02:56,2024-10-23 09:43:52,Shift A,Team 1
ORD-192467,SHP-00765,DEL,SKU-004,2024-10-22 00:36:48,2024-10-22 01:53:49,2024-10-22 04:06:08,2024-10-22 06:18:27,2024-10-22 09:34:06,2024-10-22 09:04:06,Shift A,Team 3
ORD-109564,SHP-00766,MUM,SKU-018,2024-10-18 00:31:09,2024-10-18 01:55:54,2024-10-18 03:43:24,2024-10-18 05:30:53,2024-10-18 07:48:57,2024-10-18 07:18:57,Shift B,Team 2
ORD-889825,SHP-00767,DEL,SKU-010,2024-10-14 00:58:25,2024-10-14 02:40:08,2024-10-14 03:41:32,2024-10-14 04:42:56,2024-10-14 09:25:53,2024-10-14 11:45:01,Shift B,Team 1
ORD-324729,SHP-00768,DEL,SKU-004,2024-12-18 01:09:38,2024-12-18 02:39:49,2024-12-18 04:43:42,2024-12-18 06:47:35,2024-12-18 07:32:37,2024-12-18 09:26:48,Shift C,Team 1
ORD-896842,SHP-00769,MUM,SKU-017,2024-10-06 01:06:47,2024-10-06 02:41:37,2024-10-06 04:33:28,2024-10-06 06:25:19,2024-10-06 09:30:21,2024-10-06 14:08:22,Shift C,Team 3
ORD-646366,SHP-00770,DEL,SKU-009,2024-11-26 00:58:33,2024-11-26 03:01:08,2024-11-26 05:28:21,2024-11-26 07:55:35,2024-11-26 07:23:28,2024-11-26 07:07:28,Shift C,Team 2
ORD-276672,SHP-00771,MUM,SKU-009,2025-02-16 00:30:27,2025-02-16 01:31:32,2025-02-16 03:08:53,2025-02-16 04:46:13,2025-02-16 09:40:01,2025-02-16 14:07:06,Shift C,Team 3
ORD-717738,SHP-00772,DEL,SKU-016,2024-10-11 00:34:00,2024-10-11 03:03:21,2024-10-11 04:21:47,2024-10-11 05:40:12,2024-10-11 08:44:23,2024-10-11 08:22:23,Shift C,Team 1
ORD-690723,SHP-00773,MUM,SKU-025,2024-09-16 01:15:04,2024-09-16 03:07:43,2024-09-16 04:28:48,2024-09-16 05:49:53,2024-09-16 09:26:54,2024-09-16 09:09:54,Shift C,Team 1
ORD-561897,SHP-00774,DEL,SKU-022,2024-10-22 00:43:40,2024-10-22 01:58:17,2024-10-22 03:23:20,2024-10-22 04:48:24,2024-10-22 08:49:05,2024-10-22 08:28:05,Shift A,Team 3
ORD-197492,SHP-00775,DEL,SKU-012,2025-02-09 01:27:19,2025-02-09 03:44:02,2025-02-09 04:48:48,2025-02-09 05:53:34,2025-02-09 08:23:43,2025-02-09 09:27:51,Shift C,Team 2
ORD-159030,SHP-00776,BLR,SKU-016,2024-10-19 01:10:59,2024-10-19 03:07:03,2024-10-19 05:04:18,2024-10-19 07:01:34,2024-10-19 08:12:54,2024-10-19 07:49:54,Shift C,Team 2
ORD-789447,SHP-00777,MUM,SKU-008,2025-01-24 00:44:21,2025-01-24 03:01:26,2025-01-24 05:20:05,2025-01-24 07:38:45,2025-01-24 09:49:11,2025-01-24 09:40:11,Shift C,Team 2
ORD-683630,SHP-00778,MUM,SKU-010,2024-09-18 00:35:23,2024-09-18 02:58:16,2024-09-18 04:24:14,2024-09-18 05:50:11,2024-09-18 09:40:23,2024-09-18 09:15:23,Shift B,Team 3
ORD-757236,SHP-00779,BLR,SKU-002,2024-09-29 00:44:42,2024-09-29 02:48:56,2024-09-29 04:58:35,2024-09-29 07:08:14,2024-09-29 09:39:39,2024-09-29 11:16:19,Shift C,Team 3
ORD-447842,SHP-00780,MUM,SKU-023,2025-01-05 00:42:47,2025-01-05 01:58:00,2025-01-05 03:46:08,2025-01-05 05:34:16,2025-01-05 08:04:39,2025-01-05 07:49:39,Shift B,Team 3
ORD-274901,SHP-00781,DEL,SKU-021,2024-10-04 01:04:25,2024-10-04 02:54:21,2024-10-04 04:53:43,2024-10-04 06:53:04,2024-10-04 07:24:56,2024-10-04 09:59:47,Shift B,Team 3
ORD-294585,SHP-00782,DEL,SKU-018,2024-12-07 01:08:13,2024-12-07 03:33:47,2024-12-07 05:16:17,2024-12-07 06:58:48,2024-12-07 08:01:29,2024-12-07 07:33:29,Shift A,Team 3
ORD-101688,SHP-00783,DEL,SKU-008,2025-02-05 01:13:43,2025-02-05 03:42:20,2025-02-05 05:57:33,2025-02-05 08:12:46,2025-02-05 09:52:49,2025-02-05 14:05:37,Shift A,Team 3
ORD-491660,SHP-00784,BLR,SKU-002,2024-09-04 01:01:18,2024-09-04 02:54:48,2024-09-04 04:01:22,2024-09-04 05:07:56,2024-09-04 07:00:21,2024-09-04 06:57:21,Shift A,Team 1
ORD-639218,SHP-00785,DEL,SKU-018,2025-02-03 00:36:57,2025-02-03 02:14:26,2025-02-03 03:21:17,2025-02-03 04:28:08,2025-02-03 07:46:24,2025-02-03 07:26:24,Shift B,Team 2
ORD-814613,SHP-00786,BLR,SKU-017,2025-01-20 00:34:54,2025-01-20 01:44:10,2025-01-20 03:36:36,2025-01-20 05:29:02,2025-01-20 07:10:51,2025-01-20 06:59:51,Shift B,Team 2
ORD-626785,SHP-00787,BLR,SKU-024,2024-09-21 01:18:00,2024-09-21 02:33:32,2024-09-21 04:42:36,2024-09-21 06:51:40,2024-09-21 08:28:06,2024-09-21 13:26:30,Shift A,Team 3
ORD-940654,SHP-00788,BLR,SKU-009,2024-09-06 01:10:13,2024-09-06 03:32:46,2024-09-06 05:50:00,2024-09-06 08:07:13,2024-09-06 09:54:36,2024-09-06 09:39:36,Shift C,Team 1
ORD-394362,SHP-00789,MUM,SKU-018,2024-12-08 01:29:59,2024-12-08 03:30:13,2024-12-08 05:57:33,2024-12-08 08:24:54,2024-12-08 09:30:58,2024-12-08 09:16:58,Shift C,Team 2
ORD-253678,SHP-00790,MUM,SKU-027,2024-10-26 00:30:17,2024-10-26 02:12:28,2024-10-26 04:02:55,2024-10-26 05:53:21,2024-10-26 07:26:27,2024-10-26 07:16:27,Shift A,Team 1
ORD-185103,SHP-00791,BLR,SKU-013,2024-12-28 01:25:53,2024-12-28 02:39:59,2024-12-28 04:47:35,2024-12-28 06:55:10,2024-12-28 08:39:53,2024-12-28 08:34:53,Shift B,Team 2
ORD-843565,SHP-00792,MUM,SKU-002,2025-01-17 01:15:17,2025-01-17 02:51:51,2025-01-17 04:43:18,2025-01-17 06:34:46,2025-01-17 08:50:36,2025-01-17 08:37:36,Shift B,Team 3
ORD-627377,SHP-00793,DEL,SKU-001,2025-01-24 01:13:40,2025-01-24 02:27:02,2025-01-24 04:05:46,2025-01-24 05:44:30,2025-01-24 09:31:50,2025-01-24 09:25:50,Shift C,Team 3
ORD-842955,SHP-00794,MUM,SKU-011,2024-09-21 01:19:44,2024-09-21 03:17:55,2024-09-21 04:50:25,2024-09-21 06:22:54,2024-09-21 07:55:20,2024-09-21 07:34:20,Shift B,Team 2
ORD-840036,SHP-00795,BLR,SKU-017,2025-02-06 01:01:46,2025-02-06 03:29:32,2025-02-06 05:38:42,2025-02-06 07:47:52,2025-02-06 07:02:29,2025-02-06 06:39:29,Shift C,Team 2
ORD-264091,SHP-00796,MUM,SKU-008,2024-11-30 00:58:20,2024-11-30 03:13:13,2024-11-30 05:20:39,2024-11-30 07:28:05,2024-11-30 07:03:48,2024-11-30 06:56:48,Shift B,Team 2
ORD-979787,SHP-00797,BLR,SKU-026,2024-09-19 00:59:14,2024-09-19 03:09:08,2024-09-19 04:56:38,2024-09-19 06:44:08,2024-09-19 09:11:58,2024-09-19 13:34:38,Shift C,Team 3
ORD-748878,SHP-00798,DEL,SKU-019,2024-09-12 00:56:04,2024-09-12 03:08:45,2024-09-12 05:00:57,2024-09-12 06:53:10,2024-09-12 08:29:46,2024-09-12 08:05:46,Shift B,Team 2
ORD-381249,SHP-00799,BLR,SKU-021,2024-12-06 01:12:22,2024-12-06 03:03:44,2024-12-06 05:23:46,2024-12-06 07:43:48,2024-12-06 07:49:07,2024-12-06 07:45:07,Shift C,Team 2
ORD-175436,SHP-00800,BLR,SKU-002,2024-10-02 01:10:20,2024-10-02 03:12:35,2024-10-02 04:56:50,2024-10-02 06:41:05,2024-10-02 08:19:14,2024-10-02 07:58:14,Shift B,Team 3
ORD-217013,SHP-00801,MUM,SKU-004,2024-11-02 00:40:33,2024-11-02 02:17:26,2024-11-02 03:22:46,2024-11-02 04:28:06,2024-11-02 07:51:33,2024-11-02 07:26:33,Shift C,Team 2
ORD-547498,SHP-00802,DEL,SKU-008,2025-02-02 00:50:25,2025-02-02 02:18:55,2025-02-02 03:30:54,2025-02-02 04:42:54,2025-02-02 08:04:52,2025-02-02 07:40:52,Shift A,Team 3
ORD-152240,SHP-00803,BLR,SKU-017,2024-11-06 01:05:53,2024-11-06 02:20:17,2024-11-06 03:29:33,2024-11-06 04:38:49,2024-11-06 07:48:51,2024-11-06 07:37:51,Shift C,Team 1
ORD-957920,SHP-00804,DEL,SKU-016,2024-11-07 00:30:12,2024-11-07 02:52:57,2024-11-07 03:56:35,2024-11-07 05:00:13,2024-11-07 09:17:38,2024-11-07 09:16:38,Shift A,Team 1
ORD-300981,SHP-00805,DEL,SKU-023,2024-12-09 00:41:09,2024-12-09 03:08:54,2024-12-09 04:44:38,2024-12-09 06:20:23,2024-12-09 07:40:38,2024-12-09 07:13:38,Shift A,Team 1
ORD-598493,SHP-00806,BLR,SKU-015,2024-11-30 01:14:35,2024-11-30 03:14:17,2024-11-30 05:35:39,2024-11-30 07:57:00,2024-11-30 09:51:32,2024-11-30 09:37:32,Shift C,Team 3
ORD-394421,SHP-00807,BLR,SKU-013,2024-10-09 00:43:21,2024-10-09 01:44:16,2024-10-09 04:06:13,2024-10-09 06:28:09,2024-10-09 09:59:50,2024-10-09 09:35:50,Shift A,Team 1
ORD-667751,SHP-00808,MUM,SKU-017,2024-09-13 01:19:12,2024-09-13 03:29:00,2024-09-13 04:32:31,2024-09-13 05:36:03,2024-09-13 08:00:18,2024-09-13 07:50:18,Shift C,Team 1
ORD-729357,SHP-00809,DEL,SKU-006,2025-01-11 00:38:47,2025-01-11 01:52:09,2025-01-11 03:34:00,2025-01-11 05:15:51,2025-01-11 08:06:15,2025-01-11 07:44:15,Shift A,Team 2
ORD-151191,SHP-00810,MUM,SKU-007,2024-10-30 01:03:28,2024-10-30 02:46:52,2024-10-30 04:43:50,2024-10-30 06:40:47,2024-10-30 07:04:27,2024-10-30 06:53:27,Shift C,Team 3
ORD-557067,SHP-00811,BLR,SKU-019,2024-09-02 01:20:26,2024-09-02 03:39:36,2024-09-02 05:15:33,2024-09-02 06:51:30,2024-09-02 08:13:28,2024-09-02 09:47:32,Shift C,Team 3
ORD-135217,SHP-00812,DEL,SKU-009,2025-01-05 00:59:33,2025-01-05 02:20:18,2025-01-05 04:49:39,2025-01-05 07:19:01,2025-01-05 08:35:54,2025-01-05 08:23:54,Shift B,Team 1
ORD-414585,SHP-00813,MUM,SKU-023,2024-11-25 00:39:33,2024-11-25 03:04:44,2024-11-25 04:51:30,2024-11-25 06:38:16,2024-11-25 09:41:08,2024-11-25 09:15:08,Shift C,Team 1
ORD-449850,SHP-00814,MUM,SKU-021,2025-02-17 00:43:08,2025-02-17 02:43:49,2025-02-17 04:00:35,2025-02-17 05:17:20,2025-02-17 07:37:25,2025-02-17 07:12:25,Shift A,Team 2
ORD-933157,SHP-00815,MUM,SKU-029,2025-01-03 00:43:45,2025-01-03 02:26:12,2025-01-03 04:35:13,2025-01-03 06:44:13,2025-01-03 09:39:21,2025-01-03 09:17:21,Shift C,Team 2
ORD-209394,SHP-00816,BLR,SKU-013,2024-09-10 01:05:02,2024-09-10 02:17:52,2024-09-10 03:36:33,2024-09-10 04:55:14,2024-09-10 07:06:07,2024-09-10 07:06:07,Shift B,Team 2
ORD-116538,SHP-00817,MUM,SKU-010,2025-01-03 00:46:01,2025-01-03 02:03:13,2025-01-03 04:23:02,2025-01-03 06:42:51,2025-01-03 07:22:16,2025-01-03 06:54:16,Shift B,Team 1
ORD-512038,SHP-00818,BLR,SKU-012,2024-10-16 01:18:38,2024-10-16 02:37:35,2024-10-16 04:02:52,2024-10-16 05:28:09,2024-10-16 09:17:53,2024-10-16 09:06:53,Shift A,Team 3
ORD-380308,SHP-00819,MUM,SKU-018,2024-11-14 01:08:44,2024-11-14 03:28:55,2024-11-14 05:25:15,2024-11-14 07:21:35,2024-11-14 08:23:39,2024-11-14 08:05:39,Shift C,Team 2
ORD-619855,SHP-00820,MUM,SKU-027,2025-01-03 01:01:25,2025-01-03 03:05:24,2025-01-03 05:01:46,2025-01-03 06:58:08,2025-01-03 09:03:40,2025-01-03 08:33:40,Shift A,Team 1
ORD-316227,SHP-00821,BLR,SKU-026,2025-02-04 00:55:15,2025-02-04 02:54:32,2025-02-04 04:43:10,2025-02-04 06:31:48,2025-02-04 08:57:27,2025-02-04 08:46:27,Shift B,Team 3
ORD-166025,SHP-00822,DEL,SKU-013,2024-12-02 01:20:38,2024-12-02 02:52:44,2024-12-02 04:19:57,2024-12-02 05:47:10,2024-12-02 07:25:56,2024-12-02 07:04:56,Shift A,Team 3
ORD-656495,SHP-00823,BLR,SKU-026,2024-09-10 01:11:48,2024-09-10 03:23:02,2024-09-10 05:04:45,2024-09-10 06:46:29,2024-09-10 08:18:18,2024-09-10 08:12:18,Shift B,Team 2
ORD-815968,SHP-00824,DEL,SKU-024,2024-12-06 01:12:47,2024-12-06 03:09:25,2024-12-06 04:49:57,2024-12-06 06:30:28,2024-12-06 09:58:20,2024-12-06 09:42:20,Shift A,Team 3
ORD-279005,SHP-00825,MUM,SKU-007,2025-01-17 01:01:45,2025-01-17 02:57:15,2025-01-17 04:20:56,2025-01-17 05:44:37,2025-01-17 08:34:42,2025-01-17 08:14:42,Shift A,Team 2
ORD-991070,SHP-00826,MUM,SKU-013,2024-09-26 01:18:10,2024-09-26 02:21:35,2024-09-26 04:15:52,2024-09-26 06:10:10,2024-09-26 08:49:17,2024-09-26 13:02:41,Shift C,Team 3
ORD-120562,SHP-00827,BLR,SKU-023,2024-11-02 01:01:04,2024-11-02 02:20:39,2024-11-02 03:39:40,2024-11-02 04:58:41,2024-11-02 07:04:06,2024-11-02 06:45:06,Shift C,Team 2
ORD-435571,SHP-00828,MUM,SKU-021,2025-02-12 01:00:35,2025-02-12 03:08:46,2025-02-12 05:22:57,2025-02-12 07:37:08,2025-02-12 08:02:10,2025-02-12 08:00:10,Shift C,Team 1
ORD-505041,SHP-00829,BLR,SKU-024,2025-01-24 01:10:51,2025-01-24 03:16:19,2025-01-24 04:27:49,2025-01-24 05:39:19,2025-01-24 08:18:27,2025-01-24 07:55:27,Shift A,Team 2
ORD-736842,SHP-00830,BLR,SKU-021,2025-01-04 01:08:57,2025-01-04 02:45:23,2025-01-04 04:45:47,2025-01-04 06:46:11,2025-01-04 08:56:19,2025-01-04 08:47:19,Shift B,Team 2
ORD-379964,SHP-00831,DEL,SKU-006,2024-09-20 00:59:39,2024-09-20 02:42:02,2024-09-20 05:00:25,2024-09-20 07:18:47,2024-09-20 08:43:51,2024-09-20 08:36:51,Shift B,Team 3
ORD-688438,SHP-00832,BLR,SKU-004,2025-01-19 00:38:32,2025-01-19 02:31:03,2025-01-19 04:36:14,2025-01-19 06:41:24,2025-01-19 09:11:31,2025-01-19 09:01:31,Shift C,Team 1
ORD-186178,SHP-00833,BLR,SKU-017,2024-11-14 00:41:06,2024-11-14 01:54:18,2024-11-14 03:36:34,2024-11-14 05:18:51,2024-11-14 07:18:34,2024-11-14 06:54:34,Shift C,Team 3
ORD-204915,SHP-00834,DEL,SKU-005,2024-12-31 00:54:01,2024-12-31 03:15:42,2024-12-31 04:55:27,2024-12-31 06:35:13,2024-12-31 09:01:47,2024-12-31 08:42:47,Shift C,Team 3
ORD-492843,SHP-00835,BLR,SKU-018,2024-09-25 01:06:13,2024-09-25 03:01:34,2024-09-25 05:24:06,2024-09-25 07:46:37,2024-09-25 07:36:11,2024-09-25 07:26:11,Shift B,Team 1
ORD-821412,SHP-00836,MUM,SKU-009,2024-12-04 01:17:16,2024-12-04 02:43:00,2024-12-04 04:15:37,2024-12-04 05:48:13,2024-12-04 08:57:31,2024-12-04 08:42:31,Shift B,Team 2
ORD-733355,SHP-00837,MUM,SKU-011,2025-01-23 00:33:29,2025-01-23 02:17:38,2025-01-23 03:20:27,2025-01-23 04:23:16,2025-01-23 09:33:23,2025-01-23 09:29:23,Shift A,Team 2
ORD-550304,SHP-00838,MUM,SKU-030,2024-09-01 01:14:10,2024-09-01 03:39:13,2024-09-01 06:03:49,2024-09-01 08:28:25,2024-09-01 08:07:41,2024-09-01 08:02:41,Shift B,Team 3
ORD-896220,SHP-00839,DEL,SKU-008,2024-12-22 00:51:03,2024-12-22 02:26:12,2024-12-22 04:37:43,2024-12-22 06:49:15,2024-12-22 09:06:48,2024-12-22 08:36:48,Shift C,Team 1
ORD-452682,SHP-00840,BLR,SKU-023,2024-10-25 01:13:46,2024-10-25 02:39:26,2024-10-25 04:24:53,2024-10-25 06:10:20,2024-10-25 07:38:29,2024-10-25 10:29:05,Shift C,Team 3
ORD-566554,SHP-00841,BLR,SKU-024,2024-10-16 00:53:29,2024-10-16 03:05:12,2024-10-16 04:57:26,2024-10-16 06:49:39,2024-10-16 07:01:52,2024-10-16 06:48:52,Shift B,Team 2
ORD-710637,SHP-00842,DEL,SKU-010,2024-12-02 00:53:46,2024-12-02 03:21:05,2024-12-02 04:23:09,2024-12-02 05:25:13,2024-12-02 09:55:42,2024-12-02 09:42:42,Shift A,Team 2
ORD-417710,SHP-00843,DEL,SKU-019,2024-12-11 00:48:34,2024-12-11 03:11:43,2024-12-11 04:51:59,2024-12-11 06:32:14,2024-12-11 09:39:34,2024-12-11 09:33:34,Shift C,Team 3
ORD-842772,SHP-00844,MUM,SKU-023,2024-09-10 01:09:52,2024-09-10 02:56:08,2024-09-10 04:51:24,2024-09-10 06:46:39,2024-09-10 07:50:17,2024-09-10 07:37:17,Shift A,Team 3
ORD-903036,SHP-00845,DEL,SKU-020,2024-11-20 01:17:41,2024-11-20 03:28:31,2024-11-20 05:23:59,2024-11-20 07:19:27,2024-11-20 07:35:36,2024-11-20 07:22:36,Shift B,Team 3
ORD-206795,SHP-00846,BLR,SKU-022,2024-09-04 00:47:33,2024-09-04 03:11:57,2024-09-04 05:15:36,2024-09-04 07:19:15,2024-09-04 08:54:55,2024-09-04 08:54:55,Shift B,Team 2
ORD-247706,SHP-00847,MUM,SKU-027,2025-02-03 00:47:08,2025-02-03 02:54:44,2025-02-03 05:08:03,2025-02-03 07:21:22,2025-02-03 08:15:19,2025-02-03 13:21:00,Shift C,Team 1
ORD-742243,SHP-00848,DEL,SKU-024,2024-09-23 00:45:17,2024-09-23 02:29:44,2024-09-23 03:48:56,2024-09-23 05:08:08,2024-09-23 07:42:05,2024-09-23 07:25:05,Shift A,Team 2
ORD-412956,SHP-00849,BLR,SKU-029,2024-09-21 01:22:55,2024-09-21 03:29:54,2024-09-21 05:40:40,2024-09-21 07:51:27,2024-09-21 07:58:36,2024-09-21 07:40:36,Shift A,Team 2
ORD-586343,SHP-00850,DEL,SKU-007,2025-01-23 00:31:47,2025-01-23 02:01:39,2025-01-23 03:40:57,2025-01-23 05:20:16,2025-01-23 07:15:49,2025-01-23 06:58:49,Shift B,Team 1
ORD-215122,SHP-00851,MUM,SKU-027,2024-12-03 01:17:55,2024-12-03 02:45:11,2024-12-03 04:25:38,2024-12-03 06:06:04,2024-12-03 08:35:09,2024-12-03 08:19:09,Shift A,Team 2
ORD-576949,SHP-00852,BLR,SKU-007,2025-02-13 00:44:11,2025-02-13 02:24:14,2025-02-13 03:46:20,2025-02-13 05:08:25,2025-02-13 07:07:48,2025-02-13 06:51:48,Shift A,Team 2
ORD-795428,SHP-00853,DEL,SKU-015,2024-09-09 00:49:08,2024-09-09 02:08:25,2024-09-09 03:12:04,2024-09-09 04:15:43,2024-09-09 07:58:12,2024-09-09 07:57:12,Shift A,Team 3
ORD-607255,SHP-00854,BLR,SKU-021,2024-10-11 01:00:41,2024-10-11 02:52:02,2024-10-11 04:45:18,2024-10-11 06:38:33,2024-10-11 07:50:28,2024-10-11 07:20:28,Shift A,Team 1
ORD-624792,SHP-00855,MUM,SKU-009,2025-01-30 01:08:23,2025-01-30 02:32:15,2025-01-30 03:52:15,2025-01-30 05:12:16,2025-01-30 07:41:47,2025-01-30 07:29:47,Shift B,Team 2
ORD-459251,SHP-00856,DEL,SKU-019,2024-12-17 01:05:41,2024-12-17 02:21:36,2024-12-17 03:31:41,2024-12-17 04:41:46,2024-12-17 09:03:29,2024-12-17 08:37:29,Shift B,Team 3
ORD-424031,SHP-00857,BLR,SKU-010,2025-01-24 00:44:06,2025-01-24 02:24:46,2025-01-24 03:25:14,2025-01-24 04:25:41,2025-01-24 07:37:43,2025-01-24 07:24:43,Shift A,Team 2
ORD-780212,SHP-00858,DEL,SKU-028,2024-11-17 01:07:18,2024-11-17 02:41:40,2024-11-17 03:41:44,2024-11-17 04:41:47,2024-11-17 09:24:25,2024-11-17 09:12:25,Shift B,Team 2
ORD-429330,SHP-00859,DEL,SKU-016,2024-11-28 00:45:34,2024-11-28 02:10:25,2024-11-28 03:49:09,2024-11-28 05:27:53,2024-11-28 07:22:03,2024-11-28 07:20:03,Shift A,Team 1
ORD-490992,SHP-00860,MUM,SKU-024,2024-11-23 00:55:33,2024-11-23 02:12:19,2024-11-23 03:22:44,2024-11-23 04:33:10,2024-11-23 09:57:18,2024-11-23 09:39:18,Shift B,Team 3
ORD-806898,SHP-00861,BLR,SKU-001,2025-02-03 01:18:58,2025-02-03 02:55:25,2025-02-03 04:23:35,2025-02-03 05:51:45,2025-02-03 09:21:57,2025-02-03 08:59:57,Shift C,Team 3
ORD-726843,SHP-00862,DEL,SKU-006,2024-12-21 01:25:34,2024-12-21 02:31:53,2024-12-21 04:22:33,2024-12-21 06:13:13,2024-12-21 07:07:37,2024-12-21 07:04:37,Shift B,Team 2
ORD-202467,SHP-00863,DEL,SKU-004,2025-01-11 00:48:49,2025-01-11 02:43:01,2025-01-11 04:02:21,2025-01-11 05:21:42,2025-01-11 09:32:06,2025-01-11 09:10:06,Shift C,Team 2
ORD-925664,SHP-00864,MUM,SKU-025,2025-01-03 01:09:41,2025-01-03 02:09:48,2025-01-03 04:23:08,2025-01-03 06:36:29,2025-01-03 07:56:49,2025-01-03 07:29:49,Shift C,Team 2
ORD-914423,SHP-00865,BLR,SKU-014,2024-11-25 00:31:33,2024-11-25 02:24:18,2024-11-25 04:34:59,2024-11-25 06:45:40,2024-11-25 09:22:10,2024-11-25 08:54:10,Shift A,Team 2
ORD-877690,SHP-00866,BLR,SKU-028,2024-10-21 01:23:03,2024-10-21 02:29:13,2024-10-21 04:46:13,2024-10-21 07:03:13,2024-10-21 09:34:06,2024-10-21 09:17:06,Shift C,Team 3
ORD-101972,SHP-00867,DEL,SKU-009,2024-11-04 00:35:33,2024-11-04 02:09:17,2024-11-04 03:14:13,2024-11-04 04:19:09,2024-11-04 08:57:44,2024-11-04 08:48:44,Shift B,Team 1
ORD-519899,SHP-00868,DEL,SKU-003,2025-01-15 01:06:27,2025-01-15 03:15:49,2025-01-15 04:26:15,2025-01-15 05:36:41,2025-01-15 08:52:35,2025-01-15 08:51:35,Shift C,Team 2
ORD-366847,SHP-00869,MUM,SKU-020,2025-01-13 01:22:37,2025-01-13 02:52:52,2025-01-13 04:44:40,2025-01-13 06:36:28,2025-01-13 09:13:08,2025-01-13 08:47:08,Shift C,Team 2
ORD-855356,SHP-00870,BLR,SKU-024,2024-12-12 01:25:43,2024-12-12 03:02:46,2024-12-12 04:42:12,2024-12-12 06:21:37,2024-12-12 09:23:05,2024-12-12 09:08:05,Shift C,Team 1
ORD-466267,SHP-00871,MUM,SKU-016,2025-01-17 00:30:28,2025-01-17 01:31:29,2025-01-17 02:59:30,2025-01-17 04:27:30,2025-01-17 08:47:32,2025-01-17 08:42:32,Shift C,Team 2
ORD-143767,SHP-00872,MUM,SKU-026,2024-11-09 01:15:04,2024-11-09 03:40:22,2024-11-09 05:56:49,2024-11-09 08:13:17,2024-11-09 09:51:45,2024-11-09 09:40:45,Shift C,Team 3
ORD-397167,SHP-00873,DEL,SKU-020,2024-09-05 00:31:02,2024-09-05 02:53:41,2024-09-05 04:56:52,2024-09-05 07:00:03,2024-09-05 07:15:04,2024-09-05 08:57:40,Shift B,Team 3
ORD-583896,SHP-00874,BLR,SKU-005,2024-11-27 01:18:46,2024-11-27 02:25:26,2024-11-27 03:42:58,2024-11-27 05:00:29,2024-11-27 07:29:22,2024-11-27 07:11:22,Shift A,Team 1
ORD-205668,SHP-00875,MUM,SKU-017,2024-09-21 01:22:17,2024-09-21 03:39:39,2024-09-21 05:52:24,2024-09-21 08:05:09,2024-09-21 07:09:23,2024-09-21 08:49:44,Shift A,Team 1
ORD-810729,SHP-00876,BLR,SKU-025,2024-11-30 01:22:22,2024-11-30 02:28:56,2024-11-30 04:52:32,2024-11-30 07:16:08,2024-11-30 08:33:59,2024-11-30 08:29:59,Shift A,Team 3
ORD-559621,SHP-00877,MUM,SKU-028,2024-09-25 01:12:58,2024-09-25 02:35:55,2024-09-25 03:36:32,2024-09-25 04:37:09,2024-09-25 07:12:17,2024-09-25 12:54:53,Shift C,Team 1
ORD-928980,SHP-00878,MUM,SKU-022,2024-11-21 00:40:52,2024-11-21 02:18:11,2024-11-21 04:46:03,2024-11-21 07:13:55,2024-11-21 07:05:54,2024-11-21 07:04:54,Shift C,Team 2
ORD-669372,SHP-00879,MUM,SKU-010,2024-11-13 01:29:40,2024-11-13 03:22:57,2024-11-13 05:37:40,2024-11-13 07:52:22,2024-11-13 08:17:16,2024-11-13 08:15:16,Shift B,Team 3
ORD-654698,SHP-00880,MUM,SKU-020,2024-12-17 00:40:04,2024-12-17 01:50:41,2024-12-17 03:29:32,2024-12-17 05:08:22,2024-12-17 07:11:25,2024-12-17 07:08:25,Shift B,Team 2
ORD-837815,SHP-00881,DEL,SKU-024,2024-11-03 01:10:02,2024-11-03 02:21:53,2024-11-03 04:22:01,2024-11-03 06:22:09,2024-11-03 07:41:24,2024-11-03 07:14:24,Shift A,Team 1
ORD-706392,SHP-00882,DEL,SKU-011,2024-11-01 01:06:31,2024-11-01 02:26:28,2024-11-01 03:31:48,2024-11-01 04:37:08,2024-11-01 08:45:04,2024-11-01 08:21:04,Shift A,Team 3
ORD-713812,SHP-00883,BLR,SKU-028,2024-10-16 00:59:43,2024-10-16 03:04:34,2024-10-16 04:16:47,2024-10-16 05:28:59,2024-10-16 07:27:06,2024-10-16 07:18:06,Shift B,Team 2
ORD-470085,SHP-00884,MUM,SKU-009,2024-12-08 01:18:57,2024-12-08 02:49:38,2024-12-08 04:28:22,2024-12-08 06:07:07,2024-12-08 08:30:52,2024-12-08 08:03:52,Shift A,Team 2
ORD-806537,SHP-00885,MUM,SKU-013,2024-11-14 01:18:55,2024-11-14 03:35:03,2024-11-14 05:54:23,2024-11-14 08:13:42,2024-11-14 08:53:59,2024-11-14 08:41:59,Shift B,Team 3
ORD-147684,SHP-00886,MUM,SKU-005,2024-10-14 01:21:36,2024-10-14 02:25:58,2024-10-14 03:51:54,2024-10-14 05:17:50,2024-10-14 07:29:23,2024-10-14 07:05:23,Shift B,Team 1
ORD-659917,SHP-00887,BLR,SKU-009,2024-11-06 00:32:56,2024-11-06 01:52:28,2024-11-06 03:30:28,2024-11-06 05:08:28,2024-11-06 08:12:53,2024-11-06 08:09:53,Shift C,Team 1
ORD-324008,SHP-00888,MUM,SKU-021,2024-11-14 01:26:29,2024-11-14 03:46:34,2024-11-14 05:55:45,2024-11-14 08:04:56,2024-11-14 09:14:29,2024-11-14 08:48:29,Shift A,Team 2
ORD-741824,SHP-00889,DEL,SKU-005,2024-12-08 00:32:33,2024-12-08 02:21:15,2024-12-08 03:28:02,2024-12-08 04:34:49,2024-12-08 09:43:15,2024-12-08 09:18:15,Shift A,Team 1
ORD-732921,SHP-00890,MUM,SKU-017,2024-11-28 01:16:27,2024-11-28 03:32:08,2024-11-28 04:56:43,2024-11-28 06:21:18,2024-11-28 07:47:27,2024-11-28 07:36:27,Shift B,Team 2
ORD-424802,SHP-00891,DEL,SKU-009,2024-09-04 00:31:47,2024-09-04 02:08:08,2024-09-04 04:01:18,2024-09-04 05:54:27,2024-09-04 09:13:14,2024-09-04 08:44:14,Shift C,Team 1
ORD-805033,SHP-00892,BLR,SKU-002,2024-10-29 01:00:05,2024-10-29 02:37:20,2024-10-29 03:49:12,2024-10-29 05:01:03,2024-10-29 07:47:12,2024-10-29 07:28:12,Shift A,Team 2
ORD-862503,SHP-00893,BLR,SKU-006,2024-09-15 01:03:27,2024-09-15 03:05:01,2024-09-15 05:02:25,2024-09-15 06:59:48,2024-09-15 08:02:42,2024-09-15 07:47:42,Shift C,Team 2
ORD-165594,SHP-00894,BLR,SKU-027,2024-11-11 00:45:28,2024-11-11 02:40:13,2024-11-11 04:04:54,2024-11-11 05:29:34,2024-11-11 08:59:43,2024-11-11 08:50:43,Shift C,Team 2
ORD-837771,SHP-00895,BLR,SKU-007,2024-09-26 01:07:13,2024-09-26 02:48:06,2024-09-26 05:05:27,2024-09-26 07:22:47,2024-09-26 09:43:23,2024-09-26 09:16:23,Shift C,Team 1
ORD-578441,SHP-00896,MUM,SKU-024,2024-09-03 00:41:25,2024-09-03 02:49:55,2024-09-03 04:37:57,2024-09-03 06:25:59,2024-09-03 09:15:29,2024-09-03 08:47:29,Shift C,Team 3
ORD-911785,SHP-00897,MUM,SKU-021,2025-01-05 01:06:02,2025-01-05 02:37:07,2025-01-05 03:41:09,2025-01-05 04:45:12,2025-01-05 09:34:12,2025-01-05 09:30:12,Shift C,Team 2
ORD-260817,SHP-00898,BLR,SKU-017,2024-10-17 01:01:27,2024-10-17 02:58:10,2024-10-17 04:09:16,2024-10-17 05:20:23,2024-10-17 09:01:00,2024-10-17 08:45:00,Shift B,Team 1
ORD-991080,SHP-00899,MUM,SKU-010,2024-10-17 00:49:12,2024-10-17 03:10:48,2024-10-17 04:22:56,2024-10-17 05:35:03,2024-10-17 09:03:32,2024-10-17 08:38:32,Shift B,Team 1
ORD-864893,SHP-00900,DEL,SKU-028,2024-10-20 00:56:45,2024-10-20 02:31:41,2024-10-20 03:42:34,2024-10-20 04:53:27,2024-10-20 07:24:40,2024-10-20 07:12:40,Shift B,Team 3
ORD-938776,SHP-00901,BLR,SKU-011,2024-11-07 00:56:07,2024-11-07 03:05:14,2024-11-07 04:33:00,2024-11-07 06:00:45,2024-11-07 07:48:36,2024-11-07 13:07:44,Shift A,Team 1
ORD-648499,SHP-00902,MUM,SKU-005,2024-09-15 01:05:40,2024-09-15 03:02:29,2024-09-15 05:13:14,2024-09-15 07:23:59,2024-09-15 08:57:05,2024-09-15 08:46:05,Shift B,Team 2
ORD-949606,SHP-00903,MUM,SKU-007,2024-12-19 00:52:42,2024-12-19 03:08:14,2024-12-19 05:15:22,2024-12-19 07:22:31,2024-12-19 07:53:09,2024-12-19 07:25:09,Shift A,Team 3
ORD-179229,SHP-00904,MUM,SKU-030,2024-09-12 00:51:50,2024-09-12 03:15:57,2024-09-12 05:41:37,2024-09-12 08:07:17,2024-09-12 09:09:01,2024-09-12 09:05:01,Shift B,Team 3
ORD-266793,SHP-00905,BLR,SKU-024,2025-01-16 00:46:24,2025-01-16 03:12:54,2025-01-16 04:43:31,2025-01-16 06:14:08,2025-01-16 09:13:41,2025-01-16 09:13:41,Shift B,Team 1
ORD-928079,SHP-00906,MUM,SKU-019,2025-01-22 01:01:15,2025-01-22 03:08:19,2025-01-22 04:55:20,2025-01-22 06:42:22,2025-01-22 08:48:02,2025-01-22 08:34:02,Shift C,Team 3
ORD-253875,SHP-00907,DEL,SKU-012,2024-12-24 00:40:47,2024-12-24 02:13:21,2024-12-24 04:29:47,2024-12-24 06:46:13,2024-12-24 07:27:02,2024-12-24 06:58:02,Shift B,Team 3
ORD-895054,SHP-00908,DEL,SKU-002,2024-12-19 01:13:55,2024-12-19 02:34:25,2024-12-19 03:52:20,2024-12-19 05:10:16,2024-12-19 09:09:25,2024-12-19 08:58:25,Shift B,Team 2
ORD-386102,SHP-00909,DEL,SKU-019,2025-01-16 01:25:06,2025-01-16 02:26:36,2025-01-16 04:21:44,2025-01-16 06:16:52,2025-01-16 07:41:23,2025-01-16 07:34:23,Shift B,Team 2
ORD-492990,SHP-00910,DEL,SKU-025,2025-02-04 00:38:57,2025-02-04 02:44:16,2025-02-04 04:48:16,2025-02-04 06:52:16,2025-02-04 07:15:20,2025-02-04 06:47:20,Shift C,Team 2
ORD-180122,SHP-00911,BLR,SKU-027,2024-10-17 01:04:43,2024-10-17 03:27:11,2024-10-17 05:47:12,2024-10-17 08:07:14,2024-10-17 07:19:37,2024-10-17 06:50:37,Shift A,Team 3
ORD-820930,SHP-00912,DEL,SKU-019,2024-12-19 01:11:54,2024-12-19 03:23:47,2024-12-19 04:49:05,2024-12-19 06:14:22,2024-12-19 09:42:36,2024-12-19 12:52:48,Shift C,Team 3
ORD-324216,SHP-00913,BLR,SKU-020,2024-10-19 00:43:20,2024-10-19 02:45:52,2024-10-19 04:57:53,2024-10-19 07:09:55,2024-10-19 09:31:42,2024-10-19 09:05:42,Shift B,Team 2
ORD-119178,SHP-00914,DEL,SKU-030,2024-11-17 00:58:54,2024-11-17 03:07:29,2024-11-17 04:21:05,2024-11-17 05:34:41,2024-11-17 07:08:07,2024-11-17 06:39:07,Shift C,Team 2
ORD-679460,SHP-00915,MUM,SKU-027,2024-09-13 00:36:53,2024-09-13 03:00:38,2024-09-13 04:13:53,2024-09-13 05:27:08,2024-09-13 08:28:34,2024-09-13 13:44:11,Shift C,Team 3
ORD-721923,SHP-00916,DEL,SKU-007,2025-02-02 01:24:04,2025-02-02 03:10:36,2025-02-02 04:55:48,2025-02-02 06:41:00,2025-02-02 09:52:49,2025-02-02 09:34:49,Shift A,Team 2
ORD-415525,SHP-00917,MUM,SKU-010,2024-12-07 00:52:58,2024-12-07 03:10:30,2024-12-07 04:25:08,2024-12-07 05:39:46,2024-12-07 09:58:48,2024-12-07 09:39:48,Shift A,Team 3
ORD-184170,SHP-00918,BLR,SKU-011,2024-09-05 01:15:17,2024-09-05 02:54:27,2024-09-05 04:13:59,2024-09-05 05:33:31,2024-09-05 08:30:42,2024-09-05 08:21:42,Shift B,Team 2
ORD-129256,SHP-00919,BLR,SKU-020,2024-09-16 01:16:34,2024-09-16 03:34:57,2024-09-16 05:52:58,2024-09-16 08:10:59,2024-09-16 09:18:06,2024-09-16 09:02:06,Shift A,Team 2
ORD-307960,SHP-00920,BLR,SKU-007,2024-09-29 01:27:01,2024-09-29 02:39:57,2024-09-29 04:47:21,2024-09-29 06:54:46,2024-09-29 09:28:18,2024-09-29 09:19:18,Shift A,Team 2
ORD-216698,SHP-00921,MUM,SKU-025,2024-09-09 00:47:43,2024-09-09 02:04:26,2024-09-09 04:01:58,2024-09-09 05:59:31,2024-09-09 07:21:00,2024-09-09 13:11:06,Shift A,Team 2
ORD-508071,SHP-00922,MUM,SKU-018,2024-12-31 01:10:46,2024-12-31 03:18:55,2024-12-31 05:08:44,2024-12-31 06:58:33,2024-12-31 09:57:16,2024-12-31 09:46:16,Shift A,Team 1
ORD-915488,SHP-00923,MUM,SKU-016,2025-02-16 00:43:49,2025-02-16 02:50:05,2025-02-16 04:06:53,2025-02-16 05:23:41,2025-02-16 07:28:35,2025-02-16 10:24:14,Shift B,Team 2
ORD-148454,SHP-00924,DEL,SKU-020,2024-09-25 00:58:22,2024-09-25 02:32:32,2024-09-25 04:06:38,2024-09-25 05:40:44,2024-09-25 07:23:07,2024-09-25 07:08:07,Shift C,Team 3
ORD-556644,SHP-00925,BLR,SKU-022,2025-01-26 00:47:57,2025-01-26 02:51:33,2025-01-26 05:06:03,2025-01-26 07:20:33,2025-01-26 09:10:07,2025-01-26 08:50:07,Shift A,Team 3
ORD-495540,SHP-00926,DEL,SKU-026,2024-09-04 00:58:21,2024-09-04 02:17:02,2024-09-04 04:18:36,2024-09-04 06:20:09,2024-09-04 09:09:01,2024-09-04 08:58:01,Shift A,Team 3
ORD-606653,SHP-00927,BLR,SKU-009,2024-12-25 01:06:15,2024-12-25 02:15:29,2024-12-25 04:25:26,2024-12-25 06:35:22,2024-12-25 08:11:18,2024-12-25 07:51:18,Shift B,Team 3
ORD-168870,SHP-00928,MUM,SKU-025,2025-02-17 00:32:04,2025-02-17 02:47:47,2025-02-17 04:51:51,2025-02-17 06:55:55,2025-02-17 07:46:14,2025-02-17 09:28:48,Shift C,Team 2
ORD-254436,SHP-00929,DEL,SKU-015,2024-09-29 01:08:08,2024-09-29 02:19:05,2024-09-29 04:31:34,2024-09-29 06:44:02,2024-09-29 09:45:57,2024-09-29 09:27:57,Shift A,Team 2
ORD-641217,SHP-00930,BLR,SKU-024,2024-10-27 01:17:18,2024-10-27 03:11:04,2024-10-27 05:34:54,2024-10-27 07:58:43,2024-10-27 08:23:02,2024-10-27 08:17:02,Shift B,Team 3
ORD-207980,SHP-00931,BLR,SKU-021,2024-10-29 00:42:48,2024-10-29 02:36:22,2024-10-29 04:31:29,2024-10-29 06:26:35,2024-10-29 09:25:56,2024-10-29 09:14:56,Shift C,Team 2
ORD-337175,SHP-00932,DEL,SKU-014,2024-12-12 00:43:36,2024-12-12 02:57:17,2024-12-12 05:17:08,2024-12-12 07:36:58,2024-12-12 09:47:54,2024-12-12 09:34:54,Shift C,Team 1
ORD-786126,SHP-00933,BLR,SKU-027,2025-02-04 01:20:31,2025-02-04 03:02:35,2025-02-04 04:10:53,2025-02-04 05:19:11,2025-02-04 09:14:20,2025-02-04 09:05:20,Shift B,Team 2
ORD-589966,SHP-00934,MUM,SKU-009,2024-11-03 00:43:34,2024-11-03 02:10:42,2024-11-03 04:04:40,2024-11-03 05:58:39,2024-11-03 09:08:03,2024-11-03 08:42:03,Shift B,Team 1
ORD-520770,SHP-00935,DEL,SKU-020,2024-09-03 01:03:05,2024-09-03 02:40:17,2024-09-03 03:46:29,2024-09-03 04:52:40,2024-09-03 08:31:11,2024-09-03 08:16:11,Shift A,Team 2
ORD-889296,SHP-00936,DEL,SKU-021,2024-09-11 01:00:42,2024-09-11 02:05:32,2024-09-11 04:09:29,2024-09-11 06:13:26,2024-09-11 09:38:52,2024-09-11 09:20:52,Shift A,Team 3
ORD-922741,SHP-00937,DEL,SKU-014,2024-12-02 01:05:26,2024-12-02 02:50:22,2024-12-02 04:13:19,2024-12-02 05:36:17,2024-12-02 09:55:58,2024-12-02 09:51:58,Shift B,Team 3
ORD-844127,SHP-00938,MUM,SKU-012,2024-12-17 00:59:27,2024-12-17 02:25:25,2024-12-17 04:43:29,2024-12-17 07:01:34,2024-12-17 07:37:55,2024-12-17 07:32:55,Shift B,Team 3
ORD-237036,SHP-00939,MUM,SKU-030,2025-01-03 00:41:10,2025-01-03 02:59:33,2025-01-03 04:28:29,2025-01-03 05:57:25,2025-01-03 09:47:17,2025-01-03 09:38:17,Shift B,Team 3
ORD-725143,SHP-00940,BLR,SKU-029,2024-11-01 00:57:01,2024-11-01 02:58:44,2024-11-01 05:26:59,2024-11-01 07:55:14,2024-11-01 09:38:06,2024-11-01 09:22:06,Shift B,Team 3
ORD-172510,SHP-00941,MUM,SKU-030,2024-09-10 00:43:06,2024-09-10 02:18:46,2024-09-10 04:00:28,2024-09-10 05:42:10,2024-09-10 09:10:09,2024-09-10 09:10:09,Shift C,Team 2
ORD-296952,SHP-00942,DEL,SKU-008,2024-12-01 00:57:32,2024-12-01 02:17:26,2024-12-01 03:52:05,2024-12-01 05:26:44,2024-12-01 09:56:45,2024-12-01 09:56:45,Shift B,Team 3
ORD-587112,SHP-00943,DEL,SKU-006,2025-01-19 00:30:13,2025-01-19 02:57:15,2025-01-19 04:31:14,2025-01-19 06:05:13,2025-01-19 07:29:10,2025-01-19 12:40:29,Shift A,Team 2
ORD-448246,SHP-00944,DEL,SKU-013,2024-09-26 00:37:12,2024-09-26 03:04:14,2024-09-26 05:15:06,2024-09-26 07:25:59,2024-09-26 07:22:52,2024-09-26 06:53:52,Shift A,Team 1
ORD-517305,SHP-00945,MUM,SKU-019,2024-12-02 00:42:45,2024-12-02 02:59:49,2024-12-02 04:37:12,2024-12-02 06:14:35,2024-12-02 07:29:42,2024-12-02 07:21:42,Shift C,Team 1
ORD-934551,SHP-00946,MUM,SKU-030,2024-10-21 01:15:45,2024-10-21 02:27:46,2024-10-21 03:51:18,2024-10-21 05:14:50,2024-10-21 08:47:45,2024-10-21 08:47:45,Shift A,Team 1
ORD-699142,SHP-00947,DEL,SKU-027,2024-11-15 01:24:22,2024-11-15 03:29:21,2024-11-15 05:01:45,2024-11-15 06:34:10,2024-11-15 09:30:56,2024-11-15 09:09:56,Shift C,Team 1
ORD-577621,SHP-00948,DEL,SKU-001,2024-12-22 01:15:37,2024-12-22 03:36:38,2024-12-22 05:12:43,2024-12-22 06:48:48,2024-12-22 07:05:50,2024-12-22 06:54:50,Shift B,Team 2
ORD-983993,SHP-00949,BLR,SKU-029,2024-12-15 01:29:18,2024-12-15 02:37:49,2024-12-15 03:56:01,2024-12-15 05:14:14,2024-12-15 07:47:37,2024-12-15 11:09:34,Shift C,Team 1
ORD-485935,SHP-00950,MUM,SKU-011,2025-01-17 01:13:37,2025-01-17 03:05:39,2025-01-17 05:35:38,2025-01-17 08:05:36,2025-01-17 09:53:59,2025-01-17 09:26:59,Shift C,Team 1
ORD-301456,SHP-00951,BLR,SKU-023,2024-11-20 01:17:54,2024-11-20 02:49:32,2024-11-20 04:03:23,2024-11-20 05:17:15,2024-11-20 07:21:18,2024-11-20 06:58:18,Shift C,Team 3
ORD-528084,SHP-00952,MUM,SKU-006,2025-01-06 00:44:06,2025-01-06 02:34:15,2025-01-06 03:42:12,2025-01-06 04:50:09,2025-01-06 07:03:24,2025-01-06 06:40:24,Shift B,Team 2
ORD-442120,SHP-00953,DEL,SKU-023,2024-09-17 01:26:16,2024-09-17 03:37:18,2024-09-17 05:00:01,2024-09-17 06:22:44,2024-09-17 07:17:04,2024-09-17 06:54:04,Shift A,Team 2
ORD-366045,SHP-00954,BLR,SKU-005,2024-10-30 00:50:16,2024-10-30 02:21:44,2024-10-30 03:54:16,2024-10-30 05:26:48,2024-10-30 08:39:26,2024-10-30 08:28:26,Shift B,Team 3
ORD-840313,SHP-00955,BLR,SKU-024,2024-10-01 01:04:21,2024-10-01 02:27:35,2024-10-01 03:34:10,2024-10-01 04:40:46,2024-10-01 08:43:17,2024-10-01 08:40:17,Shift B,Team 1
ORD-870079,SHP-00956,MUM,SKU-022,2024-09-23 00:42:30,2024-09-23 02:59:17,2024-09-23 04:16:42,2024-09-23 05:34:06,2024-09-23 08:00:33,2024-09-23 07:45:33,Shift A,Team 2
ORD-902325,SHP-00957,MUM,SKU-008,2024-12-20 00:53:59,2024-12-20 02:32:28,2024-12-20 04:16:47,2024-12-20 06:01:06,2024-12-20 08:42:13,2024-12-20 08:25:13,Shift A,Team 1
ORD-190996,SHP-00958,DEL,SKU-006,2025-01-21 00:55:30,2025-01-21 02:14:17,2025-01-21 04:24:05,2025-01-21 06:33:53,2025-01-21 07:46:13,2025-01-21 07:28:13,Shift C,Team 2
ORD-765621,SHP-00959,BLR,SKU-012,2024-09-18 00:50:45,2024-09-18 03:00:27,2024-09-18 05:30:05,2024-09-18 07:59:43,2024-09-18 08:38:35,2024-09-18 08:29:35,Shift C,Team 3
ORD-112514,SHP-00960,BLR,SKU-020,2024-10-09 00:40:44,2024-10-09 02:51:32,2024-10-09 05:08:29,2024-10-09 07:25:26,2024-10-09 08:49:24,2024-10-09 08:24:24,Shift A,Team 2
ORD-616719,SHP-00961,DEL,SKU-020,2025-01-30 00:59:24,2025-01-30 02:35:56,2025-01-30 04:08:38,2025-01-30 05:41:20,2025-01-30 07:16:54,2025-01-30 06:57:54,Shift B,Team 1
ORD-301584,SHP-00962,DEL,SKU-027,2024-11-26 00:36:22,2024-11-26 02:04:05,2024-11-26 04:31:07,2024-11-26 06:58:09,2024-11-26 07:33:01,2024-11-26 07:25:01,Shift A,Team 2
ORD-159751,SHP-00963,BLR,SKU-023,2025-01-12 00:59:57,2025-01-12 02:14:01,2025-01-12 03:20:44,2025-01-12 04:27:27,2025-01-12 08:48:40,2025-01-12 08:21:40,Shift C,Team 2
ORD-832584,SHP-00964,DEL,SKU-001,2024-12-13 01:13:34,2024-12-13 03:39:08,2024-12-13 04:47:53,2024-12-13 05:56:38,2024-12-13 09:19:55,2024-12-13 11:12:27,Shift B,Team 1
ORD-511209,SHP-00965,MUM,SKU-006,2024-09-11 00:57:36,2024-09-11 02:52:07,2024-09-11 04:20:11,2024-09-11 05:48:15,2024-09-11 09:24:07,2024-09-11 08:54:07,Shift B,Team 3
ORD-761857,SHP-00966,MUM,SKU-006,2024-12-21 00:35:22,2024-12-21 03:03:41,2024-12-21 04:46:59,2024-12-21 06:30:18,2024-12-21 09:45:59,2024-12-21 09:26:59,Shift C,Team 3
ORD-569990,SHP-00967,DEL,SKU-013,2024-10-23 01:26:18,2024-10-23 03:00:35,2024-10-23 05:00:33,2024-10-23 07:00:31,2024-10-23 07:32:40,2024-10-23 07:11:40,Shift B,Team 3
ORD-684426,SHP-00968,MUM,SKU-002,2024-10-29 00:53:39,2024-10-29 01:57:43,2024-10-29 03:14:01,2024-10-29 04:30:20,2024-10-29 07:32:37,2024-10-29 07:11:37,Shift B,Team 2
ORD-799642,SHP-00969,BLR,SKU-014,2025-02-15 00:40:24,2025-02-15 02:13:09,2025-02-15 04:25:00,2025-02-15 06:36:52,2025-02-15 08:18:59,2025-02-15 08:10:59,Shift B,Team 1
ORD-335343,SHP-00970,MUM,SKU-021,2024-10-03 01:24:40,2024-10-03 03:20:30,2024-10-03 05:02:43,2024-10-03 06:44:55,2024-10-03 09:15:31,2024-10-03 08:46:31,Shift B,Team 2
ORD-715642,SHP-00971,BLR,SKU-004,2024-11-12 01:10:55,2024-11-12 03:06:32,2024-11-12 04:20:40,2024-11-12 05:34:47,2024-11-12 08:24:02,2024-11-12 08:03:02,Shift C,Team 2
ORD-982937,SHP-00972,BLR,SKU-027,2025-01-01 00:50:08,2025-01-01 02:51:08,2025-01-01 03:59:46,2025-01-01 05:08:24,2025-01-01 09:01:40,2025-01-01 08:36:40,Shift A,Team 1
ORD-897236,SHP-00973,BLR,SKU-024,2025-01-31 00:40:58,2025-01-31 02:56:16,2025-01-31 04:33:30,2025-01-31 06:10:44,2025-01-31 08:45:31,2025-01-31 08:32:31,Shift A,Team 1
ORD-377030,SHP-00974,DEL,SKU-013,2024-10-22 01:00:30,2024-10-22 03:02:24,2024-10-22 05:20:29,2024-10-22 07:38:33,2024-10-22 08:15:37,2024-10-22 07:46:37,Shift C,Team 2
ORD-860526,SHP-00975,BLR,SKU-005,2024-12-22 01:15:22,2024-12-22 02:46:14,2024-12-22 04:40:41,2024-12-22 06:35:08,2024-12-22 08:02:25,2024-12-22 07:32:25,Shift B,Team 2
ORD-376852,SHP-00976,BLR,SKU-001,2024-12-04 00:58:43,2024-12-04 03:13:25,2024-12-04 05:36:15,2024-12-04 07:59:06,2024-12-04 09:29:16,2024-12-04 15:01:29,Shift B,Team 1
ORD-394551,SHP-00977,BLR,SKU-010,2025-01-18 01:29:34,2025-01-18 03:06:32,2025-01-18 04:30:58,2025-01-18 05:55:24,2025-01-18 07:30:16,2025-01-18 07:15:16,Shift C,Team 1
ORD-560103,SHP-00978,BLR,SKU-008,2024-10-10 00:53:44,2024-10-10 02:38:05,2024-10-10 04:16:16,2024-10-10 05:54:27,2024-10-10 09:37:24,2024-10-10 09:12:24,Shift C,Team 1
ORD-461169,SHP-00979,DEL,SKU-013,2024-10-07 01:22:18,2024-10-07 02:46:03,2024-10-07 04:16:11,2024-10-07 05:46:19,2024-10-07 09:13:27,2024-10-07 09:05:27,Shift B,Team 1
ORD-270076,SHP-00980,MUM,SKU-013,2024-12-28 01:19:09,2024-12-28 03:16:07,2024-12-28 05:43:38,2024-12-28 08:11:10,2024-12-28 08:02:47,2024-12-28 07:37:47,Shift B,Team 1
ORD-989936,SHP-00981,BLR,SKU-007,2024-12-28 01:14:17,2024-12-28 02:39:03,2024-12-28 04:18:57,2024-12-28 05:58:51,2024-12-28 07:57:32,2024-12-28 07:37:32,Shift C,Team 2
ORD-413415,SHP-00982,BLR,SKU-006,2024-10-22 00:37:46,2024-10-22 01:39:53,2024-10-22 03:12:42,2024-10-22 04:45:31,2024-10-22 07:30:32,2024-10-22 07:13:32,Shift B,Team 2
ORD-153713,SHP-00983,MUM,SKU-026,2024-11-09 01:13:29,2024-11-09 03:14:37,2024-11-09 05:21:57,2024-11-09 07:29:16,2024-11-09 07:56:40,2024-11-09 07:37:40,Shift B,Team 3
ORD-571413,SHP-00984,MUM,SKU-002,2025-02-04 00:45:31,2025-02-04 03:04:29,2025-02-04 04:25:49,2025-02-04 05:47:09,2025-02-04 08:02:53,2025-02-04 07:32:53,Shift B,Team 2
ORD-538648,SHP-00985,MUM,SKU-012,2024-12-01 00:31:57,2024-12-01 02:59:03,2024-12-01 04:46:18,2024-12-01 06:33:33,2024-12-01 08:35:46,2024-12-01 08:18:46,Shift B,Team 2
ORD-928635,SHP-00986,MUM,SKU-014,2024-10-11 00:52:18,2024-10-11 02:28:34,2024-10-11 03:45:32,2024-10-11 05:02:30,2024-10-11 07:21:45,2024-10-11 07:09:45,Shift B,Team 1
ORD-704624,SHP-00987,MUM,SKU-013,2025-02-17 00:48:10,2025-02-17 02:54:48,2025-02-17 03:58:40,2025-02-17 05:02:31,2025-02-17 09:26:03,2025-02-17 09:19:03,Shift A,Team 2
ORD-813346,SHP-00988,MUM,SKU-016,2024-10-17 00:57:30,2024-10-17 02:02:29,2024-10-17 04:14:45,2024-10-17 06:27:01,2024-10-17 08:03:18,2024-10-17 07:51:18,Shift A,Team 1
ORD-632121,SHP-00989,BLR,SKU-010,2024-10-09 00:43:06,2024-10-09 02:56:04,2024-10-09 04:59:39,2024-10-09 07:03:15,2024-10-09 07:56:33,2024-10-09 07:33:33,Shift B,Team 3
ORD-465821,SHP-00990,BLR,SKU-017,2024-10-14 01:22:46,2024-10-14 02:59:27,2024-10-14 04:45:56,2024-10-14 06:32:25,2024-10-14 08:21:21,2024-10-14 08:15:21,Shift C,Team 2
ORD-497364,SHP-00991,BLR,SKU-022,2024-11-07 00:42:07,2024-11-07 02:08:20,2024-11-07 03:43:51,2024-11-07 05:19:22,2024-11-07 08:16:52,2024-11-07 07:51:52,Shift C,Team 3
ORD-781526,SHP-00992,MUM,SKU-009,2024-12-07 01:27:14,2024-12-07 03:02:42,2024-12-07 04:41:34,2024-12-07 06:20:26,2024-12-07 07:39:18,2024-12-07 07:35:18,Shift C,Team 2
ORD-238639,SHP-00993,BLR,SKU-030,2024-11-28 01:24:12,2024-11-28 02:41:53,2024-11-28 04:52:26,2024-11-28 07:02:58,2024-11-28 07:47:36,2024-11-28 07:43:36,Shift B,Team 3
ORD-904813,SHP-00994,DEL,SKU-019,2024-09-20 01:16:57,2024-09-20 03:20:44,2024-09-20 05:28:56,2024-09-20 07:37:09,2024-09-20 09:26:49,2024-09-20 09:24:49,Shift B,Team 2
ORD-492781,SHP-00995,MUM,SKU-011,2024-10-10 00:31:16,2024-10-10 02:27:48,2024-10-10 04:07:04,2024-10-10 05:46:19,2024-10-10 08:35:59,2024-10-10 08:16:59,Shift B,Team 1
ORD-692446,SHP-00996,DEL,SKU-008,2024-09-24 00:49:40,2024-09-24 02:24:55,2024-09-24 04:52:50,2024-09-24 07:20:44,2024-09-24 09:38:36,2024-09-24 09:18:36,Shift B,Team 1
ORD-591190,SHP-00997,DEL,SKU-006,2024-10-18 00:58:09,2024-10-18 02:44:48,2024-10-18 05:14:26,2024-10-18 07:44:03,2024-10-18 07:03:54,2024-10-18 06:55:54,Shift C,Team 1
ORD-565608,SHP-00998,DEL,SKU-008,2024-10-19 00:42:53,2024-10-19 02:11:49,2024-10-19 04:29:25,2024-10-19 06:47:01,2024-10-19 09:07:02,2024-10-19 08:49:02,Shift A,Team 3
ORD-559071,SHP-00999,DEL,SKU-010,2024-11-28 00:42:37,2024-11-28 02:13:20,2024-11-28 04:38:28,2024-11-28 07:03:35,2024-11-28 09:00:21,2024-11-28 08:39:21,Shift A,Team 2
ORD-726077,SHP-01000,MUM,SKU-019,2024-09-04 00:41:00,2024-09-04 01:43:51,2024-09-04 03:52:18,2024-09-04 06:00:45,2024-09-04 08:12:37,2024-09-04 08:02:37,Shift B,Team 1
ORD-134059,SHP-01001,BLR,SKU-011,2024-12-01 00:55:57,2024-12-01 02:38:18,2024-12-01 04:21:34,2024-12-01 06:04:51,2024-12-01 09:44:34,2024-12-01 09:14:34,Shift B,Team 3
ORD-401381,SHP-01002,MUM,SKU-005,2024-12-13 00:37:11,2024-12-13 01:51:34,2024-12-13 03:07:59,2024-12-13 04:24:23,2024-12-13 08:11:50,2024-12-13 08:05:50,Shift A,Team 1
ORD-914026,SHP-01003,BLR,SKU-019,2024-12-03 01:04:11,2024-12-03 02:15:39,2024-12-03 03:59:56,2024-12-03 05:44:13,2024-12-03 08:47:40,2024-12-03 08:17:40,Shift A,Team 1
ORD-718016,SHP-01004,MUM,SKU-008,2024-11-17 00:47:51,2024-11-17 02:48:21,2024-11-17 04:51:20,2024-11-17 06:54:19,2024-11-17 09:43:39,2024-11-17 09:30:39,Shift A,Team 2
ORD-925751,SHP-01005,BLR,SKU-017,2024-09-28 01:26:06,2024-09-28 03:06:14,2024-09-28 04:36:20,2024-09-28 06:06:26,2024-09-28 09:20:07,2024-09-28 09:02:07,Shift B,Team 3
ORD-496200,SHP-01006,MUM,SKU-010,2025-02-04 00:33:58,2025-02-04 01:38:00,2025-02-04 03:50:14,2025-02-04 06:02:28,2025-02-04 08:55:24,2025-02-04 08:55:24,Shift C,Team 2
ORD-102418,SHP-01007,DEL,SKU-021,2024-12-16 01:19:07,2024-12-16 02:43:10,2024-12-16 04:27:48,2024-12-16 06:12:27,2024-12-16 08:34:59,2024-12-16 08:13:59,Shift B,Team 3
ORD-299994,SHP-01008,DEL,SKU-027,2024-10-29 01:08:43,2024-10-29 02:48:27,2024-10-29 04:54:13,2024-10-29 06:59:59,2024-10-29 07:35:19,2024-10-29 07:27:19,Shift B,Team 2
ORD-438814,SHP-01009,DEL,SKU-003,2024-09-21 01:01:03,2024-09-21 03:10:14,2024-09-21 04:51:51,2024-09-21 06:33:28,2024-09-21 09:35:53,2024-09-21 09:13:53,Shift A,Team 3
ORD-630420,SHP-01010,DEL,SKU-027,2024-10-28 01:10:42,2024-10-28 03:28:49,2024-10-28 05:47:48,2024-10-28 08:06:47,2024-10-28 08:26:15,2024-10-28 08:07:15,Shift B,Team 1
ORD-150919,SHP-01011,BLR,SKU-017,2025-01-31 00:30:35,2025-01-31 01:41:11,2025-01-31 03:21:50,2025-01-31 05:02:29,2025-01-31 08:31:05,2025-01-31 08:06:05,Shift A,Team 2
ORD-968250,SHP-01012,MUM,SKU-021,2024-10-07 00:53:23,2024-10-07 03:22:08,2024-10-07 04:44:15,2024-10-07 06:06:22,2024-10-07 08:17:02,2024-10-07 08:07:02,Shift C,Team 2
ORD-917755,SHP-01013,BLR,SKU-010,2024-09-28 01:14:46,2024-09-28 02:59:59,2024-09-28 04:24:01,2024-09-28 05:48:03,2024-09-28 07:48:05,2024-09-28 07:31:05,Shift B,Team 1
ORD-706766,SHP-01014,MUM,SKU-001,2024-11-20 01:09:32,2024-11-20 03:30:37,2024-11-20 06:00:18,2024-11-20 08:30:00,2024-11-20 07:04:18,2024-11-20 12:54:58,Shift C,Team 3
ORD-479699,SHP-01015,BLR,SKU-023,2025-01-23 00:32:01,2025-01-23 02:28:23,2025-01-23 04:01:50,2025-01-23 05:35:18,2025-01-23 09:08:23,2025-01-23 08:55:23,Shift B,Team 2
ORD-106775,SHP-01016,BLR,SKU-011,2024-12-02 01:07:09,2024-12-02 03:17:28,2024-12-02 04:28:38,2024-12-02 05:39:49,2024-12-02 07:37:12,2024-12-02 08:19:40,Shift B,Team 1
ORD-417386,SHP-01017,BLR,SKU-008,2024-09-23 00:37:49,2024-09-23 03:03:06,2024-09-23 05:02:21,2024-09-23 07:01:36,2024-09-23 07:35:15,2024-09-23 07:16:15,Shift A,Team 2
ORD-602971,SHP-01018,MUM,SKU-017,2024-10-27 01:19:21,2024-10-27 02:34:12,2024-10-27 03:56:20,2024-10-27 05:18:28,2024-10-27 08:11:55,2024-10-27 08:11:55,Shift C,Team 2
ORD-568325,SHP-01019,DEL,SKU-001,2024-09-18 01:28:42,2024-09-18 02:31:20,2024-09-18 04:25:06,2024-09-18 06:18:51,2024-09-18 09:24:35,2024-09-18 08:59:35,Shift C,Team 2
ORD-144085,SHP-01020,DEL,SKU-010,2024-09-02 01:20:29,2024-09-02 03:32:52,2024-09-02 05:34:19,2024-09-02 07:35:45,2024-09-02 07:29:24,2024-09-02 07:02:24,Shift A,Team 3
ORD-228286,SHP-01021,MUM,SKU-021,2024-11-06 01:28:28,2024-11-06 03:23:18,2024-11-06 04:42:39,2024-11-06 06:02:00,2024-11-06 09:45:50,2024-11-06 09:36:50,Shift A,Team 1
ORD-197549,SHP-01022,BLR,SKU-023,2025-01-24 00:37:40,2025-01-24 01:44:44,2025-01-24 04:09:59,2025-01-24 06:35:15,2025-01-24 07:07:01,2025-01-24 12:18:56,Shift C,Team 3
ORD-534850,SHP-01023,DEL,SKU-011,2024-10-26 01:25:59,2024-10-26 02:37:21,2024-10-26 04:59:08,2024-10-26 07:20:54,2024-10-26 09:37:24,2024-10-26 09:36:24,Shift A,Team 3
ORD-666173,SHP-01024,DEL,SKU-022,2025-01-22 01:03:59,2025-01-22 03:25:54,2025-01-22 04:30:56,2025-01-22 05:35:57,2025-01-22 07:53:31,2025-01-22 07:39:31,Shift B,Team 3
ORD-267226,SHP-01025,DEL,SKU-002,2024-09-01 00:43:03,2024-09-01 02:29:30,2024-09-01 04:09:25,2024-09-01 05:49:19,2024-09-01 08:48:00,2024-09-01 12:31:40,Shift C,Team 2
ORD-833654,SHP-01026,MUM,SKU-009,2024-09-09 01:01:31,2024-09-09 03:08:53,2024-09-09 04:33:16,2024-09-09 05:57:38,2024-09-09 08:54:51,2024-09-09 08:38:51,Shift A,Team 2
ORD-694945,SHP-01027,BLR,SKU-019,2024-10-15 01:19:47,2024-10-15 02:53:31,2024-10-15 04:01:08,2024-10-15 05:08:45,2024-10-15 07:26:09,2024-10-15 07:02:09,Shift B,Team 2
ORD-218594,SHP-01028,DEL,SKU-027,2024-12-06 01:00:54,2024-12-06 02:13:20,2024-12-06 04:37:12,2024-12-06 07:01:03,2024-12-06 08:45:38,2024-12-06 08:42:38,Shift B,Team 3
ORD-415010,SHP-01029,MUM,SKU-008,2024-10-22 01:00:15,2024-10-22 02:16:53,2024-10-22 03:49:29,2024-10-22 05:22:06,2024-10-22 09:03:24,2024-10-22 08:38:24,Shift A,Team 2
ORD-897171,SHP-01030,BLR,SKU-012,2024-09-13 01:01:33,2024-09-13 03:06:42,2024-09-13 04:36:59,2024-09-13 06:07:16,2024-09-13 07:07:23,2024-09-13 06:51:23,Shift A,Team 3
ORD-593887,SHP-01031,BLR,SKU-012,2025-02-11 00:37:26,2025-02-11 02:15:31,2025-02-11 04:20:55,2025-02-11 06:26:20,2025-02-11 07:59:06,2025-02-11 07:36:06,Shift A,Team 1
ORD-143334,SHP-01032,MUM,SKU-012,2024-11-04 01:00:06,2024-11-04 02:34:59,2024-11-04 04:35:46,2024-11-04 06:36:32,2024-11-04 09:28:25,2024-11-04 09:12:25,Shift A,Team 3
ORD-818038,SHP-01033,BLR,SKU-005,2024-11-27 01:03:15,2024-11-27 02:55:55,2024-11-27 04:06:17,2024-11-27 05:16:39,2024-11-27 07:58:33,2024-11-27 07:40:33,Shift A,Team 1
ORD-266944,SHP-01034,BLR,SKU-030,2025-01-12 00:38:10,2025-01-12 02:01:09,2025-01-12 03:37:48,2025-01-12 05:14:27,2025-01-12 07:42:43,2025-01-12 07:28:43,Shift C,Team 3
ORD-186265,SHP-01035,DEL,SKU-012,2025-01-19 01:25:57,2025-01-19 03:03:08,2025-01-19 05:26:51,2025-01-19 07:50:35,2025-01-19 08:03:24,2025-01-19 07:39:24,Shift C,Team 2
ORD-384783,SHP-01036,BLR,SKU-030,2025-01-08 01:26:02,2025-01-08 02:59:11,2025-01-08 04:29:07,2025-01-08 05:59:04,2025-01-08 09:34:35,2025-01-08 09:12:35,Shift A,Team 2
ORD-749607,SHP-01037,DEL,SKU-003,2024-09-05 00:38:02,2024-09-05 01:51:46,2024-09-05 03:31:15,2024-09-05 05:10:43,2024-09-05 08:20:27,2024-09-05 08:00:27,Shift A,Team 3
ORD-382130,SHP-01038,BLR,SKU-014,2024-11-27 00:59:47,2024-11-27 02:44:11,2024-11-27 04:17:40,2024-11-27 05:51:09,2024-11-27 08:06:35,2024-11-27 08:03:35,Shift B,Team 2
ORD-435059,SHP-01039,DEL,SKU-018,2024-11-29 00:37:34,2024-11-29 02:23:51,2024-11-29 03:37:12,2024-11-29 04:50:34,2024-11-29 08:45:37,2024-11-29 08:30:37,Shift C,Team 3
ORD-472781,SHP-01040,MUM,SKU-009,2024-09-10 01:05:46,2024-09-10 03:01:10,2024-09-10 04:02:42,2024-09-10 05:04:14,2024-09-10 07:51:18,2024-09-10 07:40:18,Shift A,Team 2
ORD-569045,SHP-01041,BLR,SKU-014,2024-11-22 01:05:59,2024-11-22 02:31:34,2024-11-22 04:46:27,2024-11-22 07:01:21,2024-11-22 09:12:41,2024-11-22 09:04:41,Shift B,Team 2
ORD-340975,SHP-01042,DEL,SKU-009,2025-01-23 01:25:19,2025-01-23 03:41:24,2025-01-23 04:50:54,2025-01-23 06:00:24,2025-01-23 07:35:32,2025-01-23 07:10:32,Shift C,Team 2
ORD-904260,SHP-01043,DEL,SKU-016,2024-11-24 00:55:18,2024-11-24 03:11:23,2024-11-24 04:21:57,2024-11-24 05:32:31,2024-11-24 08:45:30,2024-11-24 08:45:30,Shift B,Team 2
ORD-944113,SHP-01044,DEL,SKU-023,2025-01-05 01:25:48,2025-01-05 03:35:41,2025-01-05 05:14:28,2025-01-05 06:53:15,2025-01-05 09:12:09,2025-01-05 09:03:09,Shift A,Team 1
ORD-490555,SHP-01045,BLR,SKU-002,2025-01-13 00:37:26,2025-01-13 01:51:22,2025-01-13 04:01:11,2025-01-13 06:11:01,2025-01-13 07:26:33,2025-01-13 07:15:33,Shift C,Team 2
ORD-822253,SHP-01046,BLR,SKU-030,2024-12-12 00:41:50,2024-12-12 01:47:29,2024-12-12 03:12:57,2024-12-12 04:38:25,2024-12-12 07:20:22,2024-12-12 07:12:22,Shift C,Team 1
ORD-775559,SHP-01047,BLR,SKU-014,2025-01-21 00:36:11,2025-01-21 02:57:46,2025-01-21 04:55:05,2025-01-21 06:52:25,2025-01-21 08:01:01,2025-01-21 10:22:01,Shift A,Team 2
ORD-372226,SHP-01048,DEL,SKU-022,2025-01-09 00:44:26,2025-01-09 02:10:31,2025-01-09 03:42:31,2025-01-09 05:14:32,2025-01-09 09:39:47,2025-01-09 09:26:47,Shift B,Team 2
ORD-241119,SHP-01049,DEL,SKU-018,2025-01-01 01:18:05,2025-01-01 03:44:19,2025-01-01 05:22:28,2025-01-01 07:00:38,2025-01-01 09:54:34,2025-01-01 09:43:34,Shift B,Team 2
ORD-795897,SHP-01050,DEL,SKU-025,2024-09-19 01:17:39,2024-09-19 03:41:09,2024-09-19 05:24:41,2024-09-19 07:08:13,2024-09-19 09:17:34,2024-09-19 09:16:34,Shift C,Team 2
ORD-751124,SHP-01051,MUM,SKU-020,2024-12-11 01:03:37,2024-12-11 03:14:02,2024-12-11 04:46:05,2024-12-11 06:18:08,2024-12-11 09:57:55,2024-12-11 09:55:55,Shift C,Team 2
ORD-146435,SHP-01052,MUM,SKU-003,2025-02-01 00:31:47,2025-02-01 02:09:21,2025-02-01 04:13:56,2025-02-01 06:18:31,2025-02-01 07:14:18,2025-02-01 06:45:18,Shift C,Team 1
ORD-738901,SHP-01053,BLR,SKU-027,2024-11-11 00:49:46,2024-11-11 02:32:13,2024-11-11 04:01:06,2024-11-11 05:30:00,2024-11-11 08:52:38,2024-11-11 08:34:38,Shift B,Team 3
ORD-235399,SHP-01054,BLR,SKU-005,2025-02-02 00:43:53,2025-02-02 02:19:04,2025-02-02 03:53:36,2025-02-02 05:28:08,2025-02-02 09:48:51,2025-02-02 09:41:51,Shift B,Team 1
ORD-224946,SHP-01055,MUM,SKU-008,2024-11-13 01:22:13,2024-11-13 03:22:21,2024-11-13 05:00:10,2024-11-13 06:38:00,2024-11-13 09:52:01,2024-11-13 15:46:30,Shift C,Team 1
ORD-469970,SHP-01056,MUM,SKU-020,2024-12-18 01:02:46,2024-12-18 03:00:56,2024-12-18 04:03:08,2024-12-18 05:05:20,2024-12-18 08:06:20,2024-12-18 07:49:20,Shift A,Team 1
ORD-692552,SHP-01057,BLR,SKU-029,2024-10-23 00:41:48,2024-10-23 01:48:51,2024-10-23 02:58:34,2024-10-23 04:08:18,2024-10-23 07:31:10,2024-10-23 07:22:10,Shift B,Team 1
ORD-992334,SHP-01058,MUM,SKU-018,2025-01-02 00:32:54,2025-01-02 02:27:54,2025-01-02 03:44:59,2025-01-02 05:02:04,2025-01-02 07:42:43,2025-01-02 07:24:43,Shift A,Team 2
ORD-269371,SHP-01059,MUM,SKU-018,2024-10-19 00:56:00,2024-10-19 02:40:59,2024-10-19 03:44:48,2024-10-19 04:48:38,2024-10-19 08:59:49,2024-10-19 12:29:07,Shift C,Team 1
ORD-762315,SHP-01060,BLR,SKU-004,2024-09-28 01:08:10,2024-09-28 02:54:51,2024-09-28 05:19:47,2024-09-28 07:44:43,2024-09-28 07:11:18,2024-09-28 07:05:18,Shift B,Team 2
ORD-983234,SHP-01061,BLR,SKU-029,2024-10-03 01:01:41,2024-10-03 02:27:11,2024-10-03 04:51:42,2024-10-03 07:16:14,2024-10-03 09:15:29,2024-10-03 09:01:29,Shift A,Team 3
ORD-396141,SHP-01062,DEL,SKU-030,2025-02-06 00:55:56,2025-02-06 02:18:17,2025-02-06 04:37:40,2025-02-06 06:57:03,2025-02-06 09:24:47,2025-02-06 09:07:47,Shift C,Team 1
ORD-589313,SHP-01063,DEL,SKU-009,2025-01-17 00:43:57,2025-01-17 02:30:04,2025-01-17 03:38:25,2025-01-17 04:46:46,2025-01-17 09:13:42,2025-01-17 09:04:42,Shift B,Team 2
ORD-216076,SHP-01064,DEL,SKU-014,2024-09-28 00:58:50,2024-09-28 02:12:14,2024-09-28 04:25:42,2024-09-28 06:39:09,2024-09-28 09:32:40,2024-09-28 09:12:40,Shift B,Team 1
ORD-590465,SHP-01065,MUM,SKU-018,2024-10-09 01:03:31,2024-10-09 03:12:30,2024-10-09 05:21:21,2024-10-09 07:30:12,2024-10-09 08:47:52,2024-10-09 08:40:52,Shift A,Team 3
ORD-236614,SHP-01066,MUM,SKU-020,2025-01-08 00:56:32,2025-01-08 03:07:10,2025-01-08 04:36:38,2025-01-08 06:06:05,2025-01-08 09:04:45,2025-01-08 08:38:45,Shift B,Team 3
ORD-671907,SHP-01067,MUM,SKU-013,2024-11-20 01:21:17,2024-11-20 02:45:49,2024-11-20 04:36:48,2024-11-20 06:27:47,2024-11-20 08:34:45,2024-11-20 08:25:45,Shift A,Team 3
ORD-784861,SHP-01068,BLR,SKU-016,2025-01-25 01:25:56,2025-01-25 02:49:05,2025-01-25 05:02:28,2025-01-25 07:15:52,2025-01-25 09:22:46,2025-01-25 09:12:46,Shift C,Team 2
ORD-896629,SHP-01069,MUM,SKU-026,2024-10-11 00:44:57,2024-10-11 02:57:53,2024-10-11 04:27:37,2024-10-11 05:57:20,2024-10-11 07:55:58,2024-10-11 07:36:58,Shift C,Team 2
ORD-603333,SHP-01070,DEL,SKU-030,2025-01-20 00:46:44,2025-01-20 03:11:29,2025-01-20 05:07:52,2025-01-20 07:04:16,2025-01-20 08:45:00,2025-01-20 08:28:00,Shift A,Team 2
ORD-420567,SHP-01071,MUM,SKU-026,2025-01-12 01:26:19,2025-01-12 03:38:47,2025-01-12 05:02:56,2025-01-12 06:27:04,2025-01-12 08:09:56,2025-01-12 07:44:56,Shift A,Team 3
ORD-752881,SHP-01072,DEL,SKU-025,2024-10-21 01:01:09,2024-10-21 03:27:26,2024-10-21 04:38:24,2024-10-21 05:49:21,2024-10-21 07:32:46,2024-10-21 07:07:46,Shift B,Team 3
ORD-494675,SHP-01073,MUM,SKU-025,2025-01-15 01:17:26,2025-01-15 02:39:18,2025-01-15 04:48:47,2025-01-15 06:58:17,2025-01-15 09:38:35,2025-01-15 09:26:35,Shift B,Team 2
ORD-525827,SHP-01074,DEL,SKU-012,2024-10-04 01:03:36,2024-10-04 02:15:58,2024-10-04 04:37:16,2024-10-04 06:58:34,2024-10-04 07:37:24,2024-10-04 07:20:24,Shift C,Team 2
ORD-809203,SHP-01075,DEL,SKU-022,2024-09-18 01:16:24,2024-09-18 02:21:12,2024-09-18 03:56:00,2024-09-18 05:30:49,2024-09-18 07:36:40,2024-09-18 07:07:40,Shift C,Team 1
ORD-699108,SHP-01076,BLR,SKU-025,2025-01-26 00:48:02,2025-01-26 03:07:32,2025-01-26 04:54:24,2025-01-26 06:41:17,2025-01-26 08:30:15,2025-01-26 08:22:15,Shift A,Team 1
ORD-778716,SHP-01077,DEL,SKU-010,2024-12-04 01:17:14,2024-12-04 02:46:44,2024-12-04 04:21:23,2024-12-04 05:56:02,2024-12-04 09:40:06,2024-12-04 09:26:06,Shift A,Team 3
ORD-593774,SHP-01078,DEL,SKU-008,2024-10-06 01:09:45,2024-10-06 03:08:24,2024-10-06 05:08:21,2024-10-06 07:08:18,2024-10-06 08:06:55,2024-10-06 07:50:55,Shift C,Team 2
ORD-856018,SHP-01079,MUM,SKU-021,2024-12-28 00:53:07,2024-12-28 02:54:03,2024-12-28 03:58:55,2024-12-28 05:03:47,2024-12-28 07:12:04,2024-12-28 06:43:04,Shift A,Team 3
ORD-169012,SHP-01080,MUM,SKU-016,2024-11-15 00:53:44,2024-11-15 03:01:06,2024-11-15 04:59:45,2024-11-15 06:58:24,2024-11-15 07:45:58,2024-11-15 07:39:58,Shift B,Team 3
ORD-601095,SHP-01081,BLR,SKU-007,2024-09-26 01:28:05,2024-09-26 03:50:28,2024-09-26 05:05:23,2024-09-26 06:20:17,2024-09-26 08:13:59,2024-09-26 08:00:59,Shift B,Team 1
ORD-525215,SHP-01082,BLR,SKU-004,2024-12-04 00:51:18,2024-12-04 03:10:45,2024-12-04 05:22:43,2024-12-04 07:34:41,2024-12-04 07:11:03,2024-12-04 06:50:03,Shift B,Team 3
ORD-232006,SHP-01083,BLR,SKU-024,2024-09-18 01:00:36,2024-09-18 02:40:28,2024-09-18 04:21:30,2024-09-18 06:02:32,2024-09-18 08:06:21,2024-09-18 07:56:21,Shift B,Team 2
ORD-134658,SHP-01084,DEL,SKU-019,2024-11-17 00:34:58,2024-11-17 02:26:40,2024-11-17 04:18:07,2024-11-17 06:09:33,2024-11-17 09:00:43,2024-11-17 08:35:43,Shift A,Team 2
ORD-724356,SHP-01085,DEL,SKU-015,2024-10-12 00:50:25,2024-10-12 02:24:05,2024-10-12 03:33:12,2024-10-12 04:42:18,2024-10-12 09:38:14,2024-10-12 09:37:14,Shift A,Team 3
ORD-760109,SHP-01086,BLR,SKU-029,2024-11-06 01:02:36,2024-11-06 02:58:56,2024-11-06 05:27:56,2024-11-06 07:56:56,2024-11-06 09:29:55,2024-11-06 09:13:55,Shift A,Team 1
ORD-589434,SHP-01087,BLR,SKU-014,2024-11-11 01:22:04,2024-11-11 03:04:54,2024-11-11 04:43:00,2024-11-11 06:21:05,2024-11-11 07:36:51,2024-11-11 07:15:51,Shift A,Team 1
ORD-582465,SHP-01088,DEL,SKU-008,2024-11-05 01:05:27,2024-11-05 03:09:57,2024-11-05 05:20:06,2024-11-05 07:30:15,2024-11-05 07:36:48,2024-11-05 07:24:48,Shift A,Team 1
ORD-169031,SHP-01089,BLR,SKU-008,2024-12-02 00:32:26,2024-12-02 03:00:47,2024-12-02 05:12:49,2024-12-02 07:24:51,2024-12-02 07:13:56,2024-12-02 07:12:56,Shift B,Team 2
ORD-926235,SHP-01090,MUM,SKU-012,2024-10-10 00:32:17,2024-10-10 01:45:53,2024-10-10 03:40:10,2024-10-10 05:34:27,2024-10-10 08:02:55,2024-10-10 12:08:50,Shift A,Team 1
ORD-378811,SHP-01091,MUM,SKU-019,2024-11-13 01:20:00,2024-11-13 02:46:36,2024-11-13 05:01:28,2024-11-13 07:16:20,2024-11-13 08:51:15,2024-11-13 08:24:15,Shift A,Team 3
ORD-445987,SHP-01092,MUM,SKU-006,2025-02-13 00:37:57,2025-02-13 01:39:40,2025-02-13 02:55:53,2025-02-13 04:12:06,2025-02-13 08:17:15,2025-02-13 13:11:50,Shift C,Team 3
ORD-940042,SHP-01093,MUM,SKU-002,2024-09-11 00:42:56,2024-09-11 03:04:15,2024-09-11 04:49:35,2024-09-11 06:34:56,2024-09-11 07:56:10,2024-09-11 07:36:10,Shift B,Team 1
ORD-768332,SHP-01094,DEL,SKU-027,2024-11-14 00:59:02,2024-11-14 03:04:52,2024-11-14 05:11:39,2024-11-14 07:18:26,2024-11-14 07:39:44,2024-11-14 07:39:44,Shift A,Team 3
ORD-817636,SHP-01095,BLR,SKU-022,2025-01-06 01:05:43,2025-01-06 02:19:30,2025-01-06 04:39:33,2025-01-06 06:59:36,2025-01-06 08:12:15,2025-01-06 08:03:15,Shift B,Team 3
ORD-935977,SHP-01096,BLR,SKU-011,2024-10-31 00:50:20,2024-10-31 03:14:34,2024-10-31 05:28:39,2024-10-31 07:42:44,2024-10-31 09:59:42,2024-10-31 09:33:42,Shift A,Team 2
ORD-120844,SHP-01097,DEL,SKU-011,2024-12-24 00:39:17,2024-12-24 02:04:48,2024-12-24 03:12:14,2024-12-24 04:19:41,2024-12-24 07:50:45,2024-12-24 07:45:45,Shift A,Team 1
ORD-271469,SHP-01098,BLR,SKU-016,2024-11-17 00:54:49,2024-11-17 02:31:50,2024-11-17 04:07:40,2024-11-17 05:43:30,2024-11-17 07:39:53,2024-11-17 07:11:53,Shift C,Team 2
ORD-347755,SHP-01099,MUM,SKU-015,2025-01-06 00:54:49,2025-01-06 02:26:51,2025-01-06 04:12:46,2025-01-06 05:58:41,2025-01-06 07:26:11,2025-01-06 07:16:11,Shift B,Team 2
ORD-312643,SHP-01100,BLR,SKU-029,2024-10-13 00:50:18,2024-10-13 02:28:11,2024-10-13 04:52:48,2024-10-13 07:17:25,2024-10-13 09:01:24,2024-10-13 08:33:24,Shift A,Team 3
ORD-139778,SHP-01101,DEL,SKU-012,2024-09-10 00:58:23,2024-09-10 02:03:33,2024-09-10 03:44:28,2024-09-10 05:25:23,2024-09-10 07:01:23,2024-09-10 09:28:57,Shift C,Team 3
ORD-983348,SHP-01102,BLR,SKU-019,2025-01-14 01:14:53,2025-01-14 03:30:40,2025-01-14 05:32:20,2025-01-14 07:34:00,2025-01-14 08:27:44,2025-01-14 08:27:44,Shift B,Team 2
ORD-776248,SHP-01103,MUM,SKU-016,2024-09-12 00:49:09,2024-09-12 03:15:16,2024-09-12 05:24:48,2024-09-12 07:34:20,2024-09-12 07:14:58,2024-09-12 06:47:58,Shift B,Team 2
ORD-612638,SHP-01104,BLR,SKU-002,2024-11-07 00:52:59,2024-11-07 03:11:14,2024-11-07 05:05:08,2024-11-07 06:59:01,2024-11-07 09:54:55,2024-11-07 09:29:55,Shift A,Team 3
ORD-372428,SHP-01105,DEL,SKU-009,2024-11-01 00:41:15,2024-11-01 02:53:34,2024-11-01 05:01:59,2024-11-01 07:10:24,2024-11-01 07:03:00,2024-11-01 06:55:00,Shift C,Team 1
ORD-284587,SHP-01106,BLR,SKU-018,2025-02-17 01:01:47,2025-02-17 03:07:51,2025-02-17 05:10:55,2025-02-17 07:14:00,2025-02-17 09:36:45,2025-02-17 09:21:45,Shift C,Team 1
ORD-616643,SHP-01107,MUM,SKU-016,2025-02-15 01:19:03,2025-02-15 03:39:44,2025-02-15 05:32:05,2025-02-15 07:24:26,2025-02-15 09:34:55,2025-02-15 09:27:55,Shift C,Team 1
ORD-164136,SHP-01108,MUM,SKU-025,2024-10-23 00:31:55,2024-10-23 01:56:21,2024-10-23 03:31:59,2024-10-23 05:07:37,2024-10-23 09:14:58,2024-10-23 08:54:58,Shift C,Team 2
ORD-698636,SHP-01109,DEL,SKU-025,2024-09-17 01:25:43,2024-09-17 02:55:30,2024-09-17 04:05:26,2024-09-17 05:15:22,2024-09-17 09:09:44,2024-09-17 08:42:44,Shift A,Team 3
ORD-342428,SHP-01110,BLR,SKU-013,2024-12-01 01:16:29,2024-12-01 03:38:01,2024-12-01 05:07:05,2024-12-01 06:36:09,2024-12-01 08:30:47,2024-12-01 08:27:47,Shift C,Team 3
ORD-390640,SHP-01111,DEL,SKU-030,2024-10-08 00:32:59,2024-10-08 01:52:54,2024-10-08 03:18:30,2024-10-08 04:44:06,2024-10-08 09:10:12,2024-10-08 08:57:12,Shift B,Team 1
ORD-718622,SHP-01112,BLR,SKU-025,2024-10-13 00:42:11,2024-10-13 02:03:36,2024-10-13 03:32:01,2024-10-13 05:00:26,2024-10-13 08:06:17,2024-10-13 07:52:17,Shift A,Team 3
ORD-591582,SHP-01113,MUM,SKU-007,2024-12-09 01:12:02,2024-12-09 02:16:47,2024-12-09 04:08:47,2024-12-09 06:00:46,2024-12-09 07:50:43,2024-12-09 07:42:43,Shift C,Team 3
ORD-307752,SHP-01114,DEL,SKU-017,2024-09-22 00:43:59,2024-09-22 03:07:36,2024-09-22 04:10:35,2024-09-22 05:13:33,2024-09-22 07:17:15,2024-09-22 06:51:15,Shift A,Team 3
ORD-358236,SHP-01115,MUM,SKU-014,2024-09-09 01:27:59,2024-09-09 02:52:15,2024-09-09 03:57:47,2024-09-09 05:03:19,2024-09-09 08:01:22,2024-09-09 07:42:22,Shift A,Team 2
ORD-360625,SHP-01116,MUM,SKU-003,2024-11-11 00:40:10,2024-11-11 03:01:02,2024-11-11 05:16:09,2024-11-11 07:31:17,2024-11-11 07:38:11,2024-11-11 12:38:42,Shift C,Team 3
ORD-341175,SHP-01117,MUM,SKU-004,2024-10-06 01:14:41,2024-10-06 02:23:01,2024-10-06 04:20:47,2024-10-06 06:18:34,2024-10-06 08:07:20,2024-10-06 07:53:20,Shift B,Team 2
ORD-259936,SHP-01118,DEL,SKU-025,2024-11-10 00:52:42,2024-11-10 02:32:42,2024-11-10 03:36:01,2024-11-10 04:39:20,2024-11-10 08:28:50,2024-11-10 07:58:50,Shift B,Team 2
ORD-697747,SHP-01119,MUM,SKU-003,2024-09-26 01:11:21,2024-09-26 03:02:01,2024-09-26 04:04:45,2024-09-26 05:07:30,2024-09-26 09:56:35,2024-09-26 09:33:35,Shift C,Team 2
ORD-580914,SHP-01120,DEL,SKU-018,2024-09-11 00:51:47,2024-09-11 03:06:03,2024-09-11 04:13:37,2024-09-11 05:21:10,2024-09-11 09:18:26,2024-09-11 08:56:26,Shift A,Team 1
ORD-146999,SHP-01121,DEL,SKU-006,2024-09-27 01:09:01,2024-09-27 02:52:57,2024-09-27 04:12:01,2024-09-27 05:31:05,2024-09-27 07:51:45,2024-09-27 07:35:45,Shift B,Team 1
ORD-360611,SHP-01122,BLR,SKU-014,2024-10-19 01:06:07,2024-10-19 03:19:37,2024-10-19 05:24:40,2024-10-19 07:29:42,2024-10-19 08:03:04,2024-10-19 07:43:04,Shift A,Team 2
ORD-611153,SHP-01123,BLR,SKU-009,2024-11-13 00:47:45,2024-11-13 03:17:06,2024-11-13 04:49:03,2024-11-13 06:20:59,2024-11-13 09:13:12,2024-11-13 08:44:12,Shift C,Team 1
ORD-660276,SHP-01124,BLR,SKU-022,2024-10-18 01:20:27,2024-10-18 03:02:29,2024-10-18 05:02:14,2024-10-18 07:02:00,2024-10-18 09:58:17,2024-10-18 09:58:17,Shift B,Team 1
ORD-764849,SHP-01125,MUM,SKU-023,2024-11-10 01:04:35,2024-11-10 02:39:52,2024-11-10 04:58:06,2024-11-10 07:16:21,2024-11-10 09:38:31,2024-11-10 09:34:31,Shift C,Team 1
ORD-779089,SHP-01126,DEL,SKU-009,2024-12-15 01:09:09,2024-12-15 03:14:03,2024-12-15 04:54:34,2024-12-15 06:35:05,2024-12-15 09:27:22,2024-12-15 09:03:22,Shift C,Team 3
ORD-420390,SHP-01127,BLR,SKU-002,2025-01-04 00:37:43,2025-01-04 03:01:37,2025-01-04 04:58:28,2025-01-04 06:55:18,2025-01-04 09:13:07,2025-01-04 10:23:09,Shift A,Team 1
ORD-489373,SHP-01128,MUM,SKU-016,2024-11-11 00:56:09,2024-11-11 03:13:37,2024-11-11 04:15:25,2024-11-11 05:17:13,2024-11-11 09:58:10,2024-11-11 14:48:11,Shift B,Team 1
ORD-635499,SHP-01129,DEL,SKU-025,2024-12-09 00:56:09,2024-12-09 01:56:27,2024-12-09 03:54:53,2024-12-09 05:53:20,2024-12-09 09:31:58,2024-12-09 09:14:58,Shift A,Team 2
ORD-195559,SHP-01130,MUM,SKU-022,2024-11-05 00:34:02,2024-11-05 02:16:05,2024-11-05 03:20:30,2024-11-05 04:24:54,2024-11-05 07:24:28,2024-11-05 07:03:28,Shift A,Team 3
ORD-466263,SHP-01131,DEL,SKU-030,2024-11-02 00:40:05,2024-11-02 01:42:15,2024-11-02 04:05:52,2024-11-02 06:29:29,2024-11-02 09:00:03,2024-11-02 08:46:03,Shift C,Team 3
ORD-425121,SHP-01132,BLR,SKU-006,2025-01-24 01:19:23,2025-01-24 03:35:59,2025-01-24 05:46:38,2025-01-24 07:57:16,2025-01-24 09:00:47,2025-01-24 08:38:47,Shift C,Team 2
ORD-593298,SHP-01133,DEL,SKU-008,2025-01-23 00:53:08,2025-01-23 02:04:47,2025-01-23 04:31:05,2025-01-23 06:57:23,2025-01-23 08:00:27,2025-01-23 07:36:27,Shift A,Team 2
ORD-893195,SHP-01134,DEL,SKU-029,2024-09-05 01:14:06,2024-09-05 03:35:54,2024-09-05 05:03:26,2024-09-05 06:30:58,2024-09-05 08:28:21,2024-09-05 08:18:21,Shift B,Team 2
ORD-553239,SHP-01135,DEL,SKU-002,2024-12-22 01:27:42,2024-12-22 03:00:17,2024-12-22 05:02:52,2024-12-22 07:05:27,2024-12-22 07:20:10,2024-12-22 07:15:10,Shift A,Team 1
ORD-237846,SHP-01136,DEL,SKU-009,2024-10-31 00:38:57,2024-10-31 02:10:49,2024-10-31 04:24:15,2024-10-31 06:37:41,2024-10-31 09:54:46,2024-10-31 09:47:46,Shift B,Team 2
ORD-921909,SHP-01137,DEL,SKU-008,2024-10-26 01:21:19,2024-10-26 03:26:58,2024-10-26 05:18:10,2024-10-26 07:09:22,2024-10-26 08:22:43,2024-10-26 08:06:43,Shift B,Team 1
ORD-986440,SHP-01138,BLR,SKU-009,2024-09-25 01:16:56,2024-09-25 03:11:49,2024-09-25 04:43:28,2024-09-25 06:15:08,2024-09-25 08:04:14,2024-09-25 07:41:14,Shift A,Team 3
ORD-789054,SHP-01139,DEL,SKU-024,2024-12-27 00:45:56,2024-12-27 02:58:53,2024-12-27 04:46:07,2024-12-27 06:33:22,2024-12-27 07:34:02,2024-12-27 07:17:02,Shift B,Team 3
ORD-237807,SHP-01140,DEL,SKU-018,2024-12-06 00:37:50,2024-12-06 01:48:00,2024-12-06 03:53:26,2024-12-06 05:58:51,2024-12-06 08:20:52,2024-12-06 11:35:34,Shift A,Team 1
ORD-176711,SHP-01141,DEL,SKU-018,2024-12-21 01:06:25,2024-12-21 02:40:04,2024-12-21 05:08:43,2024-12-21 07:37:21,2024-12-21 09:00:00,2024-12-21 13:06:01,Shift B,Team 1
ORD-429664,SHP-01142,MUM,SKU-015,2025-01-31 00:48:24,2025-01-31 02:36:44,2025-01-31 04:10:18,2025-01-31 05:43:51,2025-01-31 08:46:14,2025-01-31 08:41:14,Shift C,Team 3
ORD-947957,SHP-01143,BLR,SKU-019,2024-12-13 00:51:02,2024-12-13 03:00:36,2024-12-13 05:16:25,2024-12-13 07:32:14,2024-12-13 07:11:05,2024-12-13 07:03:05,Shift B,Team 3
ORD-567027,SHP-01144,DEL,SKU-024,2024-12-11 00:55:32,2024-12-11 02:47:33,2024-12-11 04:00:56,2024-12-11 05:14:19,2024-12-11 07:20:08,2024-12-11 07:07:08,Shift B,Team 1
ORD-326253,SHP-01145,DEL,SKU-018,2025-01-18 01:27:43,2025-01-18 03:19:29,2025-01-18 04:38:28,2025-01-18 05:57:26,2025-01-18 07:06:45,2025-01-18 06:59:45,Shift C,Team 2
ORD-629726,SHP-01146,DEL,SKU-015,2025-02-10 01:15:52,2025-02-10 02:58:56,2025-02-10 04:18:26,2025-02-10 05:37:56,2025-02-10 08:10:47,2025-02-10 07:45:47,Shift A,Team 3
ORD-146275,SHP-01147,BLR,SKU-001,2024-09-08 01:14:16,2024-09-08 03:24:44,2024-09-08 04:58:23,2024-09-08 06:32:03,2024-09-08 09:31:45,2024-09-08 09:09:45,Shift A,Team 2
ORD-990848,SHP-01148,BLR,SKU-026,2024-10-19 00:40:17,2024-10-19 01:52:31,2024-10-19 03:53:18,2024-10-19 05:54:06,2024-10-19 09:52:05,2024-10-19 09:36:05,Shift A,Team 3
ORD-609180,SHP-01149,MUM,SKU-027,2025-01-08 00:37:26,2025-01-08 01:54:12,2025-01-08 03:08:23,2025-01-08 04:22:34,2025-01-08 08:59:36,2025-01-08 08:36:36,Shift C,Team 3
ORD-664078,SHP-01150,DEL,SKU-011,2024-11-13 00:52:06,2024-11-13 02:32:47,2024-11-13 04:24:08,2024-11-13 06:15:29,2024-11-13 07:22:57,2024-11-13 07:20:57,Shift C,Team 1
ORD-509719,SHP-01151,BLR,SKU-017,2024-12-06 00:56:25,2024-12-06 02:37:50,2024-12-06 04:16:40,2024-12-06 05:55:30,2024-12-06 07:01:27,2024-12-06 06:41:27,Shift C,Team 1
ORD-648408,SHP-01152,DEL,SKU-006,2025-02-17 00:46:36,2025-02-17 02:51:31,2025-02-17 05:07:29,2025-02-17 07:23:26,2025-02-17 09:16:26,2025-02-17 09:06:26,Shift A,Team 2
ORD-661676,SHP-01153,MUM,SKU-001,2024-12-15 00:49:32,2024-12-15 02:32:57,2024-12-15 04:32:21,2024-12-15 06:31:46,2024-12-15 09:20:34,2024-12-15 09:06:34,Shift C,Team 2
ORD-818328,SHP-01154,DEL,SKU-018,2024-11-04 00:48:02,2024-11-04 01:54:42,2024-11-04 03:06:00,2024-11-04 04:17:18,2024-11-04 07:54:19,2024-11-04 07:43:19,Shift B,Team 2
ORD-467544,SHP-01155,MUM,SKU-013,2025-01-11 00:44:51,2025-01-11 03:08:06,2025-01-11 04:14:59,2025-01-11 05:21:52,2025-01-11 08:29:05,2025-01-11 08:11:05,Shift C,Team 1
ORD-450299,SHP-01156,BLR,SKU-010,2025-01-25 00:38:26,2025-01-25 03:05:37,2025-01-25 04:19:50,2025-01-25 05:34:03,2025-01-25 08:32:48,2025-01-25 08:26:48,Shift B,Team 3
ORD-498661,SHP-01157,BLR,SKU-002,2024-10-25 00:52:49,2024-10-25 02:55:59,2024-10-25 04:29:34,2024-10-25 06:03:09,2024-10-25 09:58:31,2024-10-25 09:39:31,Shift B,Team 1
ORD-602443,SHP-01158,MUM,SKU-012,2024-12-13 00:45:23,2024-12-13 02:03:20,2024-12-13 03:12:23,2024-12-13 04:21:25,2024-12-13 09:40:11,2024-12-13 09:40:11,Shift A,Team 3
ORD-101863,SHP-01159,DEL,SKU-027,2024-11-18 01:18:23,2024-11-18 03:06:44,2024-11-18 04:35:56,2024-11-18 06:05:08,2024-11-18 09:16:37,2024-11-18 08:47:37,Shift C,Team 3
ORD-801250,SHP-01160,BLR,SKU-005,2024-10-16 01:04:45,2024-10-16 03:27:10,2024-10-16 04:51:07,2024-10-16 06:15:03,2024-10-16 09:21:27,2024-10-16 09:12:27,Shift B,Team 2
ORD-580354,SHP-01161,MUM,SKU-019,2024-10-26 00:38:45,2024-10-26 02:22:33,2024-10-26 04:29:56,2024-10-26 06:37:19,2024-10-26 08:52:00,2024-10-26 08:26:00,Shift A,Team 2
ORD-588751,SHP-01162,DEL,SKU-004,2025-01-13 01:05:04,2025-01-13 02:15:23,2025-01-13 04:41:35,2025-01-13 07:07:47,2025-01-13 08:34:25,2025-01-13 08:17:25,Shift C,Team 1
ORD-919009,SHP-01163,MUM,SKU-002,2024-12-13 01:22:38,2024-12-13 03:17:58,2024-12-13 05:12:59,2024-12-13 07:08:00,2024-12-13 08:55:28,2024-12-13 08:51:28,Shift A,Team 3
ORD-519789,SHP-01164,MUM,SKU-018,2024-12-28 01:15:45,2024-12-28 03:33:23,2024-12-28 05:26:09,2024-12-28 07:18:55,2024-12-28 09:54:48,2024-12-28 09:38:48,Shift C,Team 2
ORD-712356,SHP-01165,DEL,SKU-030,2024-11-25 00:48:24,2024-11-25 02:33:39,2024-11-25 04:30:43,2024-11-25 06:27:48,2024-11-25 07:58:29,2024-11-25 07:31:29,Shift C,Team 3
ORD-367704,SHP-01166,MUM,SKU-022,2024-12-16 00:41:19,2024-12-16 02:22:32,2024-12-16 03:58:09,2024-12-16 05:33:45,2024-12-16 09:36:43,2024-12-16 09:27:43,Shift B,Team 2
ORD-531652,SHP-01167,BLR,SKU-008,2025-01-13 01:20:29,2025-01-13 03:39:35,2025-01-13 04:54:06,2025-01-13 06:08:37,2025-01-13 09:29:47,2025-01-13 09:19:47,Shift B,Team 1
ORD-376232,SHP-01168,DEL,SKU-003,2024-10-26 00:47:01,2024-10-26 03:16:03,2024-10-26 04:16:20,2024-10-26 05:16:38,2024-10-26 07:22:13,2024-10-26 07:00:13,Shift C,Team 1
ORD-640123,SHP-01169,BLR,SKU-001,2025-01-12 00:45:02,2025-01-12 02:20:05,2025-01-12 04:23:54,2025-01-12 06:27:44,2025-01-12 08:59:27,2025-01-12 08:59:27,Shift C,Team 2
ORD-688446,SHP-01170,DEL,SKU-028,2024-09-30 00:59:24,2024-09-30 03:16:49,2024-09-30 05:24:23,2024-09-30 07:31:57,2024-09-30 07:53:07,2024-09-30 07:41:07,Shift B,Team 2
ORD-419104,SHP-01171,MUM,SKU-004,2024-09-07 01:24:47,2024-09-07 03:47:26,2024-09-07 05:59:33,2024-09-07 08:11:41,2024-09-07 09:29:58,2024-09-07 09:08:58,Shift B,Team 2
ORD-737135,SHP-01172,BLR,SKU-016,2025-01-25 00:32:58,2025-01-25 02:32:33,2025-01-25 04:10:05,2025-01-25 05:47:38,2025-01-25 07:44:58,2025-01-25 07:17:58,Shift B,Team 2
ORD-886950,SHP-01173,MUM,SKU-015,2024-09-30 01:29:07,2024-09-30 02:33:44,2024-09-30 04:25:46,2024-09-30 06:17:48,2024-09-30 07:19:30,2024-09-30 07:15:30,Shift A,Team 3
ORD-787678,SHP-01174,BLR,SKU-020,2024-09-12 00:34:28,2024-09-12 02:31:23,2024-09-12 04:37:49,2024-09-12 06:44:15,2024-09-12 07:00:04,2024-09-12 06:51:04,Shift B,Team 1
ORD-854722,SHP-01175,DEL,SKU-030,2025-01-23 01:07:59,2025-01-23 02:51:52,2025-01-23 04:27:48,2025-01-23 06:03:45,2025-01-23 07:07:29,2025-01-23 06:54:29,Shift A,Team 1
ORD-462913,SHP-01176,BLR,SKU-026,2025-02-08 00:45:11,2025-02-08 02:59:53,2025-02-08 04:47:28,2025-02-08 06:35:03,2025-02-08 08:00:26,2025-02-08 07:54:26,Shift B,Team 2
ORD-592542,SHP-01177,BLR,SKU-019,2025-01-12 01:10:26,2025-01-12 02:49:34,2025-01-12 04:21:56,2025-01-12 05:54:18,2025-01-12 07:25:17,2025-01-12 06:55:17,Shift C,Team 2
ORD-119323,SHP-01178,BLR,SKU-027,2024-10-15 01:05:50,2024-10-15 03:28:43,2024-10-15 04:58:18,2024-10-15 06:27:54,2024-10-15 09:16:37,2024-10-15 09:13:37,Shift C,Team 1
ORD-820909,SHP-01179,BLR,SKU-004,2025-02-07 00:56:21,2025-02-07 02:51:29,2025-02-07 04:51:31,2025-02-07 06:51:32,2025-02-07 08:38:47,2025-02-07 08:16:47,Shift C,Team 2
ORD-268703,SHP-01180,MUM,SKU-022,2025-01-12 00:49:45,2025-01-12 02:56:08,2025-01-12 04:23:30,2025-01-12 05:50:52,2025-01-12 07:15:24,2025-01-12 07:12:24,Shift B,Team 1
ORD-603826,SHP-01181,DEL,SKU-019,2024-11-28 01:08:35,2024-11-28 02:17:49,2024-11-28 03:43:18,2024-11-28 05:08:47,2024-11-28 09:43:53,2024-11-28 09:40:53,Shift C,Team 1
ORD-250551,SHP-01182,BLR,SKU-013,2025-02-17 00:47:24,2025-02-17 02:12:59,2025-02-17 04:20:35,2025-02-17 06:28:11,2025-02-17 08:32:22,2025-02-17 08:10:22,Shift B,Team 3
ORD-493162,SHP-01183,MUM,SKU-030,2024-10-08 00:53:48,2024-10-08 02:45:45,2024-10-08 04:02:49,2024-10-08 05:19:52,2024-10-08 09:33:50,2024-10-08 09:29:50,Shift B,Team 2
ORD-160611,SHP-01184,MUM,SKU-027,2025-02-08 00:30:20,2025-02-08 01:41:12,2025-02-08 02:55:48,2025-02-08 04:10:25,2025-02-08 07:19:27,2025-02-08 07:18:27,Shift B,Team 2
ORD-880534,SHP-01185,MUM,SKU-003,2024-09-15 00:39:07,2024-09-15 02:34:51,2024-09-15 04:20:24,2024-09-15 06:05:57,2024-09-15 07:55:18,2024-09-15 07:39:18,Shift C,Team 1
ORD-677305,SHP-01186,DEL,SKU-028,2024-09-21 01:00:48,2024-09-21 02:47:39,2024-09-21 04:23:57,2024-09-21 06:00:14,2024-09-21 08:37:52,2024-09-21 08:33:52,Shift A,Team 3
ORD-580507,SHP-01187,BLR,SKU-001,2025-02-08 00:57:48,2025-02-08 03:22:21,2025-02-08 05:16:20,2025-02-08 07:10:19,2025-02-08 08:09:24,2025-02-08 10:27:17,Shift A,Team 3
ORD-424907,SHP-01188,DEL,SKU-018,2024-10-04 01:06:24,2024-10-04 02:15:33,2024-10-04 03:53:01,2024-10-04 05:30:30,2024-10-04 09:04:53,2024-10-04 08:35:53,Shift B,Team 1
ORD-312019,SHP-01189,DEL,SKU-018,2024-09-18 01:27:59,2024-09-18 02:45:13,2024-09-18 03:58:40,2024-09-18 05:12:08,2024-09-18 08:57:50,2024-09-18 10:00:17,Shift B,Team 1
ORD-803857,SHP-01190,MUM,SKU-015,2024-10-22 00:33:41,2024-10-22 02:02:00,2024-10-22 03:14:22,2024-10-22 04:26:44,2024-10-22 08:12:28,2024-10-22 07:48:28,Shift A,Team 1
ORD-405187,SHP-01191,BLR,SKU-027,2025-02-02 00:40:14,2025-02-02 03:07:04,2025-02-02 04:33:09,2025-02-02 05:59:14,2025-02-02 09:48:08,2025-02-02 14:18:07,Shift A,Team 2
ORD-748503,SHP-01192,MUM,SKU-018,2024-10-26 00:38:51,2024-10-26 02:44:14,2024-10-26 04:50:22,2024-10-26 06:56:30,2024-10-26 07:31:20,2024-10-26 07:05:20,Shift A,Team 1
ORD-848546,SHP-01193,MUM,SKU-015,2024-09-12 00:34:54,2024-09-12 01:56:44,2024-09-12 04:06:58,2024-09-12 06:17:12,2024-09-12 07:25:05,2024-09-12 06:59:05,Shift B,Team 1
ORD-775092,SHP-01194,MUM,SKU-027,2024-10-14 01:28:03,2024-10-14 03:47:21,2024-10-14 05:01:39,2024-10-14 06:15:57,2024-10-14 08:19:22,2024-10-14 08:05:22,Shift B,Team 2
ORD-506308,SHP-01195,DEL,SKU-024,2024-12-17 00:58:26,2024-12-17 02:01:06,2024-12-17 04:10:39,2024-12-17 06:20:12,2024-12-17 09:11:42,2024-12-17 08:51:42,Shift A,Team 3
ORD-304106,SHP-01196,BLR,SKU-011,2025-01-10 01:26:01,2025-01-10 03:25:28,2025-01-10 05:33:05,2025-01-10 07:40:42,2025-01-10 09:07:05,2025-01-10 13:30:50,Shift B,Team 1
ORD-495934,SHP-01197,BLR,SKU-013,2024-12-13 01:24:35,2024-12-13 02:51:48,2024-12-13 05:19:13,2024-12-13 07:46:39,2024-12-13 09:41:13,2024-12-13 09:14:13,Shift A,Team 1
ORD-915780,SHP-01198,DEL,SKU-027,2024-12-06 00:38:02,2024-12-06 01:41:37,2024-12-06 03:40:08,2024-12-06 05:38:40,2024-12-06 07:52:34,2024-12-06 07:52:34,Shift B,Team 3
ORD-273993,SHP-01199,BLR,SKU-005,2024-11-25 00:44:27,2024-11-25 02:04:08,2024-11-25 03:07:22,2024-11-25 04:10:35,2024-11-25 09:33:48,2024-11-25 09:12:48,Shift A,Team 1
ORD-400909,SHP-01200,BLR,SKU-025,2025-01-31 01:18:51,2025-01-31 03:26:45,2025-01-31 05:31:04,2025-01-31 07:35:23,2025-01-31 09:45:06,2025-01-31 09:31:06,Shift A,Team 2
ORD-573545,SHP-01201,DEL,SKU-008,2024-09-10 01:18:15,2024-09-10 02:30:38,2024-09-10 03:55:31,2024-09-10 05:20:24,2024-09-10 07:52:04,2024-09-10 07:29:04,Shift A,Team 1
ORD-486885,SHP-01202,MUM,SKU-017,2025-02-03 01:18:38,2025-02-03 03:47:38,2025-02-03 05:40:58,2025-02-03 07:34:18,2025-02-03 07:32:01,2025-02-03 10:25:22,Shift C,Team 3
ORD-375140,SHP-01203,MUM,SKU-013,2024-09-24 01:13:26,2024-09-24 03:21:14,2024-09-24 05:25:26,2024-09-24 07:29:38,2024-09-24 07:57:25,2024-09-24 07:40:25,Shift A,Team 3
ORD-631461,SHP-01204,MUM,SKU-015,2024-09-17 01:09:27,2024-09-17 03:21:53,2024-09-17 04:37:07,2024-09-17 05:52:21,2024-09-17 08:43:46,2024-09-17 12:47:39,Shift A,Team 2
ORD-552310,SHP-01205,MUM,SKU-024,2024-10-10 01:28:12,2024-10-10 03:24:36,2024-10-10 05:34:32,2024-10-10 07:44:28,2024-10-10 08:57:09,2024-10-10 08:42:09,Shift A,Team 3
ORD-991080,SHP-01206,BLR,SKU-025,2024-09-14 01:23:04,2024-09-14 03:29:27,2024-09-14 04:33:02,2024-09-14 05:36:36,2024-09-14 09:37:45,2024-09-14 09:08:45,Shift A,Team 1
ORD-652813,SHP-01207,DEL,SKU-030,2024-10-16 00:57:23,2024-10-16 02:55:56,2024-10-16 04:03:03,2024-10-16 05:10:10,2024-10-16 08:06:05,2024-10-16 07:40:05,Shift C,Team 2
ORD-744047,SHP-01208,MUM,SKU-019,2025-02-10 00:34:50,2025-02-10 02:13:12,2025-02-10 04:05:17,2025-02-10 05:57:21,2025-02-10 07:14:33,2025-02-10 07:07:33,Shift A,Team 3
ORD-303110,SHP-01209,BLR,SKU-018,2024-12-13 00:48:44,2024-12-13 02:30:49,2024-12-13 03:35:57,2024-12-13 04:41:05,2024-12-13 08:24:28,2024-12-13 08:04:28,Shift B,Team 1
ORD-509896,SHP-01210,DEL,SKU-008,2024-12-13 00:30:11,2024-12-13 02:13:21,2024-12-13 03:13:54,2024-12-13 04:14:27,2024-12-13 09:45:23,2024-12-13 13:22:16,Shift C,Team 2
ORD-997066,SHP-01211,BLR,SKU-013,2024-12-10 01:09:31,2024-12-10 03:04:21,2024-12-10 05:15:40,2024-12-10 07:26:59,2024-12-10 09:20:48,2024-12-10 09:04:48,Shift B,Team 2
ORD-251778,SHP-01212,MUM,SKU-029,2024-10-20 00:54:58,2024-10-20 03:21:12,2024-10-20 04:32:28,2024-10-20 05:43:45,2024-10-20 08:38:25,2024-10-20 08:28:25,Shift A,Team 2
ORD-363257,SHP-01213,BLR,SKU-026,2024-09-13 01:24:43,2024-09-13 02:56:58,2024-09-13 04:51:57,2024-09-13 06:46:55,2024-09-13 08:39:26,2024-09-13 08:31:26,Shift C,Team 3
ORD-173921,SHP-01214,DEL,SKU-012,2024-10-22 01:14:53,2024-10-22 02:29:33,2024-10-22 04:02:55,2024-10-22 05:36:17,2024-10-22 07:18:08,2024-10-22 06:52:08,Shift A,Team 2
ORD-414786,SHP-01215,DEL,SKU-023,2024-11-21 00:41:20,2024-11-21 01:44:26,2024-11-21 03:13:54,2024-11-21 04:43:22,2024-11-21 07:52:56,2024-11-21 07:46:56,Shift B,Team 1
ORD-658905,SHP-01216,MUM,SKU-018,2024-10-02 01:09:34,2024-10-02 02:41:27,2024-10-02 05:04:19,2024-10-02 07:27:11,2024-10-02 09:45:00,2024-10-02 09:32:00,Shift A,Team 3
ORD-499138,SHP-01217,BLR,SKU-030,2024-11-29 00:59:52,2024-11-29 02:30:42,2024-11-29 04:31:14,2024-11-29 06:31:45,2024-11-29 09:25:12,2024-11-29 09:13:12,Shift C,Team 3
ORD-926263,SHP-01218,MUM,SKU-016,2024-11-11 01:15:22,2024-11-11 03:21:27,2024-11-11 04:22:20,2024-11-11 05:23:13,2024-11-11 09:12:06,2024-11-11 08:57:06,Shift A,Team 3
ORD-528620,SHP-01219,MUM,SKU-004,2025-02-05 00:44:14,2025-02-05 03:03:42,2025-02-05 05:25:12,2025-02-05 07:46:42,2025-02-05 07:46:56,2025-02-05 07:24:56,Shift A,Team 2
ORD-576263,SHP-01220,DEL,SKU-021,2024-11-18 00:59:12,2024-11-18 02:44:25,2024-11-18 04:57:18,2024-11-18 07:10:11,2024-11-18 09:52:24,2024-11-18 11:27:58,Shift A,Team 3
ORD-230170,SHP-01221,DEL,SKU-021,2024-09-18 01:27:21,2024-09-18 03:28:24,2024-09-18 04:47:53,2024-09-18 06:07:22,2024-09-18 07:20:09,2024-09-18 07:06:09,Shift A,Team 3
ORD-430645,SHP-01222,BLR,SKU-005,2024-12-08 00:33:47,2024-12-08 02:45:06,2024-12-08 04:32:28,2024-12-08 06:19:50,2024-12-08 09:10:35,2024-12-08 08:59:35,Shift B,Team 3
ORD-418529,SHP-01223,MUM,SKU-030,2024-10-09 01:26:40,2024-10-09 02:54:19,2024-10-09 04:34:12,2024-10-09 06:14:04,2024-10-09 09:14:50,2024-10-09 08:44:50,Shift C,Team 2
ORD-801581,SHP-01224,BLR,SKU-007,2024-10-05 01:19:15,2024-10-05 02:25:37,2024-10-05 03:40:07,2024-10-05 04:54:38,2024-10-05 09:50:38,2024-10-05 09:26:38,Shift A,Team 2
ORD-374552,SHP-01225,MUM,SKU-015,2025-01-12 01:21:23,2025-01-12 03:41:36,2025-01-12 05:01:10,2025-01-12 06:20:44,2025-01-12 08:49:08,2025-01-12 10:37:52,Shift A,Team 2
ORD-173149,SHP-01226,MUM,SKU-024,2024-11-29 01:29:16,2024-11-29 03:50:04,2024-11-29 06:19:44,2024-11-29 08:49:24,2024-11-29 07:29:09,2024-11-29 07:03:09,Shift C,Team 1
ORD-689680,SHP-01227,DEL,SKU-013,2025-02-06 00:55:55,2025-02-06 03:04:56,2025-02-06 05:15:16,2025-02-06 07:25:35,2025-02-06 07:46:41,2025-02-06 07:46:41,Shift C,Team 1
ORD-458409,SHP-01228,MUM,SKU-007,2024-10-15 00:44:05,2024-10-15 03:07:35,2024-10-15 04:16:11,2024-10-15 05:24:47,2024-10-15 07:43:49,2024-10-15 07:26:49,Shift A,Team 3
ORD-430157,SHP-01229,DEL,SKU-014,2024-10-15 01:27:06,2024-10-15 03:31:29,2024-10-15 05:32:27,2024-10-15 07:33:26,2024-10-15 07:23:13,2024-10-15 07:14:13,Shift C,Team 1
ORD-800990,SHP-01230,MUM,SKU-021,2025-01-19 00:34:32,2025-01-19 01:57:18,2025-01-19 03:46:15,2025-01-19 05:35:13,2025-01-19 07:24:14,2025-01-19 07:11:14,Shift A,Team 2
ORD-626729,SHP-01231,BLR,SKU-016,2024-12-16 00:33:45,2024-12-16 02:30:51,2024-12-16 04:13:12,2024-12-16 05:55:33,2024-12-16 09:22:39,2024-12-16 08:58:39,Shift B,Team 2
ORD-388243,SHP-01232,MUM,SKU-029,2025-02-04 00:33:51,2025-02-04 02:24:57,2025-02-04 04:16:37,2025-02-04 06:08:16,2025-02-04 09:33:43,2025-02-04 09:29:43,Shift A,Team 2
ORD-792670,SHP-01233,MUM,SKU-030,2024-09-15 01:27:45,2024-09-15 02:52:58,2024-09-15 04:50:56,2024-09-15 06:48:55,2024-09-15 07:46:02,2024-09-15 07:37:02,Shift C,Team 2
ORD-122838,SHP-01234,BLR,SKU-004,2024-10-09 00:48:19,2024-10-09 01:57:43,2024-10-09 03:34:45,2024-10-09 05:11:46,2024-10-09 07:08:05,2024-10-09 06:42:05,Shift A,Team 1
ORD-470868,SHP-01235,DEL,SKU-017,2025-01-04 00:53:42,2025-01-04 01:59:36,2025-01-04 03:56:13,2025-01-04 05:52:50,2025-01-04 07:21:57,2025-01-04 07:11:57,Shift B,Team 2
ORD-901710,SHP-01236,MUM,SKU-030,2024-10-18 01:27:36,2024-10-18 03:08:34,2024-10-18 04:35:53,2024-10-18 06:03:11,2024-10-18 08:25:01,2024-10-18 09:43:26,Shift A,Team 2
ORD-595343,SHP-01237,DEL,SKU-027,2025-01-25 01:10:51,2025-01-25 03:11:58,2025-01-25 05:05:40,2025-01-25 06:59:23,2025-01-25 09:15:54,2025-01-25 12:19:06,Shift C,Team 2
ORD-380734,SHP-01238,DEL,SKU-003,2025-01-29 01:09:24,2025-01-29 02:53:26,2025-01-29 05:04:58,2025-01-29 07:16:31,2025-01-29 08:34:05,2025-01-29 08:06:05,Shift A,Team 1
ORD-571579,SHP-01239,DEL,SKU-004,2024-12-30 01:15:30,2024-12-30 03:40:11,2024-12-30 05:30:05,2024-12-30 07:19:58,2024-12-30 09:43:07,2024-12-30 09:28:07,Shift B,Team 2
ORD-743235,SHP-01240,BLR,SKU-004,2024-12-29 00:55:24,2024-12-29 03:01:36,2024-12-29 05:24:12,2024-12-29 07:46:49,2024-12-29 07:39:11,2024-12-29 07:18:11,Shift C,Team 2
ORD-340826,SHP-01241,DEL,SKU-030,2025-02-06 00:34:35,2025-02-06 02:45:40,2025-02-06 04:40:15,2025-02-06 06:34:50,2025-02-06 09:54:46,2025-02-06 09:40:46,Shift A,Team 3
ORD-512283,SHP-01242,DEL,SKU-018,2024-10-20 01:08:35,2024-10-20 03:20:34,2024-10-20 04:24:20,2024-10-20 05:28:05,2024-10-20 07:40:28,2024-10-20 07:37:28,Shift C,Team 3
ORD-955449,SHP-01243,MUM,SKU-005,2024-09-24 01:05:12,2024-09-24 02:33:56,2024-09-24 04:40:28,2024-09-24 06:47:00,2024-09-24 08:31:45,2024-09-24 08:11:45,Shift C,Team 2
ORD-973941,SHP-01244,DEL,SKU-012,2024-10-20 01:14:11,2024-10-20 02:55:15,2024-10-20 05:00:25,2024-10-20 07:05:36,2024-10-20 08:36:56,2024-10-20 09:17:02,Shift B,Team 1
ORD-895950,SHP-01245,BLR,SKU-008,2024-10-03 01:27:42,2024-10-03 03:19:47,2024-10-03 04:56:02,2024-10-03 06:32:17,2024-10-03 09:01:55,2024-10-03 08:41:55,Shift B,Team 2
ORD-464571,SHP-01246,MUM,SKU-003,2024-10-04 01:17:43,2024-10-04 02:49:01,2024-10-04 04:32:37,2024-10-04 06:16:13,2024-10-04 07:59:39,2024-10-04 07:41:39,Shift B,Team 2
ORD-977150,SHP-01247,BLR,SKU-015,2024-10-30 00:36:21,2024-10-30 03:04:57,2024-10-30 05:02:20,2024-10-30 06:59:43,2024-10-30 08:10:26,2024-10-30 07:59:26,Shift A,Team 1
ORD-525770,SHP-01248,DEL,SKU-011,2025-01-14 01:24:01,2025-01-14 03:38:28,2025-01-14 05:32:34,2025-01-14 07:26:39,2025-01-14 08:45:02,2025-01-14 08:24:02,Shift C,Team 2
ORD-199217,SHP-01249,DEL,SKU-030,2024-10-02 01:03:48,2024-10-02 02:26:27,2024-10-02 04:51:20,2024-10-02 07:16:13,2024-10-02 07:56:31,2024-10-02 07:42:31,Shift A,Team 2
ORD-507369,SHP-01250,BLR,SKU-008,2024-11-12 00:30:30,2024-11-12 02:58:26,2024-11-12 05:04:56,2024-11-12 07:11:26,2024-11-12 07:13:26,2024-11-12 06:59:26,Shift B,Team 1
ORD-404708,SHP-01251,BLR,SKU-014,2025-01-10 01:03:32,2025-01-10 02:28:39,2025-01-10 03:33:37,2025-01-10 04:38:35,2025-01-10 08:04:37,2025-01-10 07:41:37,Shift C,Team 2
ORD-688702,SHP-01252,MUM,SKU-024,2025-01-18 00:50:11,2025-01-18 02:09:54,2025-01-18 03:38:40,2025-01-18 05:07:26,2025-01-18 09:16:40,2025-01-18 08:52:40,Shift B,Team 3
ORD-644027,SHP-01253,MUM,SKU-015,2024-09-22 01:26:20,2024-09-22 03:12:47,2024-09-22 05:06:12,2024-09-22 06:59:37,2024-09-22 08:24:14,2024-09-22 13:42:49,Shift C,Team 2
ORD-172704,SHP-01254,BLR,SKU-004,2024-11-16 01:02:16,2024-11-16 03:14:30,2024-11-16 05:37:56,2024-11-16 08:01:23,2024-11-16 09:08:50,2024-11-16 08:43:50,Shift B,Team 1
ORD-947379,SHP-01255,BLR,SKU-018,2024-12-19 00:36:21,2024-12-19 02:59:36,2024-12-19 05:06:13,2024-12-19 07:12:50,2024-12-19 07:25:10,2024-12-19 06:56:10,Shift A,Team 1
ORD-578145,SHP-01256,MUM,SKU-012,2024-12-10 00:46:38,2024-12-10 02:55:50,2024-12-10 04:51:30,2024-12-10 06:47:11,2024-12-10 09:54:34,2024-12-10 14:42:44,Shift B,Team 1
ORD-902390,SHP-01257,DEL,SKU-025,2024-12-16 00:47:42,2024-12-16 01:57:12,2024-12-16 03:37:08,2024-12-16 05:17:03,2024-12-16 08:36:44,2024-12-16 08:06:44,Shift A,Team 3
ORD-424998,SHP-01258,MUM,SKU-025,2025-02-15 00:46:46,2025-02-15 03:11:36,2025-02-15 04:13:40,2025-02-15 05:15:44,2025-02-15 07:55:54,2025-02-15 07:40:54,Shift C,Team 1
ORD-138768,SHP-01259,BLR,SKU-010,2024-10-15 00:34:54,2024-10-15 02:12:34,2024-10-15 04:38:09,2024-10-15 07:03:45,2024-10-15 08:18:00,2024-10-15 08:09:00,Shift B,Team 3
ORD-177473,SHP-01260,BLR,SKU-004,2024-10-21 01:19:25,2024-10-21 03:45:55,2024-10-21 04:51:16,2024-10-21 05:56:36,2024-10-21 08:38:45,2024-10-21 08:35:45,Shift B,Team 1
ORD-543677,SHP-01261,DEL,SKU-027,2025-01-03 01:18:18,2025-01-03 03:46:28,2025-01-03 05:31:40,2025-01-03 07:16:51,2025-01-03 07:02:28,2025-01-03 06:52:28,Shift A,Team 1
ORD-278489,SHP-01262,BLR,SKU-020,2025-01-28 00:57:47,2025-01-28 02:02:01,2025-01-28 03:27:41,2025-01-28 04:53:22,2025-01-28 09:21:26,2025-01-28 09:14:26,Shift A,Team 2
ORD-949507,SHP-01263,BLR,SKU-006,2024-10-25 00:38:04,2024-10-25 02:53:41,2024-10-25 04:53:01,2024-10-25 06:52:22,2024-10-25 08:41:55,2024-10-25 08:26:55,Shift B,Team 2
ORD-392884,SHP-01264,BLR,SKU-022,2025-01-18 01:09:26,2025-01-18 02:32:30,2025-01-18 04:45:31,2025-01-18 06:58:32,2025-01-18 09:15:51,2025-01-18 09:14:51,Shift A,Team 1
ORD-644192,SHP-01265,MUM,SKU-010,2024-09-22 00:45:38,2024-09-22 03:12:05,2024-09-22 04:58:18,2024-09-22 06:44:30,2024-09-22 08:23:31,2024-09-22 07:55:31,Shift B,Team 3
ORD-835397,SHP-01266,MUM,SKU-029,2024-10-12 01:14:26,2024-10-12 03:38:27,2024-10-12 05:30:03,2024-10-12 07:21:40,2024-10-12 09:31:27,2024-10-12 09:17:27,Shift B,Team 2
ORD-214187,SHP-01267,MUM,SKU-016,2025-01-17 00:31:20,2025-01-17 02:48:17,2025-01-17 03:59:12,2025-01-17 05:10:06,2025-01-17 09:02:24,2025-01-17 08:46:24,Shift B,Team 3
ORD-862202,SHP-01268,MUM,SKU-030,2024-09-24 00:55:33,2024-09-24 03:23:32,2024-09-24 04:45:35,2024-09-24 06:07:39,2024-09-24 09:26:31,2024-09-24 13:44:00,Shift A,Team 2
ORD-893909,SHP-01269,MUM,SKU-022,2024-10-09 01:18:56,2024-10-09 02:27:39,2024-10-09 04:38:29,2024-10-09 06:49:20,2024-10-09 08:06:05,2024-10-09 07:40:05,Shift A,Team 2
ORD-714115,SHP-01270,DEL,SKU-029,2024-09-29 00:58:28,2024-09-29 02:00:25,2024-09-29 03:24:49,2024-09-29 04:49:14,2024-09-29 08:22:51,2024-09-29 07:56:51,Shift C,Team 1
ORD-464887,SHP-01271,BLR,SKU-026,2024-12-06 00:39:16,2024-12-06 02:59:13,2024-12-06 05:11:45,2024-12-06 07:24:18,2024-12-06 07:05:06,2024-12-06 06:35:06,Shift A,Team 3
ORD-875630,SHP-01272,MUM,SKU-009,2024-12-06 01:16:55,2024-12-06 02:46:40,2024-12-06 04:20:52,2024-12-06 05:55:03,2024-12-06 09:37:33,2024-12-06 09:31:33,Shift C,Team 2
ORD-346790,SHP-01273,DEL,SKU-008,2024-09-27 00:37:24,2024-09-27 02:51:21,2024-09-27 04:14:33,2024-09-27 05:37:45,2024-09-27 07:20:26,2024-09-27 06:52:26,Shift A,Team 2
ORD-900429,SHP-01274,DEL,SKU-020,2024-12-12 00:31:37,2024-12-12 01:43:59,2024-12-12 03:18:07,2024-12-12 04:52:14,2024-12-12 07:44:36,2024-12-12 07:26:36,Shift B,Team 3
ORD-619370,SHP-01275,BLR,SKU-003,2025-01-26 00:42:14,2025-01-26 02:52:47,2025-01-26 04:25:14,2025-01-26 05:57:41,2025-01-26 07:13:34,2025-01-26 07:05:34,Shift C,Team 3
ORD-305600,SHP-01276,BLR,SKU-024,2024-12-14 00:39:50,2024-12-14 02:57:39,2024-12-14 05:08:13,2024-12-14 07:18:48,2024-12-14 09:57:32,2024-12-14 09:33:32,Shift C,Team 3
ORD-494385,SHP-01277,BLR,SKU-009,2024-11-25 00:51:55,2024-11-25 02:09:56,2024-11-25 03:33:50,2024-11-25 04:57:44,2024-11-25 09:19:29,2024-11-25 08:53:29,Shift B,Team 3
ORD-260887,SHP-01278,DEL,SKU-013,2024-11-10 00:54:33,2024-11-10 03:21:15,2024-11-10 04:49:24,2024-11-10 06:17:32,2024-11-10 08:42:45,2024-11-10 08:34:45,Shift B,Team 3
ORD-796025,SHP-01279,BLR,SKU-030,2025-01-31 01:14:04,2025-01-31 02:51:15,2025-01-31 04:54:24,2025-01-31 06:57:34,2025-01-31 09:33:10,2025-01-31 09:27:10,Shift A,Team 2
ORD-353153,SHP-01280,MUM,SKU-020,2024-09-27 00:56:18,2024-09-27 03:05:58,2024-09-27 05:24:59,2024-09-27 07:43:59,2024-09-27 07:27:45,2024-09-27 07:04:45,Shift B,Team 3
ORD-902271,SHP-01281,BLR,SKU-019,2024-12-11 01:08:28,2024-12-11 02:41:39,2024-12-11 04:29:42,2024-12-11 06:17:45,2024-12-11 08:50:10,2024-12-11 08:29:10,Shift B,Team 3
ORD-134999,SHP-01282,BLR,SKU-022,2024-10-02 00:48:39,2024-10-02 01:51:28,2024-10-02 04:03:23,2024-10-02 06:15:18,2024-10-02 08:02:31,2024-10-02 07:55:31,Shift B,Team 1
ORD-772225,SHP-01283,BLR,SKU-027,2024-09-30 01:19:31,2024-09-30 03:05:32,2024-09-30 05:07:57,2024-09-30 07:10:23,2024-09-30 09:12:37,2024-09-30 08:44:37,Shift A,Team 2
ORD-584974,SHP-01284,BLR,SKU-020,2025-01-10 01:08:41,2025-01-10 02:54:24,2025-01-10 03:57:07,2025-01-10 04:59:51,2025-01-10 09:25:03,2025-01-10 08:58:03,Shift C,Team 1
ORD-227333,SHP-01285,DEL,SKU-026,2025-01-27 00:59:49,2025-01-27 02:59:43,2025-01-27 04:07:39,2025-01-27 05:15:34,2025-01-27 09:40:30,2025-01-27 09:15:30,Shift B,Team 1
ORD-831367,SHP-01286,MUM,SKU-014,2024-09-04 00:42:42,2024-09-04 02:06:02,2024-09-04 04:17:08,2024-09-04 06:28:13,2024-09-04 07:23:40,2024-09-04 07:01:40,Shift C,Team 3
ORD-489015,SHP-01287,MUM,SKU-028,2024-10-20 01:12:04,2024-10-20 02:56:23,2024-10-20 04:39:48,2024-10-20 06:23:13,2024-10-20 09:43:45,2024-10-20 09:35:45,Shift B,Team 2
ORD-959423,SHP-01288,MUM,SKU-020,2024-09-14 01:17:39,2024-09-14 02:39:44,2024-09-14 04:07:17,2024-09-14 05:34:50,2024-09-14 07:09:30,2024-09-14 06:57:30,Shift C,Team 3
ORD-116332,SHP-01289,DEL,SKU-029,2024-10-09 01:04:05,2024-10-09 03:22:44,2024-10-09 05:45:53,2024-10-09 08:09:02,2024-10-09 08:38:20,2024-10-09 08:15:20,Shift A,Team 2
ORD-443573,SHP-01290,MUM,SKU-004,2024-09-21 01:10:17,2024-09-21 02:43:04,2024-09-21 04:15:55,2024-09-21 05:48:46,2024-09-21 08:23:16,2024-09-21 07:55:16,Shift B,Team 2
ORD-341986,SHP-01291,BLR,SKU-017,2024-09-02 01:18:56,2024-09-02 03:09:33,2024-09-02 05:30:50,2024-09-02 07:52:08,2024-09-02 08:57:34,2024-09-02 08:39:34,Shift C,Team 3
ORD-238747,SHP-01292,BLR,SKU-015,2024-12-23 00:36:02,2024-12-23 01:46:57,2024-12-23 04:06:41,2024-12-23 06:26:25,2024-12-23 08:24:12,2024-12-23 08:16:12,Shift B,Team 3
ORD-514313,SHP-01293,DEL,SKU-016,2024-10-13 01:18:35,2024-10-13 02:50:28,2024-10-13 04:08:18,2024-10-13 05:26:07,2024-10-13 07:16:39,2024-10-13 06:58:39,Shift B,Team 3
ORD-437803,SHP-01294,DEL,SKU-009,2024-11-29 01:20:01,2024-11-29 03:15:20,2024-11-29 05:44:05,2024-11-29 08:12:51,2024-11-29 09:31:37,2024-11-29 09:17:37,Shift A,Team 3
ORD-125012,SHP-01295,MUM,SKU-010,2024-09-13 00:31:51,2024-09-13 02:22:35,2024-09-13 03:58:20,2024-09-13 05:34:04,2024-09-13 09:00:19,2024-09-13 10:04:41,Shift C,Team 1
ORD-150237,SHP-01296,DEL,SKU-024,2024-11-13 00:58:36,2024-11-13 02:16:43,2024-11-13 04:18:26,2024-11-13 06:20:08,2024-11-13 07:39:10,2024-11-13 07:19:10,Shift C,Team 1
ORD-886270,SHP-01297,MUM,SKU-006,2024-11-02 01:19:30,2024-11-02 03:26:58,2024-11-02 05:55:02,2024-11-02 08:23:06,2024-11-02 07:53:29,2024-11-02 07:34:29,Shift A,Team 1
ORD-535450,SHP-01298,MUM,SKU-003,2025-02-15 01:00:30,2025-02-15 02:48:18,2025-02-15 05:13:36,2025-02-15 07:38:54,2025-02-15 08:22:47,2025-02-15 08:18:47,Shift A,Team 3
ORD-370451,SHP-01299,DEL,SKU-029,2024-10-29 01:11:08,2024-10-29 02:32:59,2024-10-29 03:41:09,2024-10-29 04:49:20,2024-10-29 08:46:28,2024-10-29 08:33:28,Shift B,Team 3
ORD-185879,SHP-01300,BLR,SKU-016,2024-09-18 01:13:33,2024-09-18 02:43:48,2024-09-18 04:55:39,2024-09-18 07:07:31,2024-09-18 09:14:43,2024-09-18 08:55:43,Shift A,Team 1
ORD-805257,SHP-01301,MUM,SKU-012,2024-11-07 00:51:14,2024-11-07 02:32:19,2024-11-07 04:17:57,2024-11-07 06:03:35,2024-11-07 08:20:45,2024-11-07 08:17:45,Shift C,Team 3
ORD-900882,SHP-01302,DEL,SKU-015,2025-02-12 00:59:34,2025-02-12 03:18:14,2025-02-12 05:19:32,2025-02-12 07:20:50,2025-02-12 09:24:11,2025-02-12 09:21:11,Shift A,Team 3
ORD-493706,SHP-01303,BLR,SKU-002,2025-01-14 01:01:44,2025-01-14 02:13:41,2025-01-14 03:26:44,2025-01-14 04:39:48,2025-01-14 09:42:24,2025-01-14 09:23:24,Shift C,Team 3
ORD-819950,SHP-01304,MUM,SKU-003,2024-11-04 01:27:53,2024-11-04 03:03:22,2024-11-04 05:03:16,2024-11-04 07:03:11,2024-11-04 08:09:44,2024-11-04 07:40:44,Shift C,Team 3
ORD-306194,SHP-01305,DEL,SKU-005,2025-01-30 01:18:56,2025-01-30 03:22:53,2025-01-30 05:31:51,2025-01-30 07:40:50,2025-01-30 07:07:16,2025-01-30 06:55:16,Shift C,Team 1
ORD-797628,SHP-01306,BLR,SKU-018,2025-01-11 00:50:10,2025-01-11 02:23:10,2025-01-11 03:30:26,2025-01-11 04:37:42,2025-01-11 07:41:39,2025-01-11 07:38:39,Shift B,Team 3
ORD-588850,SHP-01307,DEL,SKU-017,2025-01-12 01:27:53,2025-01-12 02:59:24,2025-01-12 05:23:48,2025-01-12 07:48:11,2025-01-12 09:24:50,2025-01-12 09:05:50,Shift C,Team 1
ORD-432409,SHP-01308,MUM,SKU-012,2025-01-19 00:39:42,2025-01-19 02:22:37,2025-01-19 04:21:07,2025-01-19 06:19:36,2025-01-19 08:00:55,2025-01-19 07:35:55,Shift C,Team 2
ORD-232587,SHP-01309,BLR,SKU-025,2025-01-29 01:26:46,2025-01-29 03:14:06,2025-01-29 05:18:44,2025-01-29 07:23:22,2025-01-29 09:20:22,2025-01-29 12:32:11,Shift A,Team 3
ORD-246495,SHP-01310,BLR,SKU-001,2024-09-09 01:17:40,2024-09-09 02:34:06,2024-09-09 04:30:21,2024-09-09 06:26:35,2024-09-09 07:47:41,2024-09-09 09:33:20,Shift A,Team 2
ORD-651833,SHP-01311,MUM,SKU-014,2024-12-22 01:08:19,2024-12-22 03:27:32,2024-12-22 04:44:57,2024-12-22 06:02:22,2024-12-22 09:08:46,2024-12-22 09:02:46,Shift C,Team 2
ORD-503079,SHP-01312,MUM,SKU-008,2024-09-24 01:06:28,2024-09-24 03:15:45,2024-09-24 05:07:48,2024-09-24 06:59:52,2024-09-24 09:52:31,2024-09-24 09:52:31,Shift A,Team 3
ORD-852651,SHP-01313,BLR,SKU-007,2024-12-30 00:38:16,2024-12-30 01:38:24,2024-12-30 03:18:05,2024-12-30 04:57:47,2024-12-30 07:46:20,2024-12-30 11:43:08,Shift A,Team 1
ORD-374515,SHP-01314,BLR,SKU-001,2024-10-11 01:27:13,2024-10-11 03:29:56,2024-10-11 05:04:37,2024-10-11 06:39:18,2024-10-11 08:59:58,2024-10-11 08:34:58,Shift A,Team 3
ORD-350332,SHP-01315,MUM,SKU-012,2025-02-05 01:25:35,2025-02-05 02:56:28,2025-02-05 05:15:11,2025-02-05 07:33:54,2025-02-05 09:42:28,2025-02-05 09:39:28,Shift B,Team 3
ORD-756068,SHP-01316,DEL,SKU-012,2024-12-20 01:28:10,2024-12-20 03:00:13,2024-12-20 04:00:36,2024-12-20 05:00:59,2024-12-20 07:35:01,2024-12-20 07:28:01,Shift C,Team 3
ORD-584904,SHP-01317,DEL,SKU-030,2025-01-20 00:31:49,2025-01-20 02:44:42,2025-01-20 05:13:38,2025-01-20 07:42:34,2025-01-20 08:52:05,2025-01-20 08:38:05,Shift B,Team 2
ORD-254499,SHP-01318,DEL,SKU-024,2024-12-26 00:56:57,2024-12-26 03:11:37,2024-12-26 04:32:07,2024-12-26 05:52:36,2024-12-26 08:50:12,2024-12-26 14:13:36,Shift A,Team 3
ORD-699329,SHP-01319,BLR,SKU-009,2024-11-11 00:46:30,2024-11-11 01:54:12,2024-11-11 03:22:14,2024-11-11 04:50:15,2024-11-11 09:40:52,2024-11-11 09:19:52,Shift C,Team 1
ORD-459965,SHP-01320,DEL,SKU-018,2024-11-08 01:11:25,2024-11-08 03:11:42,2024-11-08 05:41:29,2024-11-08 08:11:17,2024-11-08 09:29:18,2024-11-08 09:13:18,Shift A,Team 3
ORD-765913,SHP-01321,DEL,SKU-001,2024-10-03 00:38:57,2024-10-03 02:27:55,2024-10-03 03:29:36,2024-10-03 04:31:16,2024-10-03 08:24:58,2024-10-03 08:07:58,Shift B,Team 2
ORD-731770,SHP-01322,MUM,SKU-028,2024-10-14 01:09:18,2024-10-14 02:52:17,2024-10-14 05:10:43,2024-10-14 07:29:08,2024-10-14 07:21:49,2024-10-14 06:57:49,Shift A,Team 2
ORD-986795,SHP-01323,BLR,SKU-006,2024-09-15 01:28:31,2024-09-15 02:59:46,2024-09-15 04:21:51,2024-09-15 05:43:55,2024-09-15 09:05:56,2024-09-15 08:41:56,Shift C,Team 3
ORD-273451,SHP-01324,MUM,SKU-012,2024-09-02 00:32:16,2024-09-02 01:53:22,2024-09-02 03:00:09,2024-09-02 04:06:56,2024-09-02 08:51:43,2024-09-02 08:32:43,Shift A,Team 2
ORD-534607,SHP-01325,DEL,SKU-006,2024-12-28 01:00:57,2024-12-28 02:42:46,2024-12-28 04:14:20,2024-12-28 05:45:54,2024-12-28 08:20:11,2024-12-28 08:14:11,Shift B,Team 2
ORD-391945,SHP-01326,MUM,SKU-003,2024-10-05 00:40:02,2024-10-05 01:41:16,2024-10-05 04:05:30,2024-10-05 06:29:44,2024-10-05 07:10:12,2024-10-05 07:10:12,Shift A,Team 3
ORD-837646,SHP-01327,BLR,SKU-026,2025-01-25 01:23:09,2025-01-25 02:48:37,2025-01-25 03:54:39,2025-01-25 05:00:41,2025-01-25 07:30:28,2025-01-25 07:22:28,Shift C,Team 3
ORD-221788,SHP-01328,MUM,SKU-014,2025-01-31 00:37:18,2025-01-31 01:57:11,2025-01-31 02:59:21,2025-01-31 04:01:31,2025-01-31 08:52:32,2025-01-31 08:32:32,Shift A,Team 2
ORD-546783,SHP-01329,MUM,SKU-002,2024-10-25 00:50:58,2024-10-25 02:54:01,2024-10-25 04:37:38,2024-10-25 06:21:15,2024-10-25 08:37:25,2024-10-25 09:09:01,Shift B,Team 1
ORD-125712,SHP-01330,MUM,SKU-029,2024-12-02 00:50:19,2024-12-02 02:58:06,2024-12-02 04:25:25,2024-12-02 05:52:45,2024-12-02 08:51:21,2024-12-02 10:19:25,Shift B,Team 3
ORD-981759,SHP-01331,MUM,SKU-023,2024-09-10 00:44:53,2024-09-10 02:21:59,2024-09-10 03:48:12,2024-09-10 05:14:25,2024-09-10 08:20:09,2024-09-10 07:50:09,Shift B,Team 2
ORD-807594,SHP-01332,MUM,SKU-005,2025-02-09 00:50:20,2025-02-09 02:38:57,2025-02-09 03:50:11,2025-02-09 05:01:26,2025-02-09 07:24:10,2025-02-09 06:54:10,Shift C,Team 3
ORD-507535,SHP-01333,DEL,SKU-007,2024-12-24 01:25:07,2024-12-24 03:23:44,2024-12-24 04:48:05,2024-12-24 06:12:25,2024-12-24 09:44:23,2024-12-24 09:22:23,Shift C,Team 1
ORD-739369,SHP-01334,MUM,SKU-001,2025-01-05 00:45:33,2025-01-05 02:21:40,2025-01-05 03:31:13,2025-01-05 04:40:45,2025-01-05 07:46:56,2025-01-05 07:37:56,Shift A,Team 1
ORD-821520,SHP-01335,MUM,SKU-015,2024-09-25 01:06:17,2024-09-25 02:24:23,2024-09-25 04:16:03,2024-09-25 06:07:42,2024-09-25 08:16:38,2024-09-25 07:46:38,Shift A,Team 1
ORD-509126,SHP-01336,BLR,SKU-022,2024-11-20 01:12:53,2024-11-20 03:32:41,2024-11-20 05:13:06,2024-11-20 06:53:32,2024-11-20 08:19:29,2024-11-20 11:54:12,Shift A,Team 2
ORD-287252,SHP-01337,BLR,SKU-003,2024-09-03 01:22:37,2024-09-03 03:00:22,2024-09-03 04:46:20,2024-09-03 06:32:18,2024-09-03 09:48:28,2024-09-03 15:30:57,Shift C,Team 2
ORD-326874,SHP-01338,BLR,SKU-002,2024-12-22 01:01:58,2024-12-22 02:42:09,2024-12-22 04:38:00,2024-12-22 06:33:52,2024-12-22 07:15:29,2024-12-22 06:50:29,Shift A,Team 1
ORD-175980,SHP-01339,DEL,SKU-021,2025-01-19 01:26:14,2025-01-19 03:07:25,2025-01-19 04:21:02,2025-01-19 05:34:39,2025-01-19 09:50:55,2025-01-19 09:31:55,Shift C,Team 1
ORD-461444,SHP-01340,BLR,SKU-023,2024-11-17 00:44:10,2024-11-17 02:36:17,2024-11-17 04:24:42,2024-11-17 06:13:07,2024-11-17 07:38:59,2024-11-17 07:36:59,Shift C,Team 3
ORD-613493,SHP-01341,DEL,SKU-021,2024-11-12 01:28:01,2024-11-12 02:53:06,2024-11-12 04:12:15,2024-11-12 05:31:24,2024-11-12 08:17:36,2024-11-12 07:56:36,Shift B,Team 1
ORD-935353,SHP-01342,DEL,SKU-003,2024-11-27 01:10:11,2024-11-27 02:57:08,2024-11-27 04:10:23,2024-11-27 05:23:38,2024-11-27 09:56:47,2024-11-27 12:51:30,Shift C,Team 1
ORD-612611,SHP-01343,MUM,SKU-002,2025-01-19 00:30:52,2025-01-19 02:10:30,2025-01-19 03:36:51,2025-01-19 05:03:12,2025-01-19 08:46:03,2025-01-19 08:44:03,Shift C,Team 2
ORD-774757,SHP-01344,BLR,SKU-023,2025-01-24 01:18:06,2025-01-24 03:33:31,2025-01-24 05:07:07,2025-01-24 06:40:43,2025-01-24 07:32:07,2025-01-24 07:10:07,Shift A,Team 2
ORD-815327,SHP-01345,DEL,SKU-007,2024-09-03 01:24:09,2024-09-03 02:36:43,2024-09-03 03:41:14,2024-09-03 04:45:45,2024-09-03 09:19:56,2024-09-03 13:30:27,Shift A,Team 1
ORD-327091,SHP-01346,MUM,SKU-019,2024-09-16 01:26:54,2024-09-16 02:41:13,2024-09-16 05:06:58,2024-09-16 07:32:44,2024-09-16 09:19:44,2024-09-16 09:08:44,Shift B,Team 2
ORD-653339,SHP-01347,DEL,SKU-008,2024-09-11 00:53:21,2024-09-11 02:36:54,2024-09-11 03:53:30,2024-09-11 05:10:07,2024-09-11 09:33:28,2024-09-11 09:16:28,Shift B,Team 1
ORD-784653,SHP-01348,DEL,SKU-026,2024-09-23 01:16:49,2024-09-23 02:58:01,2024-09-23 04:43:33,2024-09-23 06:29:06,2024-09-23 09:21:46,2024-09-23 09:14:46,Shift B,Team 2
ORD-482486,SHP-01349,BLR,SKU-024,2024-12-25 00:38:30,2024-12-25 02:05:57,2024-12-25 03:36:35,2024-12-25 05:07:13,2024-12-25 07:03:32,2024-12-25 06:38:32,Shift C,Team 2
ORD-315258,SHP-01350,MUM,SKU-006,2024-10-07 01:13:26,2024-10-07 02:13:30,2024-10-07 04:32:01,2024-10-07 06:50:31,2024-10-07 09:26:00,2024-10-07 09:06:00,Shift A,Team 1
ORD-479053,SHP-01351,MUM,SKU-007,2024-11-28 01:06:20,2024-11-28 03:09:08,2024-11-28 04:27:38,2024-11-28 05:46:08,2024-11-28 09:43:48,2024-11-28 09:14:48,Shift B,Team 1
ORD-632848,SHP-01352,BLR,SKU-022,2025-01-25 01:28:31,2025-01-25 03:42:29,2025-01-25 05:19:00,2025-01-25 06:55:30,2025-01-25 07:22:30,2025-01-25 07:09:30,Shift C,Team 1
ORD-768460,SHP-01353,MUM,SKU-016,2024-09-21 01:13:56,2024-09-21 03:02:11,2024-09-21 04:57:40,2024-09-21 06:53:09,2024-09-21 09:59:38,2024-09-21 09:36:38,Shift C,Team 1
ORD-979294,SHP-01354,MUM,SKU-028,2025-01-15 01:18:09,2025-01-15 03:31:38,2025-01-15 04:34:07,2025-01-15 05:36:36,2025-01-15 07:07:49,2025-01-15 06:52:49,Shift A,Team 1
ORD-816126,SHP-01355,MUM,SKU-017,2024-11-10 00:46:20,2024-11-10 02:20:18,2024-11-10 04:35:08,2024-11-10 06:49:58,2024-11-10 07:44:33,2024-11-10 07:43:33,Shift C,Team 3
ORD-280108,SHP-01356,BLR,SKU-008,2024-10-03 01:17:02,2024-10-03 03:23:01,2024-10-03 04:30:10,2024-10-03 05:37:18,2024-10-03 08:27:52,2024-10-03 07:57:52,Shift C,Team 2
ORD-470296,SHP-01357,MUM,SKU-020,2025-01-13 00:47:01,2025-01-13 02:21:53,2025-01-13 04:01:17,2025-01-13 05:40:40,2025-01-13 08:54:38,2025-01-13 08:42:38,Shift B,Team 3
ORD-102799,SHP-01358,DEL,SKU-008,2024-11-10 00:44:18,2024-11-10 03:06:14,2024-11-10 04:47:29,2024-11-10 06:28:45,2024-11-10 07:14:16,2024-11-10 06:59:16,Shift B,Team 1
ORD-571008,SHP-01359,DEL,SKU-011,2024-10-20 01:12:28,2024-10-20 03:24:28,2024-10-20 05:39:23,2024-10-20 07:54:18,2024-10-20 07:45:53,2024-10-20 07:29:53,Shift A,Team 3
ORD-592789,SHP-01360,BLR,SKU-029,2024-12-22 00:56:13,2024-12-22 02:07:12,2024-12-22 03:20:38,2024-12-22 04:34:03,2024-12-22 09:10:23,2024-12-22 09:02:23,Shift B,Team 3
ORD-851273,SHP-01361,DEL,SKU-010,2024-12-16 00:40:13,2024-12-16 02:25:45,2024-12-16 04:45:09,2024-12-16 07:04:34,2024-12-16 07:45:07,2024-12-16 07:26:07,Shift A,Team 2
ORD-899048,SHP-01362,DEL,SKU-009,2024-11-03 01:00:11,2024-11-03 02:42:29,2024-11-03 04:20:08,2024-11-03 05:57:47,2024-11-03 09:03:29,2024-11-03 08:43:29,Shift A,Team 3
ORD-264637,SHP-01363,DEL,SKU-027,2024-09-04 00:39:39,2024-09-04 01:58:06,2024-09-04 03:17:48,2024-09-04 04:37:29,2024-09-04 09:30:12,2024-09-04 09:04:12,Shift C,Team 3
ORD-448144,SHP-01364,DEL,SKU-012,2024-09-22 01:19:01,2024-09-22 02:33:21,2024-09-22 04:01:37,2024-09-22 05:29:53,2024-09-22 07:02:34,2024-09-22 06:59:34,Shift A,Team 3
ORD-481086,SHP-01365,MUM,SKU-001,2024-11-18 00:42:41,2024-11-18 03:09:58,2024-11-18 05:09:32,2024-11-18 07:09:06,2024-11-18 09:09:18,2024-11-18 11:04:38,Shift A,Team 1
ORD-418321,SHP-01366,DEL,SKU-026,2024-09-23 01:16:50,2024-09-23 02:54:37,2024-09-23 05:17:45,2024-09-23 07:40:53,2024-09-23 08:05:24,2024-09-23 07:57:24,Shift C,Team 3
ORD-235078,SHP-01367,MUM,SKU-016,2025-01-10 00:36:37,2025-01-10 03:02:10,2025-01-10 05:00:40,2025-01-10 06:59:09,2025-01-10 07:01:16,2025-01-10 06:44:16,Shift B,Team 1
ORD-113489,SHP-01368,BLR,SKU-009,2025-02-16 01:05:20,2025-02-16 02:26:06,2025-02-16 03:33:42,2025-02-16 04:41:19,2025-02-16 09:03:24,2025-02-16 08:52:24,Shift A,Team 2
ORD-235268,SHP-01369,MUM,SKU-007,2024-12-03 00:56:24,2024-12-03 02:32:28,2024-12-03 04:55:19,2024-12-03 07:18:10,2024-12-03 09:50:17,2024-12-03 09:38:17,Shift A,Team 2
ORD-785971,SHP-01370,BLR,SKU-012,2024-12-13 01:25:55,2024-12-13 03:39:24,2024-12-13 05:44:10,2024-12-13 07:48:56,2024-12-13 09:35:02,2024-12-13 09:23:02,Shift C,Team 1
ORD-299649,SHP-01371,MUM,SKU-007,2024-11-08 00:32:48,2024-11-08 02:04:33,2024-11-08 03:05:19,2024-11-08 04:06:04,2024-11-08 09:47:05,2024-11-08 09:43:05,Shift C,Team 2
ORD-959071,SHP-01372,MUM,SKU-029,2024-12-07 01:05:10,2024-12-07 02:33:08,2024-12-07 04:52:23,2024-12-07 07:11:37,2024-12-07 07:12:42,2024-12-07 07:03:42,Shift C,Team 2
ORD-946073,SHP-01373,DEL,SKU-013,2025-02-06 01:04:23,2025-02-06 02:52:44,2025-02-06 04:37:18,2025-02-06 06:21:52,2025-02-06 08:40:29,2025-02-06 08:36:29,Shift A,Team 3
ORD-990682,SHP-01374,MUM,SKU-009,2024-11-01 00:58:04,2024-11-01 02:24:59,2024-11-01 03:49:49,2024-11-01 05:14:39,2024-11-01 08:17:36,2024-11-01 08:00:36,Shift C,Team 1
ORD-535728,SHP-01375,MUM,SKU-014,2025-02-14 00:51:42,2025-02-14 01:55:21,2025-02-14 04:15:29,2025-02-14 06:35:38,2025-02-14 09:28:50,2025-02-14 09:07:50,Shift C,Team 2
ORD-981049,SHP-01376,BLR,SKU-030,2025-02-16 00:43:55,2025-02-16 02:31:17,2025-02-16 04:41:56,2025-02-16 06:52:36,2025-02-16 07:11:06,2025-02-16 07:07:06,Shift B,Team 3
ORD-594136,SHP-01377,DEL,SKU-009,2024-09-21 00:48:19,2024-09-21 03:05:47,2024-09-21 04:44:39,2024-09-21 06:23:30,2024-09-21 07:44:14,2024-09-21 07:42:14,Shift C,Team 3
ORD-316364,SHP-01378,BLR,SKU-022,2024-11-08 00:45:24,2024-11-08 01:50:25,2024-11-08 02:58:25,2024-11-08 04:06:26,2024-11-08 09:59:58,2024-11-08 09:52:58,Shift A,Team 2
ORD-364997,SHP-01379,DEL,SKU-015,2024-11-27 00:44:30,2024-11-27 01:46:17,2024-11-27 02:53:24,2024-11-27 04:00:30,2024-11-27 09:24:10,2024-11-27 09:03:10,Shift A,Team 1
ORD-509955,SHP-01380,DEL,SKU-021,2025-02-13 00:31:17,2025-02-13 02:03:06,2025-02-13 03:48:16,2025-02-13 05:33:25,2025-02-13 08:34:09,2025-02-13 08:30:09,Shift B,Team 3
ORD-819086,SHP-01381,MUM,SKU-024,2025-02-16 01:11:47,2025-02-16 02:43:47,2025-02-16 04:35:02,2025-02-16 06:26:17,2025-02-16 07:13:28,2025-02-16 06:54:28,Shift C,Team 2
ORD-447380,SHP-01382,MUM,SKU-004,2024-11-17 00:57:26,2024-11-17 02:20:12,2024-11-17 04:01:08,2024-11-17 05:42:04,2024-11-17 07:38:00,2024-11-17 07:24:00,Shift C,Team 1
ORD-787748,SHP-01383,DEL,SKU-025,2024-10-02 01:27:27,2024-10-02 03:46:37,2024-10-02 05:04:36,2024-10-02 06:22:34,2024-10-02 09:08:16,2024-10-02 09:01:16,Shift A,Team 2
ORD-708286,SHP-01384,MUM,SKU-027,2024-10-03 00:49:41,2024-10-03 03:16:53,2024-10-03 05:42:51,2024-10-03 08:08:49,2024-10-03 08:17:45,2024-10-03 07:56:45,Shift B,Team 3
ORD-714831,SHP-01385,MUM,SKU-028,2024-10-19 01:29:13,2024-10-19 03:41:55,2024-10-19 05:30:45,2024-10-19 07:19:35,2024-10-19 08:03:58,2024-10-19 11:31:14,Shift A,Team 2
ORD-106366,SHP-01386,MUM,SKU-003,2025-01-08 01:09:51,2025-01-08 02:16:00,2025-01-08 04:14:48,2025-01-08 06:13:36,2025-01-08 07:58:51,2025-01-08 07:30:51,Shift B,Team 1
ORD-945208,SHP-01387,DEL,SKU-004,2024-10-22 00:32:45,2024-10-22 01:43:47,2024-10-22 03:39:07,2024-10-22 05:34:26,2024-10-22 07:19:57,2024-10-22 06:56:57,Shift B,Team 3
ORD-203510,SHP-01388,BLR,SKU-014,2025-01-05 00:55:55,2025-01-05 02:19:39,2025-01-05 03:57:52,2025-01-05 05:36:05,2025-01-05 08:54:05,2025-01-05 08:24:05,Shift C,Team 3
ORD-977089,SHP-01389,MUM,SKU-006,2024-10-08 00:40:05,2024-10-08 01:57:43,2024-10-08 04:09:52,2024-10-08 06:22:01,2024-10-08 08:36:36,2024-10-08 08:20:36,Shift A,Team 3
ORD-832043,SHP-01390,BLR,SKU-006,2025-02-18 01:21:36,2025-02-18 03:36:53,2025-02-18 05:20:33,2025-02-18 07:04:13,2025-02-18 07:34:25,2025-02-18 07:11:25,Shift A,Team 3
ORD-931712,SHP-01391,MUM,SKU-024,2025-02-15 01:20:18,2025-02-15 03:40:05,2025-02-15 04:44:27,2025-02-15 05:48:50,2025-02-15 07:00:42,2025-02-15 06:31:42,Shift C,Team 1
ORD-674879,SHP-01392,MUM,SKU-008,2024-10-31 01:19:00,2024-10-31 03:03:30,2024-10-31 04:10:26,2024-10-31 05:17:22,2024-10-31 09:02:20,2024-10-31 11:15:34,Shift A,Team 2
ORD-418935,SHP-01393,BLR,SKU-013,2024-12-08 01:13:13,2024-12-08 03:14:03,2024-12-08 04:25:30,2024-12-08 05:36:57,2024-12-08 08:37:12,2024-12-08 08:32:12,Shift A,Team 2
ORD-833412,SHP-01394,MUM,SKU-006,2024-11-21 00:36:03,2024-11-21 01:47:37,2024-11-21 03:57:27,2024-11-21 06:07:16,2024-11-21 08:54:38,2024-11-21 08:34:38,Shift C,Team 2
ORD-456371,SHP-01395,BLR,SKU-013,2024-12-19 00:46:26,2024-12-19 02:18:06,2024-12-19 04:29:47,2024-12-19 06:41:28,2024-12-19 07:54:51,2024-12-19 09:54:10,Shift C,Team 3
ORD-148992,SHP-01396,DEL,SKU-006,2024-10-06 01:11:19,2024-10-06 02:24:51,2024-10-06 03:33:18,2024-10-06 04:41:45,2024-10-06 08:13:26,2024-10-06 08:06:26,Shift A,Team 1
ORD-914002,SHP-01397,DEL,SKU-015,2024-10-22 01:06:05,2024-10-22 03:34:47,2024-10-22 05:06:32,2024-10-22 06:38:17,2024-10-22 07:51:49,2024-10-22 07:39:49,Shift A,Team 2
ORD-556552,SHP-01398,DEL,SKU-026,2025-01-04 00:37:41,2025-01-04 01:59:20,2025-01-04 03:47:48,2025-01-04 05:36:16,2025-01-04 07:02:36,2025-01-04 06:47:36,Shift A,Team 2
ORD-678985,SHP-01399,MUM,SKU-027,2025-01-14 00:48:49,2025-01-14 03:13:49,2025-01-14 05:07:24,2025-01-14 07:00:58,2025-01-14 07:51:05,2025-01-14 07:23:05,Shift C,Team 1
ORD-186461,SHP-01400,DEL,SKU-010,2024-09-24 00:39:34,2024-09-24 01:52:16,2024-09-24 03:17:45,2024-09-24 04:43:14,2024-09-24 09:15:32,2024-09-24 09:00:32,Shift B,Team 2
ORD-349518,SHP-01401,DEL,SKU-026,2024-10-01 00:46:48,2024-10-01 01:48:06,2024-10-01 04:14:01,2024-10-01 06:39:57,2024-10-01 09:12:45,2024-10-01 09:07:45,Shift A,Team 2
ORD-659569,SHP-01402,BLR,SKU-010,2024-10-06 01:00:55,2024-10-06 03:17:52,2024-10-06 05:15:26,2024-10-06 07:13:00,2024-10-06 08:49:27,2024-10-06 08:45:27,Shift C,Team 1
ORD-593761,SHP-01403,MUM,SKU-002,2024-12-17 00:45:53,2024-12-17 01:46:15,2024-12-17 04:09:45,2024-12-17 06:33:16,2024-12-17 07:04:19,2024-12-17 06:50:19,Shift A,Team 3
ORD-990813,SHP-01404,MUM,SKU-014,2025-01-29 00:59:03,2025-01-29 02:59:17,2025-01-29 04:14:56,2025-01-29 05:30:35,2025-01-29 09:06:28,2025-01-29 08:37:28,Shift B,Team 1
ORD-330881,SHP-01405,MUM,SKU-024,2024-12-07 00:37:45,2024-12-07 02:56:02,2024-12-07 04:38:45,2024-12-07 06:21:29,2024-12-07 08:28:06,2024-12-07 08:20:06,Shift B,Team 3
ORD-409347,SHP-01406,DEL,SKU-010,2024-10-31 00:56:27,2024-10-31 02:02:17,2024-10-31 03:13:44,2024-10-31 04:25:11,2024-10-31 09:50:27,2024-10-31 09:41:27,Shift C,Team 3
ORD-289841,SHP-01407,MUM,SKU-024,2024-11-03 01:03:26,2024-11-03 02:13:03,2024-11-03 03:55:11,2024-11-03 05:37:19,2024-11-03 09:43:38,2024-11-03 09:40:38,Shift A,Team 2
ORD-690904,SHP-01408,MUM,SKU-027,2025-01-29 00:50:22,2025-01-29 02:51:52,2025-01-29 04:44:05,2025-01-29 06:36:17,2025-01-29 08:43:52,2025-01-29 08:24:52,Shift B,Team 2
ORD-728709,SHP-01409,MUM,SKU-005,2024-09-05 00:45:58,2024-09-05 02:27:36,2024-09-05 03:32:12,2024-09-05 04:36:47,2024-09-05 07:12:24,2024-09-05 06:52:24,Shift C,Team 1
ORD-923399,SHP-01410,DEL,SKU-028,2025-02-12 00:35:53,2025-02-12 02:55:30,2025-02-12 05:10:15,2025-02-12 07:25:00,2025-02-12 07:44:55,2025-02-12 07:39:55,Shift B,Team 3
ORD-843064,SHP-01411,DEL,SKU-012,2025-01-01 00:58:21,2025-01-01 03:15:16,2025-01-01 05:03:50,2025-01-01 06:52:24,2025-01-01 09:39:21,2025-01-01 09:11:21,Shift B,Team 2
ORD-249732,SHP-01412,DEL,SKU-019,2024-11-02 00:47:16,2024-11-02 02:27:27,2024-11-02 03:44:28,2024-11-02 05:01:28,2024-11-02 09:29:48,2024-11-02 09:25:48,Shift B,Team 2
ORD-815997,SHP-01413,DEL,SKU-011,2024-12-01 01:06:10,2024-12-01 03:00:30,2024-12-01 04:04:25,2024-12-01 05:08:19,2024-12-01 07:20:08,2024-12-01 07:16:08,Shift A,Team 1
ORD-697674,SHP-01414,BLR,SKU-019,2025-01-21 01:29:11,2025-01-21 03:00:22,2025-01-21 04:22:11,2025-01-21 05:44:01,2025-01-21 08:05:16,2025-01-21 07:36:16,Shift B,Team 3
ORD-140869,SHP-01415,MUM,SKU-029,2024-10-27 00:35:15,2024-10-27 02:01:09,2024-10-27 03:17:25,2024-10-27 04:33:41,2024-10-27 07:16:07,2024-10-27 08:47:49,Shift A,Team 2
ORD-276042,SHP-01416,DEL,SKU-014,2024-11-19 00:40:38,2024-11-19 02:55:37,2024-11-19 04:59:11,2024-11-19 07:02:44,2024-11-19 09:09:53,2024-11-19 09:07:53,Shift A,Team 1
ORD-843775,SHP-01417,BLR,SKU-023,2024-09-08 00:32:45,2024-09-08 02:37:17,2024-09-08 04:52:22,2024-09-08 07:07:26,2024-09-08 07:45:12,2024-09-08 07:37:12,Shift C,Team 3
ORD-638986,SHP-01418,DEL,SKU-009,2024-12-22 00:47:24,2024-12-22 02:06:19,2024-12-22 03:20:45,2024-12-22 04:35:11,2024-12-22 09:25:30,2024-12-22 09:23:30,Shift A,Team 2
ORD-884684,SHP-01419,MUM,SKU-006,2024-10-12 00:45:10,2024-10-12 01:59:14,2024-10-12 04:07:39,2024-10-12 06:16:04,2024-10-12 07:01:20,2024-10-12 06:41:20,Shift A,Team 1
ORD-705832,SHP-01420,DEL,SKU-013,2024-09-03 00:39:00,2024-09-03 03:01:48,2024-09-03 05:27:59,2024-09-03 07:54:10,2024-09-03 08:30:02,2024-09-03 08:16:02,Shift C,Team 3
ORD-107374,SHP-01421,MUM,SKU-012,2024-09-18 01:00:31,2024-09-18 03:16:45,2024-09-18 05:02:25,2024-09-18 06:48:04,2024-09-18 08:20:17,2024-09-18 07:59:17,Shift C,Team 2
ORD-210968,SHP-01422,MUM,SKU-002,2024-10-15 00:58:56,2024-10-15 02:04:01,2024-10-15 04:26:27,2024-10-15 06:48:53,2024-10-15 09:15:06,2024-10-15 09:15:06,Shift C,Team 1
ORD-977764,SHP-01423,MUM,SKU-005,2024-09-08 00:32:36,2024-09-08 01:36:31,2024-09-08 02:41:55,2024-09-08 03:47:19,2024-09-08 08:54:08,2024-09-08 08:38:08,Shift C,Team 3
ORD-986718,SHP-01424,DEL,SKU-010,2024-10-12 01:13:51,2024-10-12 02:52:01,2024-10-12 05:18:11,2024-10-12 07:44:20,2024-10-12 09:39:14,2024-10-12 09:28:14,Shift C,Team 1
ORD-444310,SHP-01425,BLR,SKU-004,2024-12-31 01:03:05,2024-12-31 02:13:56,2024-12-31 03:28:51,2024-12-31 04:43:46,2024-12-31 09:53:30,2024-12-31 09:46:30,Shift C,Team 2
ORD-997896,SHP-01426,BLR,SKU-026,2025-01-16 00:47:21,2025-01-16 02:59:39,2025-01-16 04:57:03,2025-01-16 06:54:27,2025-01-16 09:08:06,2025-01-16 08:57:06,Shift A,Team 1
ORD-884511,SHP-01427,MUM,SKU-023,2025-01-28 01:08:54,2025-01-28 03:36:24,2025-01-28 05:36:42,2025-01-28 07:37:01,2025-01-28 08:35:06,2025-01-28 13:19:36,Shift C,Team 3
ORD-968985,SHP-01428,DEL,SKU-003,2024-09-20 00:50:03,2024-09-20 02:57:25,2024-09-20 05:03:33,2024-09-20 07:09:41,2024-09-20 08:23:47,2024-09-20 08:13:47,Shift A,Team 3
ORD-688063,SHP-01429,BLR,SKU-028,2025-02-05 01:28:22,2025-02-05 03:36:26,2025-02-05 05:50:01,2025-02-05 08:03:36,2025-02-05 07:19:28,2025-02-05 07:04:28,Shift C,Team 3
ORD-210009,SHP-01430,DEL,SKU-012,2025-01-29 00:53:45,2025-01-29 02:54:28,2025-01-29 04:26:46,2025-01-29 05:59:05,2025-01-29 08:04:58,2025-01-29 07:54:58,Shift C,Team 2
ORD-515158,SHP-01431,MUM,SKU-010,2024-11-03 01:17:20,2024-11-03 02:18:28,2024-11-03 04:29:11,2024-11-03 06:39:53,2024-11-03 09:18:26,2024-11-03 13:41:12,Shift C,Team 1
ORD-696087,SHP-01432,BLR,SKU-018,2024-10-20 00:56:51,2024-10-20 02:25:11,2024-10-20 03:41:36,2024-10-20 04:58:00,2024-10-20 09:12:37,2024-10-20 08:52:37,Shift A,Team 3
ORD-620556,SHP-01433,DEL,SKU-015,2025-01-11 00:38:22,2025-01-11 01:39:09,2025-01-11 02:53:32,2025-01-11 04:07:55,2025-01-11 07:23:01,2025-01-11 07:15:01,Shift C,Team 2
ORD-741434,SHP-01434,BLR,SKU-026,2025-02-04 00:50:18,2025-02-04 02:33:30,2025-02-04 04:26:24,2025-02-04 06:19:19,2025-02-04 09:09:39,2025-02-04 09:05:39,Shift C,Team 3
ORD-427819,SHP-01435,DEL,SKU-026,2024-12-16 00:43:47,2024-12-16 02:19:28,2024-12-16 03:23:31,2024-12-16 04:27:35,2024-12-16 07:25:54,2024-12-16 07:19:54,Shift B,Team 3
ORD-938830,SHP-01436,MUM,SKU-021,2024-10-07 00:33:26,2024-10-07 02:29:08,2024-10-07 04:11:36,2024-10-07 05:54:04,2024-10-07 07:39:43,2024-10-07 07:34:43,Shift B,Team 2
ORD-145314,SHP-01437,MUM,SKU-008,2024-10-09 01:05:25,2024-10-09 02:18:16,2024-10-09 03:19:43,2024-10-09 04:21:10,2024-10-09 08:05:06,2024-10-09 07:56:06,Shift B,Team 2
ORD-278631,SHP-01438,BLR,SKU-022,2024-09-11 01:23:32,2024-09-11 03:23:57,2024-09-11 05:18:30,2024-09-11 07:13:03,2024-09-11 08:54:49,2024-09-11 08:32:49,Shift C,Team 2
ORD-908646,SHP-01439,DEL,SKU-028,2024-09-11 01:29:21,2024-09-11 03:29:23,2024-09-11 05:53:33,2024-09-11 08:17:44,2024-09-11 09:41:35,2024-09-11 09:41:35,Shift B,Team 2
ORD-905927,SHP-01440,DEL,SKU-023,2024-11-15 00:57:39,2024-11-15 02:36:34,2024-11-15 04:34:45,2024-11-15 06:32:55,2024-11-15 07:59:06,2024-11-15 07:30:06,Shift B,Team 2
ORD-509992,SHP-01441,MUM,SKU-010,2025-01-28 01:02:44,2025-01-28 02:51:12,2025-01-28 04:10:19,2025-01-28 05:29:26,2025-01-28 07:52:55,2025-01-28 07:38:55,Shift A,Team 3
ORD-707900,SHP-01442,BLR,SKU-011,2025-02-11 01:11:13,2025-02-11 02:13:23,2025-02-11 04:38:57,2025-02-11 07:04:32,2025-02-11 07:28:02,2025-02-11 07:15:02,Shift C,Team 3
ORD-640776,SHP-01443,MUM,SKU-020,2025-01-31 01:28:49,2025-01-31 03:02:47,2025-01-31 04:30:33,2025-01-31 05:58:20,2025-01-31 08:17:39,2025-01-31 08:17:39,Shift B,Team 3
ORD-695267,SHP-01444,MUM,SKU-007,2024-11-12 01:10:48,2024-11-12 03:01:39,2024-11-12 04:29:29,2024-11-12 05:57:19,2024-11-12 08:31:00,2024-11-12 08:08:00,Shift C,Team 1
ORD-838242,SHP-01445,BLR,SKU-020,2024-12-30 00:51:21,2024-12-30 02:56:56,2024-12-30 04:44:35,2024-12-30 06:32:14,2024-12-30 07:32:32,2024-12-30 07:19:32,Shift C,Team 2
ORD-429489,SHP-01446,DEL,SKU-014,2024-09-06 00:39:54,2024-09-06 02:22:48,2024-09-06 03:39:24,2024-09-06 04:56:00,2024-09-06 09:15:08,2024-09-06 08:50:08,Shift B,Team 3
ORD-621015,SHP-01447,BLR,SKU-021,2024-11-26 01:24:47,2024-11-26 02:37:38,2024-11-26 04:17:56,2024-11-26 05:58:15,2024-11-26 08:27:48,2024-11-26 08:18:48,Shift B,Team 2
ORD-175542,SHP-01448,BLR,SKU-006,2025-01-20 01:13:04,2025-01-20 03:32:26,2025-01-20 05:55:24,2025-01-20 08:18:22,2025-01-20 08:49:01,2025-01-20 08:19:01,Shift B,Team 2
ORD-963828,SHP-01449,MUM,SKU-029,2024-12-21 00:33:17,2024-12-21 02:34:40,2024-12-21 04:16:45,2024-12-21 05:58:49,2024-12-21 09:00:57,2024-12-21 08:40:57,Shift A,Team 2
ORD-981861,SHP-01450,DEL,SKU-029,2024-09-22 00:45:05,2024-09-22 03:04:05,2024-09-22 04:42:49,2024-09-22 06:21:33,2024-09-22 07:08:16,2024-09-22 06:38:16,Shift C,Team 1
ORD-802466,SHP-01451,MUM,SKU-007,2024-09-28 00:47:53,2024-09-28 02:53:29,2024-09-28 04:28:15,2024-09-28 06:03:02,2024-09-28 09:56:27,2024-09-28 09:44:27,Shift A,Team 3
ORD-506773,SHP-01452,MUM,SKU-016,2025-02-01 00:40:07,2025-02-01 02:53:21,2025-02-01 04:28:06,2025-02-01 06:02:52,2025-02-01 08:33:35,2025-02-01 08:18:35,Shift A,Team 3
ORD-431667,SHP-01453,MUM,SKU-021,2024-12-18 01:26:33,2024-12-18 03:22:00,2024-12-18 04:37:15,2024-12-18 05:52:29,2024-12-18 08:48:43,2024-12-18 14:12:15,Shift C,Team 1
ORD-615825,SHP-01454,MUM,SKU-012,2024-12-14 01:15:14,2024-12-14 03:16:27,2024-12-14 05:28:07,2024-12-14 07:39:47,2024-12-14 09:43:38,2024-12-14 09:27:38,Shift C,Team 3
ORD-264335,SHP-01455,MUM,SKU-018,2024-10-09 01:27:25,2024-10-09 03:23:22,2024-10-09 04:52:31,2024-10-09 06:21:41,2024-10-09 07:41:19,2024-10-09 07:40:19,Shift A,Team 1
ORD-625388,SHP-01456,MUM,SKU-006,2025-02-05 01:21:00,2025-02-05 03:48:45,2025-02-05 05:09:15,2025-02-05 06:29:46,2025-02-05 09:36:23,2025-02-05 09:19:23,Shift B,Team 2
ORD-298275,SHP-01457,BLR,SKU-025,2025-01-27 00:31:39,2025-01-27 02:07:12,2025-01-27 04:13:55,2025-01-27 06:20:37,2025-01-27 08:15:44,2025-01-27 08:11:44,Shift B,Team 3
ORD-236205,SHP-01458,MUM,SKU-015,2025-01-22 01:08:43,2025-01-22 03:19:49,2025-01-22 04:38:08,2025-01-22 05:56:27,2025-01-22 08:48:26,2025-01-22 08:28:26,Shift C,Team 2
ORD-863410,SHP-01459,MUM,SKU-004,2024-09-20 01:28:11,2024-09-20 03:17:46,2024-09-20 04:17:59,2024-09-20 05:18:12,2024-09-20 09:37:47,2024-09-20 09:12:47,Shift A,Team 1
ORD-244959,SHP-01460,MUM,SKU-019,2025-01-15 00:31:40,2025-01-15 02:06:22,2025-01-15 03:14:59,2025-01-15 04:23:36,2025-01-15 07:32:28,2025-01-15 07:28:28,Shift C,Team 2
ORD-580877,SHP-01461,BLR,SKU-005,2024-11-23 00:44:25,2024-11-23 01:53:22,2024-11-23 03:07:02,2024-11-23 04:20:42,2024-11-23 07:35:04,2024-11-23 07:23:04,Shift A,Team 2
ORD-447093,SHP-01462,BLR,SKU-004,2025-01-15 01:08:13,2025-01-15 03:09:56,2025-01-15 05:11:02,2025-01-15 07:12:08,2025-01-15 07:00:52,2025-01-15 06:58:52,Shift A,Team 2
ORD-375232,SHP-01463,DEL,SKU-016,2024-11-18 00:40:04,2024-11-18 01:44:10,2024-11-18 03:06:10,2024-11-18 04:28:09,2024-11-18 09:44:43,2024-11-18 09:43:43,Shift C,Team 3
ORD-234174,SHP-01464,DEL,SKU-001,2024-12-24 01:20:01,2024-12-24 02:36:29,2024-12-24 04:07:46,2024-12-24 05:39:04,2024-12-24 09:32:40,2024-12-24 09:11:40,Shift A,Team 2
ORD-406204,SHP-01465,BLR,SKU-019,2024-09-05 01:16:23,2024-09-05 03:00:07,2024-09-05 04:28:57,2024-09-05 05:57:46,2024-09-05 09:05:32,2024-09-05 08:43:32,Shift B,Team 3
ORD-713584,SHP-01466,MUM,SKU-021,2025-01-14 00:30:20,2025-01-14 01:39:48,2025-01-14 03:32:10,2025-01-14 05:24:32,2025-01-14 09:14:45,2025-01-14 11:48:54,Shift A,Team 3
ORD-461419,SHP-01467,DEL,SKU-016,2024-11-15 00:50:33,2024-11-15 03:16:55,2024-11-15 04:36:02,2024-11-15 05:55:10,2024-11-15 09:49:01,2024-11-15 09:33:01,Shift C,Team 2
ORD-256024,SHP-01468,MUM,SKU-005,2024-09-10 00:44:18,2024-09-10 03:13:30,2024-09-10 05:24:05,2024-09-10 07:34:39,2024-09-10 09:20:03,2024-09-10 08:51:03,Shift A,Team 1
ORD-363692,SHP-01469,MUM,SKU-015,2024-10-17 00:34:21,2024-10-17 01:59:59,2024-10-17 03:44:20,2024-10-17 05:28:41,2024-10-17 07:20:44,2024-10-17 07:00:44,Shift A,Team 1
ORD-931486,SHP-01470,BLR,SKU-006,2025-01-31 00:33:30,2025-01-31 02:37:54,2025-01-31 04:27:37,2025-01-31 06:17:21,2025-01-31 08:26:52,2025-01-31 08:21:52,Shift B,Team 3
ORD-938017,SHP-01471,DEL,SKU-029,2024-11-25 01:24:22,2024-11-25 03:40:18,2024-11-25 04:45:05,2024-11-25 05:49:53,2024-11-25 08:58:13,2024-11-25 08:42:13,Shift B,Team 1
ORD-691101,SHP-01472,DEL,SKU-006,2025-02-11 00:30:34,2025-02-11 02:48:50,2025-02-11 05:12:49,2025-02-11 07:36:47,2025-02-11 08:52:52,2025-02-11 08:49:52,Shift A,Team 3
ORD-765706,SHP-01473,MUM,SKU-012,2024-11-23 00:40:43,2024-11-23 01:59:09,2024-11-23 03:09:21,2024-11-23 04:19:32,2024-11-23 07:02:16,2024-11-23 06:43:16,Shift A,Team 2
ORD-923861,SHP-01474,MUM,SKU-002,2024-12-24 01:22:13,2024-12-24 02:41:32,2024-12-24 04:05:25,2024-12-24 05:29:18,2024-12-24 07:42:01,2024-12-24 07:18:01,Shift A,Team 2
ORD-870643,SHP-01475,MUM,SKU-015,2024-10-29 00:51:01,2024-10-29 02:55:02,2024-10-29 04:29:38,2024-10-29 06:04:13,2024-10-29 08:57:59,2024-10-29 08:52:59,Shift B,Team 1
ORD-256685,SHP-01476,DEL,SKU-007,2024-11-16 00:35:17,2024-11-16 01:45:20,2024-11-16 03:24:38,2024-11-16 05:03:56,2024-11-16 09:10:35,2024-11-16 08:40:35,Shift C,Team 3
ORD-763036,SHP-01477,BLR,SKU-023,2024-10-20 01:24:19,2024-10-20 02:43:40,2024-10-20 05:03:49,2024-10-20 07:23:58,2024-10-20 07:04:46,2024-10-20 07:02:46,Shift A,Team 2
ORD-539611,SHP-01478,MUM,SKU-012,2024-10-15 00:54:03,2024-10-15 02:39:33,2024-10-15 03:49:42,2024-10-15 04:59:52,2024-10-15 09:46:08,2024-10-15 09:23:08,Shift C,Team 3
ORD-104583,SHP-01479,DEL,SKU-022,2024-11-20 01:02:13,2024-11-20 03:08:32,2024-11-20 05:34:18,2024-11-20 08:00:05,2024-11-20 07:57:34,2024-11-20 07:41:34,Shift B,Team 2
ORD-456630,SHP-01480,DEL,SKU-007,2024-09-28 00:53:49,2024-09-28 02:16:54,2024-09-28 03:32:08,2024-09-28 04:47:22,2024-09-28 09:20:20,2024-09-28 09:19:20,Shift C,Team 2
ORD-527703,SHP-01481,DEL,SKU-005,2025-01-29 01:06:53,2025-01-29 02:33:47,2025-01-29 04:17:17,2025-01-29 06:00:47,2025-01-29 09:49:42,2025-01-29 09:22:42,Shift A,Team 3
ORD-623996,SHP-01482,MUM,SKU-023,2025-01-29 00:31:23,2025-01-29 02:56:28,2025-01-29 03:57:33,2025-01-29 04:58:37,2025-01-29 07:13:58,2025-01-29 06:49:58,Shift B,Team 2
ORD-804815,SHP-01483,BLR,SKU-010,2024-10-12 00:34:27,2024-10-12 02:34:16,2024-10-12 03:36:45,2024-10-12 04:39:13,2024-10-12 07:57:33,2024-10-12 07:41:33,Shift B,Team 1
ORD-611871,SHP-01484,MUM,SKU-018,2024-12-27 00:49:11,2024-12-27 02:38:29,2024-12-27 04:15:38,2024-12-27 05:52:48,2024-12-27 07:11:12,2024-12-27 06:55:12,Shift B,Team 1
ORD-164714,SHP-01485,BLR,SKU-019,2024-09-29 00:45:01,2024-09-29 02:25:43,2024-09-29 04:10:00,2024-09-29 05:54:18,2024-09-29 08:40:38,2024-09-29 08:40:38,Shift B,Team 3
ORD-644786,SHP-01486,DEL,SKU-017,2024-09-21 01:09:01,2024-09-21 02:44:22,2024-09-21 04:43:45,2024-09-21 06:43:08,2024-09-21 08:01:09,2024-09-21 07:51:09,Shift A,Team 3
ORD-519752,SHP-01487,DEL,SKU-007,2024-10-11 00:49:39,2024-10-11 03:10:16,2024-10-11 04:17:51,2024-10-11 05:25:26,2024-10-11 08:19:32,2024-10-11 08:00:32,Shift C,Team 2
ORD-959430,SHP-01488,DEL,SKU-009,2025-02-04 01:28:54,2025-02-04 02:50:43,2025-02-04 04:55:59,2025-02-04 07:01:14,2025-02-04 08:41:38,2025-02-04 08:19:38,Shift A,Team 2
ORD-818958,SHP-01489,BLR,SKU-028,2024-09-27 01:02:49,2024-09-27 02:24:05,2024-09-27 03:25:04,2024-09-27 04:26:03,2024-09-27 09:15:15,2024-09-27 09:09:15,Shift A,Team 1
ORD-492717,SHP-01490,BLR,SKU-015,2025-01-16 00:45:20,2025-01-16 02:23:46,2025-01-16 03:41:22,2025-01-16 04:58:57,2025-01-16 07:05:35,2025-01-16 10:52:26,Shift B,Team 3
ORD-580155,SHP-01491,BLR,SKU-005,2025-01-26 00:51:49,2025-01-26 02:07:55,2025-01-26 03:11:39,2025-01-26 04:15:23,2025-01-26 07:11:54,2025-01-26 06:49:54,Shift C,Team 1
ORD-584680,SHP-01492,DEL,SKU-027,2025-01-25 01:19:54,2025-01-25 03:36:56,2025-01-25 05:19:39,2025-01-25 07:02:22,2025-01-25 07:15:58,2025-01-25 07:03:58,Shift A,Team 3
ORD-213051,SHP-01493,DEL,SKU-026,2024-12-28 00:46:17,2024-12-28 02:17:56,2024-12-28 04:31:01,2024-12-28 06:44:05,2024-12-28 08:18:24,2024-12-28 08:06:24,Shift A,Team 1
ORD-989552,SHP-01494,BLR,SKU-012,2025-02-01 01:27:07,2025-02-01 03:23:53,2025-02-01 04:31:57,2025-02-01 05:40:01,2025-02-01 09:21:22,2025-02-01 09:20:22,Shift A,Team 2
ORD-579299,SHP-01495,MUM,SKU-013,2025-02-10 00:56:52,2025-02-10 02:56:17,2025-02-10 03:58:33,2025-02-10 05:00:50,2025-02-10 08:37:44,2025-02-10 08:30:44,Shift B,Team 3
ORD-220067,SHP-01496,DEL,SKU-002,2024-11-14 01:02:32,2024-11-14 03:01:43,2024-11-14 04:12:34,2024-11-14 05:23:25,2024-11-14 07:22:22,2024-11-14 13:05:29,Shift B,Team 1
ORD-780581,SHP-01497,DEL,SKU-006,2024-12-17 00:46:27,2024-12-17 03:08:15,2024-12-17 05:11:08,2024-12-17 07:14:01,2024-12-17 09:05:08,2024-12-17 08:52:08,Shift A,Team 3
ORD-957627,SHP-01498,DEL,SKU-021,2025-02-07 01:24:07,2025-02-07 03:16:43,2025-02-07 04:47:10,2025-02-07 06:17:37,2025-02-07 08:11:50,2025-02-07 07:56:50,Shift A,Team 3
ORD-979838,SHP-01499,MUM,SKU-009,2024-10-19 00:32:20,2024-10-19 01:46:08,2024-10-19 02:54:38,2024-10-19 04:03:09,2024-10-19 07:59:35,2024-10-19 11:09:02,Shift A,Team 3
ORD-496282,SHP-01500,MUM,SKU-008,2024-12-26 01:26:51,2024-12-26 03:35:06,2024-12-26 04:38:43,2024-12-26 05:42:20,2024-12-26 08:59:47,2024-12-26 08:51:47,Shift C,Team 3
